id,nom,departement_code,departement_nom,type_zone,niveau,niveau_label,severity,debut,fin,arrete_numero,detail,date_maj
5723663,Aude amont,66,Pyrénées-Orientales,AEP,vigilance,Vigilance,1,2026-09-11,2026-11-30,DDTM-SER-2026-254-0001,"<b>Eau du robinet</b><br><span style=""background:#fff9bd;color:#333;padding:2px 7px;border-radius:4px;font-weight:bold;font-size:0.85em"">Vigilance</span><br>du 11 sept. 2026 au 30 nov. 2026<br><small>Zone : Aude amont</small>",29 sept. 2026
5723665,Têt amont,66,Pyrénées-Orientales,AEP,vigilance,Vigilance,1,2026-09-11,2026-11-30,DDTM-SER-2026-254-0001,"<b>Eau du robinet</b><br><span style=""background:#fff9bd;color:#333;padding:2px 7px;border-radius:4px;font-weight:bold;font-size:0.85em"">Vigilance</span><br>du 11 sept. 2026 au 30 nov. 2026<br><small>Zone : Têt amont</small>",29 sept. 2026
5723666,Agly aval,66,Pyrénées-Orientales,AEP,vigilance,Vigilance,1,2026-09-11,2026-11-30,DDTM-SER-2026-254-0001,"<b>Eau du robinet</b><br><span style=""background:#fff9bd;color:#333;padding:2px 7px;border-radius:4px;font-weight:bold;font-size:0.85em"">Vigilance</span><br>du 11 sept. 2026 au 30 nov. 2026<br><small>Zone : Agly aval</small>",29 sept. 2026
5723667,Sègre - Carol,66,Pyrénées-Orientales,AEP,vigilance,Vigilance,1,2026-09-11,2026-11-30,DDTM-SER-2026-254-0001,"<b>Eau du robinet</b><br><span style=""background:#fff9bd;color:#333;padding:2px 7px;border-radius:4px;font-weight:bold;font-size:0.85em"">Vigilance</span><br>du 11 sept. 2026 au 30 nov. 2026<br><small>Zone : Sègre - Carol</small>",29 sept. 2026
5723668,Têt aval,66,Pyrénées-Orientales,AEP,vigilance,Vigilance,1,2026-09-11,2026-11-30,DDTM-SER-2026-254-0001,"<b>Eau du robinet</b><br><span style=""background:#fff9bd;color:#333;padding:2px 7px;border-radius:4px;font-weight:bold;font-size:0.85em"">Vigilance</span><br>du 11 sept. 2026 au 30 nov. 2026<br><small>Zone : Têt aval</small>",29 sept. 2026
5724626,Vigilance AEP,77,Seine-et-Marne,AEP,vigilance,Vigilance,1,2026-09-29,,2026/DDT/SEPR/317,"<b>Eau du robinet</b><br><span style=""background:#fff9bd;color:#333;padding:2px 7px;border-radius:4px;font-weight:bold;font-size:0.85em"">Vigilance</span><br>depuis le 29 sept. 2026<br><small>Zone : Vigilance AEP</small>",29 sept. 2026
5721043,Calcaires de Brie et de Champigny - SUP,51,Marne,AEP,vigilance,Vigilance,1,2026-08-29,2026-10-31,60-2026-SEC,"<b>Eau du robinet</b><br><span style=""background:#fff9bd;color:#333;padding:2px 7px;border-radius:4px;font-weight:bold;font-size:0.85em"">Vigilance</span><br>du 29 août 2026 au 31 oct. 2026<br><small>Zone : Calcaires de Brie et de Champigny - SUP</small>",29 sept. 2026
5724641,Zone Sud-Ouest,78,Yvelines,AEP,vigilance,Vigilance,1,2026-09-19,2026-12-31,78-2026-09-18-0005,"<b>Eau du robinet</b><br><span style=""background:#fff9bd;color:#333;padding:2px 7px;border-radius:4px;font-weight:bold;font-size:0.85em"">Vigilance</span><br>du 19 sept. 2026 au 31 déc. 2026<br><small>Zone : Zone Sud-Ouest</small>",29 sept. 2026
5724642,Zone Est,78,Yvelines,AEP,vigilance,Vigilance,1,2026-09-19,2026-12-31,78-2026-09-18-0005,"<b>Eau du robinet</b><br><span style=""background:#fff9bd;color:#333;padding:2px 7px;border-radius:4px;font-weight:bold;font-size:0.85em"">Vigilance</span><br>du 19 sept. 2026 au 31 déc. 2026<br><small>Zone : Zone Est</small>",29 sept. 2026
5723682,nappe du Ried centre Alsace - secteur 4 (Sud Est) - partie dpt 67,67,Bas-Rhin,AEP,vigilance,Vigilance,1,2026-09-09,2026-10-31,9 septembre 2026,"<b>Eau du robinet</b><br><span style=""background:#fff9bd;color:#333;padding:2px 7px;border-radius:4px;font-weight:bold;font-size:0.85em"">Vigilance</span><br>du 9 sept. 2026 au 31 oct. 2026<br><small>Zone : nappe du Ried centre Alsace - secteur 4 (Sud Est) - partie dpt 67</small>",29 sept. 2026
5723686,nappe du Ried centre Alsace - secteur 2 (centre / plateau),67,Bas-Rhin,AEP,vigilance,Vigilance,1,2026-09-09,2026-10-31,9 septembre 2026,"<b>Eau du robinet</b><br><span style=""background:#fff9bd;color:#333;padding:2px 7px;border-radius:4px;font-weight:bold;font-size:0.85em"">Vigilance</span><br>du 9 sept. 2026 au 31 oct. 2026<br><small>Zone : nappe du Ried centre Alsace - secteur 2 (centre / plateau)</small>",29 sept. 2026
5723687,nappe du Ried centre Alsace - secteur 1 (Nord),67,Bas-Rhin,AEP,vigilance,Vigilance,1,2026-09-09,2026-10-31,9 septembre 2026,"<b>Eau du robinet</b><br><span style=""background:#fff9bd;color:#333;padding:2px 7px;border-radius:4px;font-weight:bold;font-size:0.85em"">Vigilance</span><br>du 9 sept. 2026 au 31 oct. 2026<br><small>Zone : nappe du Ried centre Alsace - secteur 1 (Nord)</small>",29 sept. 2026
5717031,Bassin de la Sioule,03,Allier,AEP,vigilance,Vigilance,1,2026-08-29,2026-10-15,2043/2026,"<b>Eau du robinet</b><br><span style=""background:#fff9bd;color:#333;padding:2px 7px;border-radius:4px;font-weight:bold;font-size:0.85em"">Vigilance</span><br>du 29 août 2026 au 15 oct. 2026<br><small>Zone : Bassin de la Sioule</small>",29 sept. 2026
5722759,bassin du Thérain,60,Oise,AEP,vigilance,Vigilance,1,2026-09-15,,DDT60 - 20260915,"<b>Eau du robinet</b><br><span style=""background:#fff9bd;color:#333;padding:2px 7px;border-radius:4px;font-weight:bold;font-size:0.85em"">Vigilance</span><br>depuis le 15 sept. 2026<br><small>Zone : bassin du Thérain</small>",29 sept. 2026
5718066,Corridor Seine,10,Aube,AEP,vigilance,Vigilance,1,2026-09-26,2026-10-31,DDT/SEB/PREMA-2026268-0001,"<b>Eau du robinet</b><br><span style=""background:#fff9bd;color:#333;padding:2px 7px;border-radius:4px;font-weight:bold;font-size:0.85em"">Vigilance</span><br>du 26 sept. 2026 au 31 oct. 2026<br><small>Zone : Corridor Seine</small>",29 sept. 2026
5723699,AEP_Thur,68,Haut-Rhin,AEP,vigilance,Vigilance,1,2026-08-13,2026-11-01,2026-15,"<b>Eau du robinet</b><br><span style=""background:#fff9bd;color:#333;padding:2px 7px;border-radius:4px;font-weight:bold;font-size:0.85em"">Vigilance</span><br>du 13 août 2026 au 1 nov. 2026<br><small>Zone : AEP_Thur</small>",29 sept. 2026
5722757,"bassin de l'Epte, Troesne et Viosne",60,Oise,AEP,vigilance,Vigilance,1,2026-09-15,,DDT60 - 20260915,"<b>Eau du robinet</b><br><span style=""background:#fff9bd;color:#333;padding:2px 7px;border-radius:4px;font-weight:bold;font-size:0.85em"">Vigilance</span><br>depuis le 15 sept. 2026<br><small>Zone : bassin de l'Epte, Troesne et Viosne</small>",29 sept. 2026
5722758,bassin de l'Esches,60,Oise,AEP,vigilance,Vigilance,1,2026-09-15,,DDT60 - 20260915,"<b>Eau du robinet</b><br><span style=""background:#fff9bd;color:#333;padding:2px 7px;border-radius:4px;font-weight:bold;font-size:0.85em"">Vigilance</span><br>depuis le 15 sept. 2026<br><small>Zone : bassin de l'Esches</small>",29 sept. 2026
5723810,Huisne,72,Sarthe,AEP,vigilance,Vigilance,1,2026-09-24,,AP n°13 du 22 09 2026,"<b>Eau du robinet</b><br><span style=""background:#fff9bd;color:#333;padding:2px 7px;border-radius:4px;font-weight:bold;font-size:0.85em"">Vigilance</span><br>depuis le 24 sept. 2026<br><small>Zone : Huisne</small>",29 sept. 2026
5723817,Végre,72,Sarthe,AEP,vigilance,Vigilance,1,2026-09-24,,AP n°13 du 22 09 2026,"<b>Eau du robinet</b><br><span style=""background:#fff9bd;color:#333;padding:2px 7px;border-radius:4px;font-weight:bold;font-size:0.85em"">Vigilance</span><br>depuis le 24 sept. 2026<br><small>Zone : Végre</small>",29 sept. 2026
5724691,SEVT,79,Deux-Sèvres,AEP,vigilance,Vigilance,1,2026-09-12,2026-10-31,20260911_AP_AEP,"<b>Eau du robinet</b><br><span style=""background:#fff9bd;color:#333;padding:2px 7px;border-radius:4px;font-weight:bold;font-size:0.85em"">Vigilance</span><br>du 12 sept. 2026 au 31 oct. 2026<br><small>Zone : SEVT</small>",29 sept. 2026
5724694,SVL,79,Deux-Sèvres,AEP,vigilance,Vigilance,1,2026-09-12,2026-10-31,20260911_AP_AEP,"<b>Eau du robinet</b><br><span style=""background:#fff9bd;color:#333;padding:2px 7px;border-radius:4px;font-weight:bold;font-size:0.85em"">Vigilance</span><br>du 12 sept. 2026 au 31 oct. 2026<br><small>Zone : SVL</small>",29 sept. 2026
5724693,SMEG,79,Deux-Sèvres,AEP,vigilance,Vigilance,1,2026-09-12,2026-10-31,20260911_AP_AEP,"<b>Eau du robinet</b><br><span style=""background:#fff9bd;color:#333;padding:2px 7px;border-radius:4px;font-weight:bold;font-size:0.85em"">Vigilance</span><br>du 12 sept. 2026 au 31 oct. 2026<br><small>Zone : SMEG</small>",29 sept. 2026
5723874,Bassins de la Marne et de la Seine,75,Paris,AEP,vigilance,Vigilance,1,2026-06-25,2026-10-31,75-2026-06-25-00005,"<b>Eau du robinet</b><br><span style=""background:#fff9bd;color:#333;padding:2px 7px;border-radius:4px;font-weight:bold;font-size:0.85em"">Vigilance</span><br>du 25 juin 2026 au 31 oct. 2026<br><small>Zone : Bassins de la Marne et de la Seine</small>",29 sept. 2026
5723813,Loir,72,Sarthe,AEP,vigilance,Vigilance,1,2026-09-24,,AP n°13 du 22 09 2026,"<b>Eau du robinet</b><br><span style=""background:#fff9bd;color:#333;padding:2px 7px;border-radius:4px;font-weight:bold;font-size:0.85em"">Vigilance</span><br>depuis le 24 sept. 2026<br><small>Zone : Loir</small>",29 sept. 2026
5719104,Reste département,31,Haute-Garonne,AEP,vigilance,Vigilance,1,2026-09-26,2026-10-31,Arrêté entrant en vigueur 26/09/2026,"<b>Eau du robinet</b><br><span style=""background:#fff9bd;color:#333;padding:2px 7px;border-radius:4px;font-weight:bold;font-size:0.85em"">Vigilance</span><br>du 26 sept. 2026 au 31 oct. 2026<br><small>Zone : Reste département</small>",29 sept. 2026
5723806,Sarthe aval,72,Sarthe,AEP,vigilance,Vigilance,1,2026-09-24,,AP n°13 du 22 09 2026,"<b>Eau du robinet</b><br><span style=""background:#fff9bd;color:#333;padding:2px 7px;border-radius:4px;font-weight:bold;font-size:0.85em"">Vigilance</span><br>depuis le 24 sept. 2026<br><small>Zone : Sarthe aval</small>",29 sept. 2026
5723811,Braye Anille,72,Sarthe,AEP,vigilance,Vigilance,1,2026-09-24,,AP n°13 du 22 09 2026,"<b>Eau du robinet</b><br><span style=""background:#fff9bd;color:#333;padding:2px 7px;border-radius:4px;font-weight:bold;font-size:0.85em"">Vigilance</span><br>depuis le 24 sept. 2026<br><small>Zone : Braye Anille</small>",29 sept. 2026
5723814,Dué-Narais,72,Sarthe,AEP,vigilance,Vigilance,1,2026-09-24,,AP n°13 du 22 09 2026,"<b>Eau du robinet</b><br><span style=""background:#fff9bd;color:#333;padding:2px 7px;border-radius:4px;font-weight:bold;font-size:0.85em"">Vigilance</span><br>depuis le 24 sept. 2026<br><small>Zone : Dué-Narais</small>",29 sept. 2026
5718879,Ouvèze provençale,26,Drôme,AEP,vigilance,Vigilance,1,2026-07-29,2026-10-31,Nº26-2026-07-27-00004-Ouveze,"<b>Eau du robinet</b><br><span style=""background:#fff9bd;color:#333;padding:2px 7px;border-radius:4px;font-weight:bold;font-size:0.85em"">Vigilance</span><br>du 29 juil. 2026 au 31 oct. 2026<br><small>Zone : Ouvèze provençale</small>",29 sept. 2026
5725050,Charente,87,Haute-Vienne,AEP,vigilance,Vigilance,1,2026-07-10,2026-10-31,2026_03_CR_Bandiat-Tardoire_V_Charente,"<b>Eau du robinet</b><br><span style=""background:#fff9bd;color:#333;padding:2px 7px;border-radius:4px;font-weight:bold;font-size:0.85em"">Vigilance</span><br>du 10 juil. 2026 au 31 oct. 2026<br><small>Zone : Charente</small>",29 sept. 2026
5717096,Bléone,04,Alpes-de-Haute-Provence,AEP,vigilance,Vigilance,1,2026-09-25,2026-10-31,2026-268-007,"<b>Eau du robinet</b><br><span style=""background:#fff9bd;color:#333;padding:2px 7px;border-radius:4px;font-weight:bold;font-size:0.85em"">Vigilance</span><br>du 25 sept. 2026 au 31 oct. 2026<br><small>Zone : Bléone</small>",29 sept. 2026
5717114,Bassin Haute-Romanche,05,Hautes-Alpes,AEP,vigilance,Vigilance,1,2026-09-02,2026-10-31,AP sécheresse  Levée des mesures sécheresse,"<b>Eau du robinet</b><br><span style=""background:#fff9bd;color:#333;padding:2px 7px;border-radius:4px;font-weight:bold;font-size:0.85em"">Vigilance</span><br>du 2 sept. 2026 au 31 oct. 2026<br><small>Zone : Bassin Haute-Romanche</small>",29 sept. 2026
5717101,Verdon aval,04,Alpes-de-Haute-Provence,AEP,vigilance,Vigilance,1,2026-09-25,2026-10-31,2026-268-007,"<b>Eau du robinet</b><br><span style=""background:#fff9bd;color:#333;padding:2px 7px;border-radius:4px;font-weight:bold;font-size:0.85em"">Vigilance</span><br>du 25 sept. 2026 au 31 oct. 2026<br><small>Zone : Verdon aval</small>",29 sept. 2026
5717083,Buëch,04,Alpes-de-Haute-Provence,AEP,vigilance,Vigilance,1,2026-09-25,2026-10-31,2026-268-007,"<b>Eau du robinet</b><br><span style=""background:#fff9bd;color:#333;padding:2px 7px;border-radius:4px;font-weight:bold;font-size:0.85em"">Vigilance</span><br>du 25 sept. 2026 au 31 oct. 2026<br><small>Zone : Buëch</small>",29 sept. 2026
5717084,Blanche,04,Alpes-de-Haute-Provence,AEP,vigilance,Vigilance,1,2026-09-25,2026-10-31,2026-268-007,"<b>Eau du robinet</b><br><span style=""background:#fff9bd;color:#333;padding:2px 7px;border-radius:4px;font-weight:bold;font-size:0.85em"">Vigilance</span><br>du 25 sept. 2026 au 31 oct. 2026<br><small>Zone : Blanche</small>",29 sept. 2026
5717085,Sasse,04,Alpes-de-Haute-Provence,AEP,vigilance,Vigilance,1,2026-09-25,2026-10-31,2026-268-007,"<b>Eau du robinet</b><br><span style=""background:#fff9bd;color:#333;padding:2px 7px;border-radius:4px;font-weight:bold;font-size:0.85em"">Vigilance</span><br>du 25 sept. 2026 au 31 oct. 2026<br><small>Zone : Sasse</small>",29 sept. 2026
5717089,Jabron,04,Alpes-de-Haute-Provence,AEP,vigilance,Vigilance,1,2026-09-25,2026-10-31,2026-268-007,"<b>Eau du robinet</b><br><span style=""background:#fff9bd;color:#333;padding:2px 7px;border-radius:4px;font-weight:bold;font-size:0.85em"">Vigilance</span><br>du 25 sept. 2026 au 31 oct. 2026<br><small>Zone : Jabron</small>",29 sept. 2026
5717094,Var,04,Alpes-de-Haute-Provence,AEP,vigilance,Vigilance,1,2026-09-25,2026-10-31,2026-268-007,"<b>Eau du robinet</b><br><span style=""background:#fff9bd;color:#333;padding:2px 7px;border-radius:4px;font-weight:bold;font-size:0.85em"">Vigilance</span><br>du 25 sept. 2026 au 31 oct. 2026<br><small>Zone : Var</small>",29 sept. 2026
5717095,Ubaye,04,Alpes-de-Haute-Provence,AEP,vigilance,Vigilance,1,2026-09-25,2026-10-31,2026-268-007,"<b>Eau du robinet</b><br><span style=""background:#fff9bd;color:#333;padding:2px 7px;border-radius:4px;font-weight:bold;font-size:0.85em"">Vigilance</span><br>du 25 sept. 2026 au 31 oct. 2026<br><small>Zone : Ubaye</small>",29 sept. 2026
5717100,Durance,04,Alpes-de-Haute-Provence,AEP,vigilance,Vigilance,1,2026-09-25,2026-10-31,2026-268-007,"<b>Eau du robinet</b><br><span style=""background:#fff9bd;color:#333;padding:2px 7px;border-radius:4px;font-weight:bold;font-size:0.85em"">Vigilance</span><br>du 25 sept. 2026 au 31 oct. 2026<br><small>Zone : Durance</small>",29 sept. 2026
5717115,Bassin du Drac-Gapencais,05,Hautes-Alpes,AEP,vigilance,Vigilance,1,2026-09-02,2026-10-31,AP sécheresse  Levée des mesures sécheresse,"<b>Eau du robinet</b><br><span style=""background:#fff9bd;color:#333;padding:2px 7px;border-radius:4px;font-weight:bold;font-size:0.85em"">Vigilance</span><br>du 2 sept. 2026 au 31 oct. 2026<br><small>Zone : Bassin du Drac-Gapencais</small>",29 sept. 2026
5717116,Bassin Meouge partie 05,05,Hautes-Alpes,AEP,vigilance,Vigilance,1,2026-09-02,2026-10-31,AP sécheresse  Levée des mesures sécheresse,"<b>Eau du robinet</b><br><span style=""background:#fff9bd;color:#333;padding:2px 7px;border-radius:4px;font-weight:bold;font-size:0.85em"">Vigilance</span><br>du 2 sept. 2026 au 31 oct. 2026<br><small>Zone : Bassin Meouge partie 05</small>",29 sept. 2026
5717117,Bassin Souloise-Severaisse,05,Hautes-Alpes,AEP,vigilance,Vigilance,1,2026-09-02,2026-10-31,AP sécheresse  Levée des mesures sécheresse,"<b>Eau du robinet</b><br><span style=""background:#fff9bd;color:#333;padding:2px 7px;border-radius:4px;font-weight:bold;font-size:0.85em"">Vigilance</span><br>du 2 sept. 2026 au 31 oct. 2026<br><small>Zone : Bassin Souloise-Severaisse</small>",29 sept. 2026
5717118,Bassin du Buech partie 05,05,Hautes-Alpes,AEP,vigilance,Vigilance,1,2026-09-02,2026-10-31,AP sécheresse  Levée des mesures sécheresse,"<b>Eau du robinet</b><br><span style=""background:#fff9bd;color:#333;padding:2px 7px;border-radius:4px;font-weight:bold;font-size:0.85em"">Vigilance</span><br>du 2 sept. 2026 au 31 oct. 2026<br><small>Zone : Bassin du Buech partie 05</small>",29 sept. 2026
5723896,SAANE - VIENNE - SCIE - VARENNE - ARQUES,76,Seine-Maritime,AEP,vigilance,Vigilance,1,2026-06-04,2026-12-31,76_20260604_Toutes_zones_Vigilance_ESU_ESO,"<b>Eau du robinet</b><br><span style=""background:#fff9bd;color:#333;padding:2px 7px;border-radius:4px;font-weight:bold;font-size:0.85em"">Vigilance</span><br>du 4 juin 2026 au 31 déc. 2026<br><small>Zone : SAANE - VIENNE - SCIE - VARENNE - ARQUES</small>",29 sept. 2026
5717128,Var central,06,Alpes-Maritimes,AEP,vigilance,Vigilance,1,2026-08-14,2026-10-31,AP-2026-110,"<b>Eau du robinet</b><br><span style=""background:#fff9bd;color:#333;padding:2px 7px;border-radius:4px;font-weight:bold;font-size:0.85em"">Vigilance</span><br>du 14 août 2026 au 31 oct. 2026<br><small>Zone : Var central</small>",29 sept. 2026
5717164,Var amont,06,Alpes-Maritimes,AEP,vigilance,Vigilance,1,2026-08-14,2026-10-31,AP-2026-110,"<b>Eau du robinet</b><br><span style=""background:#fff9bd;color:#333;padding:2px 7px;border-radius:4px;font-weight:bold;font-size:0.85em"">Vigilance</span><br>du 14 août 2026 au 31 oct. 2026<br><small>Zone : Var amont</small>",29 sept. 2026
5724715,BASSIN DE L AUTHIE,80,Somme,AEP,vigilance,Vigilance,1,2026-08-21,,Vigi-Authie-Nièvre_Alerte-TsSecteurs_AR-Maye,"<b>Eau du robinet</b><br><span style=""background:#fff9bd;color:#333;padding:2px 7px;border-radius:4px;font-weight:bold;font-size:0.85em"">Vigilance</span><br>depuis le 21 août 2026<br><small>Zone : BASSIN DE L AUTHIE</small>",29 sept. 2026
5723901,ANDELLE HORS ZONE 10 BRAY,76,Seine-Maritime,AEP,vigilance,Vigilance,1,2026-06-04,2026-12-31,76_20260604_Toutes_zones_Vigilance_ESU_ESO,"<b>Eau du robinet</b><br><span style=""background:#fff9bd;color:#333;padding:2px 7px;border-radius:4px;font-weight:bold;font-size:0.85em"">Vigilance</span><br>du 4 juin 2026 au 31 déc. 2026<br><small>Zone : ANDELLE HORS ZONE 10 BRAY</small>",29 sept. 2026
5724720,BASSIN DE LA NIEVRE-HALLUE,80,Somme,AEP,vigilance,Vigilance,1,2026-08-21,,Vigi-Authie-Nièvre_Alerte-TsSecteurs_AR-Maye,"<b>Eau du robinet</b><br><span style=""background:#fff9bd;color:#333;padding:2px 7px;border-radius:4px;font-weight:bold;font-size:0.85em"">Vigilance</span><br>depuis le 21 août 2026<br><small>Zone : BASSIN DE LA NIEVRE-HALLUE</small>",29 sept. 2026
5724730,BASSIN DE L AUTHIE,80,Somme,AEP,vigilance,Vigilance,1,2026-08-21,,Vigi-Authie-Nièvre_Alerte-TsSecteurs_AR-Maye,"<b>Eau du robinet</b><br><span style=""background:#fff9bd;color:#333;padding:2px 7px;border-radius:4px;font-weight:bold;font-size:0.85em"">Vigilance</span><br>depuis le 21 août 2026<br><small>Zone : BASSIN DE L AUTHIE</small>",29 sept. 2026
5718263,Secteur Dives Amont - ESU,14,Calvados,AEP,vigilance,Vigilance,1,2026-09-11,2026-10-31,2026_06,"<b>Eau du robinet</b><br><span style=""background:#fff9bd;color:#333;padding:2px 7px;border-radius:4px;font-weight:bold;font-size:0.85em"">Vigilance</span><br>du 11 sept. 2026 au 31 oct. 2026<br><small>Zone : Secteur Dives Amont - ESU</small>",29 sept. 2026
5718264,Secteur Dives Aval - ESU,14,Calvados,AEP,vigilance,Vigilance,1,2026-09-11,2026-10-31,2026_06,"<b>Eau du robinet</b><br><span style=""background:#fff9bd;color:#333;padding:2px 7px;border-radius:4px;font-weight:bold;font-size:0.85em"">Vigilance</span><br>du 11 sept. 2026 au 31 oct. 2026<br><small>Zone : Secteur Dives Aval - ESU</small>",29 sept. 2026
5716251,Automne,02,Aisne,AEP,vigilance,Vigilance,1,2026-08-26,,ENV/PE/2026/046,"<b>Eau du robinet</b><br><span style=""background:#fff9bd;color:#333;padding:2px 7px;border-radius:4px;font-weight:bold;font-size:0.85em"">Vigilance</span><br>depuis le 26 août 2026<br><small>Zone : Automne</small>",29 sept. 2026
5724724,BASSIN DE LA NIEVRE-HALLUE,80,Somme,AEP,vigilance,Vigilance,1,2026-08-21,,Vigi-Authie-Nièvre_Alerte-TsSecteurs_AR-Maye,"<b>Eau du robinet</b><br><span style=""background:#fff9bd;color:#333;padding:2px 7px;border-radius:4px;font-weight:bold;font-size:0.85em"">Vigilance</span><br>depuis le 21 août 2026<br><small>Zone : BASSIN DE LA NIEVRE-HALLUE</small>",29 sept. 2026
5723918,EPTE HORS ZONE 10 BRAY,76,Seine-Maritime,AEP,vigilance,Vigilance,1,2026-06-04,2026-12-31,76_20260604_Toutes_zones_Vigilance_ESU_ESO,"<b>Eau du robinet</b><br><span style=""background:#fff9bd;color:#333;padding:2px 7px;border-radius:4px;font-weight:bold;font-size:0.85em"">Vigilance</span><br>du 4 juin 2026 au 31 déc. 2026<br><small>Zone : EPTE HORS ZONE 10 BRAY</small>",29 sept. 2026
5725104,Zone de gestion Seine,89,Yonne,AEP,vigilance,Vigilance,1,2026-09-04,2026-12-31,DDT/SEE/2026/0072,"<b>Eau du robinet</b><br><span style=""background:#fff9bd;color:#333;padding:2px 7px;border-radius:4px;font-weight:bold;font-size:0.85em"">Vigilance</span><br>du 4 sept. 2026 au 31 déc. 2026<br><small>Zone : Zone de gestion Seine</small>",29 sept. 2026
5717150,Var aval,06,Alpes-Maritimes,AEP,vigilance,Vigilance,1,2026-08-14,2026-10-31,AP-2026-110,"<b>Eau du robinet</b><br><span style=""background:#fff9bd;color:#333;padding:2px 7px;border-radius:4px;font-weight:bold;font-size:0.85em"">Vigilance</span><br>du 14 août 2026 au 31 oct. 2026<br><small>Zone : Var aval</small>",29 sept. 2026
5716333,Somme souterraine,02,Aisne,AEP,vigilance,Vigilance,1,2026-08-26,,ENV/PE/2026/046,"<b>Eau du robinet</b><br><span style=""background:#fff9bd;color:#333;padding:2px 7px;border-radius:4px;font-weight:bold;font-size:0.85em"">Vigilance</span><br>depuis le 26 août 2026<br><small>Zone : Somme souterraine</small>",29 sept. 2026
5718918,ANDELLE,27,Eure,AEP,vigilance,Vigilance,1,2026-09-14,2026-11-30,DDTM/SEBF/2026-283,"<b>Eau du robinet</b><br><span style=""background:#fff9bd;color:#333;padding:2px 7px;border-radius:4px;font-weight:bold;font-size:0.85em"">Vigilance</span><br>du 14 sept. 2026 au 30 nov. 2026<br><small>Zone : ANDELLE</small>",29 sept. 2026
5718919,OISON,27,Eure,AEP,vigilance,Vigilance,1,2026-09-14,2026-11-30,DDTM/SEBF/2026-283,"<b>Eau du robinet</b><br><span style=""background:#fff9bd;color:#333;padding:2px 7px;border-radius:4px;font-weight:bold;font-size:0.85em"">Vigilance</span><br>du 14 sept. 2026 au 30 nov. 2026<br><small>Zone : OISON</small>",29 sept. 2026
5718921,CALONNE,27,Eure,AEP,vigilance,Vigilance,1,2026-09-14,2026-11-30,DDTM/SEBF/2026-283,"<b>Eau du robinet</b><br><span style=""background:#fff9bd;color:#333;padding:2px 7px;border-radius:4px;font-weight:bold;font-size:0.85em"">Vigilance</span><br>du 14 sept. 2026 au 30 nov. 2026<br><small>Zone : CALONNE</small>",29 sept. 2026
5718922,AVRE MOYEN,27,Eure,AEP,vigilance,Vigilance,1,2026-09-14,2026-11-30,DDTM/SEBF/2026-283,"<b>Eau du robinet</b><br><span style=""background:#fff9bd;color:#333;padding:2px 7px;border-radius:4px;font-weight:bold;font-size:0.85em"">Vigilance</span><br>du 14 sept. 2026 au 30 nov. 2026<br><small>Zone : AVRE MOYEN</small>",29 sept. 2026
5718923,EURE MOYENNE,27,Eure,AEP,vigilance,Vigilance,1,2026-09-14,2026-11-30,DDTM/SEBF/2026-283,"<b>Eau du robinet</b><br><span style=""background:#fff9bd;color:#333;padding:2px 7px;border-radius:4px;font-weight:bold;font-size:0.85em"">Vigilance</span><br>du 14 sept. 2026 au 30 nov. 2026<br><small>Zone : EURE MOYENNE</small>",29 sept. 2026
5718925,EPTE,27,Eure,AEP,vigilance,Vigilance,1,2026-09-14,2026-11-30,DDTM/SEBF/2026-283,"<b>Eau du robinet</b><br><span style=""background:#fff9bd;color:#333;padding:2px 7px;border-radius:4px;font-weight:bold;font-size:0.85em"">Vigilance</span><br>du 14 sept. 2026 au 30 nov. 2026<br><small>Zone : EPTE</small>",29 sept. 2026
5718926,RISLE AVAL,27,Eure,AEP,vigilance,Vigilance,1,2026-09-14,2026-11-30,DDTM/SEBF/2026-283,"<b>Eau du robinet</b><br><span style=""background:#fff9bd;color:#333;padding:2px 7px;border-radius:4px;font-weight:bold;font-size:0.85em"">Vigilance</span><br>du 14 sept. 2026 au 30 nov. 2026<br><small>Zone : RISLE AVAL</small>",29 sept. 2026
5718929,AVRE AVAL,27,Eure,AEP,vigilance,Vigilance,1,2026-09-14,2026-11-30,DDTM/SEBF/2026-283,"<b>Eau du robinet</b><br><span style=""background:#fff9bd;color:#333;padding:2px 7px;border-radius:4px;font-weight:bold;font-size:0.85em"">Vigilance</span><br>du 14 sept. 2026 au 30 nov. 2026<br><small>Zone : AVRE AVAL</small>",29 sept. 2026
5718931,EURE AVAL,27,Eure,AEP,vigilance,Vigilance,1,2026-09-14,2026-11-30,DDTM/SEBF/2026-283,"<b>Eau du robinet</b><br><span style=""background:#fff9bd;color:#333;padding:2px 7px;border-radius:4px;font-weight:bold;font-size:0.85em"">Vigilance</span><br>du 14 sept. 2026 au 30 nov. 2026<br><small>Zone : EURE AVAL</small>",29 sept. 2026
5718932,MARAIS VERNIER,27,Eure,AEP,vigilance,Vigilance,1,2026-09-14,2026-11-30,DDTM/SEBF/2026-283,"<b>Eau du robinet</b><br><span style=""background:#fff9bd;color:#333;padding:2px 7px;border-radius:4px;font-weight:bold;font-size:0.85em"">Vigilance</span><br>du 14 sept. 2026 au 30 nov. 2026<br><small>Zone : MARAIS VERNIER</small>",29 sept. 2026
5719153,Forage,32,Gers,AEP,vigilance,Vigilance,1,2026-09-12,2026-10-31,32-2026-09-11-00004_AEP,"<b>Eau du robinet</b><br><span style=""background:#fff9bd;color:#333;padding:2px 7px;border-radius:4px;font-weight:bold;font-size:0.85em"">Vigilance</span><br>du 12 sept. 2026 au 31 oct. 2026<br><small>Zone : Forage</small>",29 sept. 2026
5716383,Serre souterraine,02,Aisne,AEP,vigilance,Vigilance,1,2026-08-26,,ENV/PE/2026/046,"<b>Eau du robinet</b><br><span style=""background:#fff9bd;color:#333;padding:2px 7px;border-radius:4px;font-weight:bold;font-size:0.85em"">Vigilance</span><br>depuis le 26 août 2026<br><small>Zone : Serre souterraine</small>",29 sept. 2026
5722959,bassin du Matz,60,Oise,AEP,vigilance,Vigilance,1,2026-09-15,,DDT60 - 20260915,"<b>Eau du robinet</b><br><span style=""background:#fff9bd;color:#333;padding:2px 7px;border-radius:4px;font-weight:bold;font-size:0.85em"">Vigilance</span><br>depuis le 15 sept. 2026<br><small>Zone : bassin du Matz</small>",29 sept. 2026
5719151,barousse,32,Gers,AEP,vigilance,Vigilance,1,2026-09-12,2026-10-31,32-2026-09-11-00004_AEP,"<b>Eau du robinet</b><br><span style=""background:#fff9bd;color:#333;padding:2px 7px;border-radius:4px;font-weight:bold;font-size:0.85em"">Vigilance</span><br>du 12 sept. 2026 au 31 oct. 2026<br><small>Zone : barousse</small>",29 sept. 2026
5723998,ETRETAT - YPORT - POINTE DE CAUX - CAUX SEINE - COMMERCE - EMBOUCHURE SEINE,76,Seine-Maritime,AEP,vigilance,Vigilance,1,2026-06-04,2026-12-31,76_20260604_Toutes_zones_Vigilance_ESU_ESO,"<b>Eau du robinet</b><br><span style=""background:#fff9bd;color:#333;padding:2px 7px;border-radius:4px;font-weight:bold;font-size:0.85em"">Vigilance</span><br>du 4 juin 2026 au 31 déc. 2026<br><small>Zone : ETRETAT - YPORT - POINTE DE CAUX - CAUX SEINE - COMMERCE - EMBOUCHURE SEINE</small>",29 sept. 2026
5718237,Touloubre aval,13,Bouches-du-Rhône,AEP,vigilance,Vigilance,1,2026-09-25,2026-10-15,2026-535-SE,"<b>Eau du robinet</b><br><span style=""background:#fff9bd;color:#333;padding:2px 7px;border-radius:4px;font-weight:bold;font-size:0.85em"">Vigilance</span><br>du 25 sept. 2026 au 15 oct. 2026<br><small>Zone : Touloubre aval</small>",29 sept. 2026
5718239,Touloubre amont,13,Bouches-du-Rhône,AEP,vigilance,Vigilance,1,2026-09-25,2026-10-15,2026-535-SE,"<b>Eau du robinet</b><br><span style=""background:#fff9bd;color:#333;padding:2px 7px;border-radius:4px;font-weight:bold;font-size:0.85em"">Vigilance</span><br>du 25 sept. 2026 au 15 oct. 2026<br><small>Zone : Touloubre amont</small>",29 sept. 2026
5718240,Crau Alpilles,13,Bouches-du-Rhône,AEP,vigilance,Vigilance,1,2026-09-25,2026-10-15,2026-535-SE,"<b>Eau du robinet</b><br><span style=""background:#fff9bd;color:#333;padding:2px 7px;border-radius:4px;font-weight:bold;font-size:0.85em"">Vigilance</span><br>du 25 sept. 2026 au 15 oct. 2026<br><small>Zone : Crau Alpilles</small>",29 sept. 2026
5718241,Durance,13,Bouches-du-Rhône,AEP,vigilance,Vigilance,1,2026-09-25,2026-10-15,2026-535-SE,"<b>Eau du robinet</b><br><span style=""background:#fff9bd;color:#333;padding:2px 7px;border-radius:4px;font-weight:bold;font-size:0.85em"">Vigilance</span><br>du 25 sept. 2026 au 15 oct. 2026<br><small>Zone : Durance</small>",29 sept. 2026
5718243,Crau,13,Bouches-du-Rhône,AEP,vigilance,Vigilance,1,2026-09-25,2026-10-15,2026-535-SE,"<b>Eau du robinet</b><br><span style=""background:#fff9bd;color:#333;padding:2px 7px;border-radius:4px;font-weight:bold;font-size:0.85em"">Vigilance</span><br>du 25 sept. 2026 au 15 oct. 2026<br><small>Zone : Crau</small>",29 sept. 2026
5718245,Rhône Camargue,13,Bouches-du-Rhône,AEP,vigilance,Vigilance,1,2026-09-25,2026-10-15,2026-535-SE,"<b>Eau du robinet</b><br><span style=""background:#fff9bd;color:#333;padding:2px 7px;border-radius:4px;font-weight:bold;font-size:0.85em"">Vigilance</span><br>du 25 sept. 2026 au 15 oct. 2026<br><small>Zone : Rhône Camargue</small>",29 sept. 2026
5718246,Littoral,13,Bouches-du-Rhône,AEP,vigilance,Vigilance,1,2026-09-25,2026-10-15,2026-535-SE,"<b>Eau du robinet</b><br><span style=""background:#fff9bd;color:#333;padding:2px 7px;border-radius:4px;font-weight:bold;font-size:0.85em"">Vigilance</span><br>du 25 sept. 2026 au 15 oct. 2026<br><small>Zone : Littoral</small>",29 sept. 2026
5724024,AUSTRBERTHE - VAL DES NOYERS - VALLEE DE LA SEINE,76,Seine-Maritime,AEP,vigilance,Vigilance,1,2026-06-04,2026-12-31,76_20260604_Toutes_zones_Vigilance_ESU_ESO,"<b>Eau du robinet</b><br><span style=""background:#fff9bd;color:#333;padding:2px 7px;border-radius:4px;font-weight:bold;font-size:0.85em"">Vigilance</span><br>du 4 juin 2026 au 31 déc. 2026<br><small>Zone : AUSTRBERTHE - VAL DES NOYERS - VALLEE DE LA SEINE</small>",29 sept. 2026
5718964,DROUETTE,28,Eure-et-Loir,AEP,vigilance,Vigilance,1,2026-09-21,,AP_SGREB_2026_255_restrictions_usages_eau,"<b>Eau du robinet</b><br><span style=""background:#fff9bd;color:#333;padding:2px 7px;border-radius:4px;font-weight:bold;font-size:0.85em"">Vigilance</span><br>depuis le 21 sept. 2026<br><small>Zone : DROUETTE</small>",29 sept. 2026
5718969,AVRE Moyen,28,Eure-et-Loir,AEP,vigilance,Vigilance,1,2026-09-21,,AP_SGREB_2026_255_restrictions_usages_eau,"<b>Eau du robinet</b><br><span style=""background:#fff9bd;color:#333;padding:2px 7px;border-radius:4px;font-weight:bold;font-size:0.85em"">Vigilance</span><br>depuis le 21 sept. 2026<br><small>Zone : AVRE Moyen</small>",29 sept. 2026
5718971,AVRE Aval,28,Eure-et-Loir,AEP,vigilance,Vigilance,1,2026-09-21,,AP_SGREB_2026_255_restrictions_usages_eau,"<b>Eau du robinet</b><br><span style=""background:#fff9bd;color:#333;padding:2px 7px;border-radius:4px;font-weight:bold;font-size:0.85em"">Vigilance</span><br>depuis le 21 sept. 2026<br><small>Zone : AVRE Aval</small>",29 sept. 2026
5724946,Bassin de la Meyne,84,Vaucluse,AEP,vigilance,Vigilance,1,2026-09-24,2026-10-31,AP 23 SEPT 2026 VAUCLUSE,"<b>Eau du robinet</b><br><span style=""background:#fff9bd;color:#333;padding:2px 7px;border-radius:4px;font-weight:bold;font-size:0.85em"">Vigilance</span><br>du 24 sept. 2026 au 31 oct. 2026<br><small>Zone : Bassin de la Meyne</small>",29 sept. 2026
5724947,Bassin du Rhône,84,Vaucluse,AEP,vigilance,Vigilance,1,2026-09-24,2026-10-31,AP 23 SEPT 2026 VAUCLUSE,"<b>Eau du robinet</b><br><span style=""background:#fff9bd;color:#333;padding:2px 7px;border-radius:4px;font-weight:bold;font-size:0.85em"">Vigilance</span><br>du 24 sept. 2026 au 31 oct. 2026<br><small>Zone : Bassin du Rhône</small>",29 sept. 2026
5724955,Bassin de l'Ouvèze provençale,84,Vaucluse,AEP,vigilance,Vigilance,1,2026-07-28,2026-10-31,AIP-28 juillet 2026  VIGILANCE OUVEZE PROVENCAL,"<b>Eau du robinet</b><br><span style=""background:#fff9bd;color:#333;padding:2px 7px;border-radius:4px;font-weight:bold;font-size:0.85em"">Vigilance</span><br>du 28 juil. 2026 au 31 oct. 2026<br><small>Zone : Bassin de l'Ouvèze provençale</small>",29 sept. 2026
5719181,Zone AEP départementale,33,Gironde,AEP,vigilance,Vigilance,1,2026-06-24,,SEN/2026/06/23-650,"<b>Eau du robinet</b><br><span style=""background:#fff9bd;color:#333;padding:2px 7px;border-radius:4px;font-weight:bold;font-size:0.85em"">Vigilance</span><br>depuis le 24 juin 2026<br><small>Zone : Zone AEP départementale</small>",29 sept. 2026
5723075,bassin de la Nonette et Thève,60,Oise,AEP,vigilance,Vigilance,1,2026-09-15,,DDT60 - 20260915,"<b>Eau du robinet</b><br><span style=""background:#fff9bd;color:#333;padding:2px 7px;border-radius:4px;font-weight:bold;font-size:0.85em"">Vigilance</span><br>depuis le 15 sept. 2026<br><small>Zone : bassin de la Nonette et Thève</small>",29 sept. 2026
5719224,Bassin versant de la Lergue,34,Hérault,AEP,vigilance,Vigilance,1,2026-09-24,2026-10-31,DDTM34-2026-09-17516,"<b>Eau du robinet</b><br><span style=""background:#fff9bd;color:#333;padding:2px 7px;border-radius:4px;font-weight:bold;font-size:0.85em"">Vigilance</span><br>du 24 sept. 2026 au 31 oct. 2026<br><small>Zone : Bassin versant de la Lergue</small>",29 sept. 2026
5719227,Zone karstique centre Hérault - Orb,34,Hérault,AEP,vigilance,Vigilance,1,2026-09-24,2026-10-31,DDTM34-2026-09-17516,"<b>Eau du robinet</b><br><span style=""background:#fff9bd;color:#333;padding:2px 7px;border-radius:4px;font-weight:bold;font-size:0.85em"">Vigilance</span><br>du 24 sept. 2026 au 31 oct. 2026<br><small>Zone : Zone karstique centre Hérault - Orb</small>",29 sept. 2026
5719237,Bassin versant de l’Hérault aval de la confluence avec la Lergue jusqu’à l’embouchure,34,Hérault,AEP,vigilance,Vigilance,1,2026-09-24,2026-10-31,DDTM34-2026-09-17516,"<b>Eau du robinet</b><br><span style=""background:#fff9bd;color:#333;padding:2px 7px;border-radius:4px;font-weight:bold;font-size:0.85em"">Vigilance</span><br>du 24 sept. 2026 au 31 oct. 2026<br><small>Zone : Bassin versant de l’Hérault aval de la confluence avec la Lergue jusqu’à l’embouchure</small>",29 sept. 2026
5724909,Huveaune amont,83,Var,AEP,vigilance,Vigilance,1,2026-06-30,,DDTM/SEBIO/2026-134,"<b>Eau du robinet</b><br><span style=""background:#fff9bd;color:#333;padding:2px 7px;border-radius:4px;font-weight:bold;font-size:0.85em"">Vigilance</span><br>depuis le 30 juin 2026<br><small>Zone : Huveaune amont</small>",29 sept. 2026
5724910,Durance,83,Var,AEP,vigilance,Vigilance,1,2026-06-30,,DDTM/SEBIO/2026-134,"<b>Eau du robinet</b><br><span style=""background:#fff9bd;color:#333;padding:2px 7px;border-radius:4px;font-weight:bold;font-size:0.85em"">Vigilance</span><br>depuis le 30 juin 2026<br><small>Zone : Durance</small>",29 sept. 2026
5724911,Fleuves côtiers Ouest,83,Var,AEP,vigilance,Vigilance,1,2026-06-30,,DDTM/SEBIO/2026-134,"<b>Eau du robinet</b><br><span style=""background:#fff9bd;color:#333;padding:2px 7px;border-radius:4px;font-weight:bold;font-size:0.85em"">Vigilance</span><br>depuis le 30 juin 2026<br><small>Zone : Fleuves côtiers Ouest</small>",29 sept. 2026
5724912,Verdon,83,Var,AEP,vigilance,Vigilance,1,2026-06-30,,DDTM/SEBIO/2026-134,"<b>Eau du robinet</b><br><span style=""background:#fff9bd;color:#333;padding:2px 7px;border-radius:4px;font-weight:bold;font-size:0.85em"">Vigilance</span><br>depuis le 30 juin 2026<br><small>Zone : Verdon</small>",29 sept. 2026
5724913,Nappe basse vallée de l'Argens,83,Var,AEP,vigilance,Vigilance,1,2026-06-30,,DDTM/SEBIO/2026-134,"<b>Eau du robinet</b><br><span style=""background:#fff9bd;color:#333;padding:2px 7px;border-radius:4px;font-weight:bold;font-size:0.85em"">Vigilance</span><br>depuis le 30 juin 2026<br><small>Zone : Nappe basse vallée de l'Argens</small>",29 sept. 2026
5724914,Nappe Giscle-Môle,83,Var,AEP,vigilance,Vigilance,1,2026-06-30,,DDTM/SEBIO/2026-134,"<b>Eau du robinet</b><br><span style=""background:#fff9bd;color:#333;padding:2px 7px;border-radius:4px;font-weight:bold;font-size:0.85em"">Vigilance</span><br>depuis le 30 juin 2026<br><small>Zone : Nappe Giscle-Môle</small>",29 sept. 2026
5725287,2026-nnn_essonne-ecole+12+28_aep,91,Essonne,AEP,vigilance,Vigilance,1,2026-08-08,2026-10-31,2026-324_essonne-ecole+12+28_aep_vg_ph1,"<b>Eau du robinet</b><br><span style=""background:#fff9bd;color:#333;padding:2px 7px;border-radius:4px;font-weight:bold;font-size:0.85em"">Vigilance</span><br>du 8 août 2026 au 31 oct. 2026<br><small>Zone : 2026-nnn_essonne-ecole+12+28_aep</small>",29 sept. 2026
5725300,2026-nnn_ziap_aep,91,Essonne,AEP,vigilance,Vigilance,1,2026-07-02,2026-10-31,2026-253_ziap_aep_vg_ph1,"<b>Eau du robinet</b><br><span style=""background:#fff9bd;color:#333;padding:2px 7px;border-radius:4px;font-weight:bold;font-size:0.85em"">Vigilance</span><br>du 2 juil. 2026 au 31 oct. 2026<br><small>Zone : 2026-nnn_ziap_aep</small>",29 sept. 2026
5720595,Autre zone départementale,40,Landes,AEP,vigilance,Vigilance,1,2026-08-29,2026-10-31,AP AEP Landes 2026-1135,"<b>Eau du robinet</b><br><span style=""background:#fff9bd;color:#333;padding:2px 7px;border-radius:4px;font-weight:bold;font-size:0.85em"">Vigilance</span><br>du 29 août 2026 au 31 oct. 2026<br><small>Zone : Autre zone départementale</small>",29 sept. 2026
5720594,SM EMMA,40,Landes,AEP,vigilance,Vigilance,1,2026-08-29,2026-10-31,AP AEP Landes 2026-1135,"<b>Eau du robinet</b><br><span style=""background:#fff9bd;color:#333;padding:2px 7px;border-radius:4px;font-weight:bold;font-size:0.85em"">Vigilance</span><br>du 29 août 2026 au 31 oct. 2026<br><small>Zone : SM EMMA</small>",29 sept. 2026
5724202,CAILLY - AUBETTE - ROBEC - VALLEE DE LA SEINE,76,Seine-Maritime,AEP,vigilance,Vigilance,1,2026-06-04,2026-12-31,76_20260604_Toutes_zones_Vigilance_ESU_ESO,"<b>Eau du robinet</b><br><span style=""background:#fff9bd;color:#333;padding:2px 7px;border-radius:4px;font-weight:bold;font-size:0.85em"">Vigilance</span><br>du 4 juin 2026 au 31 déc. 2026<br><small>Zone : CAILLY - AUBETTE - ROBEC - VALLEE DE LA SEINE</small>",29 sept. 2026
5725308,Bassins de la Marne et de la Seine,92,Hauts-de-Seine,AEP,vigilance,Vigilance,1,2026-06-24,2026-10-31,2026-262,"<b>Eau du robinet</b><br><span style=""background:#fff9bd;color:#333;padding:2px 7px;border-radius:4px;font-weight:bold;font-size:0.85em"">Vigilance</span><br>du 24 juin 2026 au 31 oct. 2026<br><small>Zone : Bassins de la Marne et de la Seine</small>",29 sept. 2026
5725381,Bassins de la Marne et de la Seine,93,Seine-Saint-Denis,AEP,vigilance,Vigilance,1,2026-06-25,2026-10-31,2026-2734,"<b>Eau du robinet</b><br><span style=""background:#fff9bd;color:#333;padding:2px 7px;border-radius:4px;font-weight:bold;font-size:0.85em"">Vigilance</span><br>du 25 juin 2026 au 31 oct. 2026<br><small>Zone : Bassins de la Marne et de la Seine</small>",29 sept. 2026
5725463,Bassins de la Marne et de la Seine,94,Val-de-Marne,AEP,vigilance,Vigilance,1,2026-07-06,2026-10-31,2026/02562,"<b>Eau du robinet</b><br><span style=""background:#fff9bd;color:#333;padding:2px 7px;border-radius:4px;font-weight:bold;font-size:0.85em"">Vigilance</span><br>du 6 juil. 2026 au 31 oct. 2026<br><small>Zone : Bassins de la Marne et de la Seine</small>",29 sept. 2026
5719661,Bassin de l'Escotais,37,Indre-et-Loire,AEP,vigilance,Vigilance,1,2026-09-27,2026-10-31,Arrêté du 25 SEPTEMBRE 2026,"<b>Eau du robinet</b><br><span style=""background:#fff9bd;color:#333;padding:2px 7px;border-radius:4px;font-weight:bold;font-size:0.85em"">Vigilance</span><br>du 27 sept. 2026 au 31 oct. 2026<br><small>Zone : Bassin de l'Escotais</small>",29 sept. 2026
5720632,Bassin du Loir amont,41,Loir-et-Cher,AEP,vigilance,Vigilance,1,2026-09-25,,41-2026-09-24-00004,"<b>Eau du robinet</b><br><span style=""background:#fff9bd;color:#333;padding:2px 7px;border-radius:4px;font-weight:bold;font-size:0.85em"">Vigilance</span><br>depuis le 25 sept. 2026<br><small>Zone : Bassin du Loir amont</small>",29 sept. 2026
5720634,Aflluents Loire aval,41,Loir-et-Cher,AEP,vigilance,Vigilance,1,2026-09-25,,41-2026-09-24-00004,"<b>Eau du robinet</b><br><span style=""background:#fff9bd;color:#333;padding:2px 7px;border-radius:4px;font-weight:bold;font-size:0.85em"">Vigilance</span><br>depuis le 25 sept. 2026<br><small>Zone : Aflluents Loire aval</small>",29 sept. 2026
5720636,Bassin de l'Aigre,41,Loir-et-Cher,AEP,vigilance,Vigilance,1,2026-09-25,,41-2026-09-24-00004,"<b>Eau du robinet</b><br><span style=""background:#fff9bd;color:#333;padding:2px 7px;border-radius:4px;font-weight:bold;font-size:0.85em"">Vigilance</span><br>depuis le 25 sept. 2026<br><small>Zone : Bassin de l'Aigre</small>",29 sept. 2026
5720637,Bassin du Loir aval,41,Loir-et-Cher,AEP,vigilance,Vigilance,1,2026-09-25,,41-2026-09-24-00004,"<b>Eau du robinet</b><br><span style=""background:#fff9bd;color:#333;padding:2px 7px;border-radius:4px;font-weight:bold;font-size:0.85em"">Vigilance</span><br>depuis le 25 sept. 2026<br><small>Zone : Bassin du Loir aval</small>",29 sept. 2026
5720642,Bassin des Mauves,41,Loir-et-Cher,AEP,vigilance,Vigilance,1,2026-09-25,,41-2026-09-24-00004,"<b>Eau du robinet</b><br><span style=""background:#fff9bd;color:#333;padding:2px 7px;border-radius:4px;font-weight:bold;font-size:0.85em"">Vigilance</span><br>depuis le 25 sept. 2026<br><small>Zone : Bassin des Mauves</small>",29 sept. 2026
5720686,Fleuve Rhône,42,Loire,AEP,vigilance,Vigilance,1,2026-09-14,2026-10-31,DT-42-26-0606,"<b>Eau du robinet</b><br><span style=""background:#fff9bd;color:#333;padding:2px 7px;border-radius:4px;font-weight:bold;font-size:0.85em"">Vigilance</span><br>du 14 sept. 2026 au 31 oct. 2026<br><small>Zone : Fleuve Rhône</small>",29 sept. 2026
5723464,HUISNE,61,Orne,AEP,vigilance,Vigilance,1,2026-09-17,2026-10-31,2350-26-00093,"<b>Eau du robinet</b><br><span style=""background:#fff9bd;color:#333;padding:2px 7px;border-radius:4px;font-weight:bold;font-size:0.85em"">Vigilance</span><br>du 17 sept. 2026 au 31 oct. 2026<br><small>Zone : HUISNE</small>",29 sept. 2026
5723499,Bassin versant de la Canche,62,Pas-de-Calais,AEP,vigilance,Vigilance,1,2026-08-15,2026-10-31,2026-08-14,"<b>Eau du robinet</b><br><span style=""background:#fff9bd;color:#333;padding:2px 7px;border-radius:4px;font-weight:bold;font-size:0.85em"">Vigilance</span><br>du 15 août 2026 au 31 oct. 2026<br><small>Zone : Bassin versant de la Canche</small>",29 sept. 2026
5723504,Bassin versant de l’Authie,62,Pas-de-Calais,AEP,vigilance,Vigilance,1,2026-08-15,2026-10-31,2026-08-14,"<b>Eau du robinet</b><br><span style=""background:#fff9bd;color:#333;padding:2px 7px;border-radius:4px;font-weight:bold;font-size:0.85em"">Vigilance</span><br>du 15 août 2026 au 31 oct. 2026<br><small>Zone : Bassin versant de l’Authie</small>",29 sept. 2026
5720803,Clery,45,Loiret,AEP,vigilance,Vigilance,1,2026-09-23,,DDT-SEEF-2026-210,"<b>Eau du robinet</b><br><span style=""background:#fff9bd;color:#333;padding:2px 7px;border-radius:4px;font-weight:bold;font-size:0.85em"">Vigilance</span><br>depuis le 23 sept. 2026<br><small>Zone : Clery</small>",29 sept. 2026
5720865,Communes_Vigilance,46,Lot,AEP,vigilance,Vigilance,1,2026-08-15,2026-10-31,AP_E_2026_237,"<b>Eau du robinet</b><br><span style=""background:#fff9bd;color:#333;padding:2px 7px;border-radius:4px;font-weight:bold;font-size:0.85em"">Vigilance</span><br>du 15 août 2026 au 31 oct. 2026<br><small>Zone : Communes_Vigilance</small>",29 sept. 2026
5724032,DURDENT - DUN - VEULES - VALMONT - GANZEVILLE,76,Seine-Maritime,AEP,vigilance,Vigilance,1,2026-06-04,2026-12-31,76_20260604_Toutes_zones_Vigilance_ESU_ESO,"<b>Eau du robinet</b><br><span style=""background:#fff9bd;color:#333;padding:2px 7px;border-radius:4px;font-weight:bold;font-size:0.85em"">Vigilance</span><br>du 4 juin 2026 au 31 déc. 2026<br><small>Zone : DURDENT - DUN - VEULES - VALMONT - GANZEVILLE</small>",29 sept. 2026
5719678,Bassin de la Manse,37,Indre-et-Loire,AEP,vigilance,Vigilance,1,2026-09-27,2026-10-31,Arrêté du 25 SEPTEMBRE 2026,"<b>Eau du robinet</b><br><span style=""background:#fff9bd;color:#333;padding:2px 7px;border-radius:4px;font-weight:bold;font-size:0.85em"">Vigilance</span><br>du 27 sept. 2026 au 31 oct. 2026<br><small>Zone : Bassin de la Manse</small>",29 sept. 2026
5719714,Bassin du Loir (Lr1),37,Indre-et-Loire,AEP,vigilance,Vigilance,1,2026-09-27,2026-10-31,Arrêté du 25 SEPTEMBRE 2026,"<b>Eau du robinet</b><br><span style=""background:#fff9bd;color:#333;padding:2px 7px;border-radius:4px;font-weight:bold;font-size:0.85em"">Vigilance</span><br>du 27 sept. 2026 au 31 oct. 2026<br><small>Zone : Bassin du Loir (Lr1)</small>",29 sept. 2026
5719702,Bassin du ruisseau de Gaudeberts,37,Indre-et-Loire,AEP,vigilance,Vigilance,1,2026-09-27,2026-10-31,Arrêté du 25 SEPTEMBRE 2026,"<b>Eau du robinet</b><br><span style=""background:#fff9bd;color:#333;padding:2px 7px;border-radius:4px;font-weight:bold;font-size:0.85em"">Vigilance</span><br>du 27 sept. 2026 au 31 oct. 2026<br><small>Zone : Bassin du ruisseau de Gaudeberts</small>",29 sept. 2026
5719716,Bassin de l'Ardillere,37,Indre-et-Loire,AEP,vigilance,Vigilance,1,2026-09-27,2026-10-31,Arrêté du 25 SEPTEMBRE 2026,"<b>Eau du robinet</b><br><span style=""background:#fff9bd;color:#333;padding:2px 7px;border-radius:4px;font-weight:bold;font-size:0.85em"">Vigilance</span><br>du 27 sept. 2026 au 31 oct. 2026<br><small>Zone : Bassin de l'Ardillere</small>",29 sept. 2026
5719717,Bassin de la Vienne (Vn1),37,Indre-et-Loire,AEP,vigilance,Vigilance,1,2026-09-27,2026-10-31,Arrêté du 25 SEPTEMBRE 2026,"<b>Eau du robinet</b><br><span style=""background:#fff9bd;color:#333;padding:2px 7px;border-radius:4px;font-weight:bold;font-size:0.85em"">Vigilance</span><br>du 27 sept. 2026 au 31 oct. 2026<br><small>Zone : Bassin de la Vienne (Vn1)</small>",29 sept. 2026
5719058,Arre et Vis,30,Gard,AEP,alerte,Alerte,2,2026-08-21,2026-10-31,30-2026-08-21-00001,"<b>Eau du robinet</b><br><span style=""background:orange;color:#fff;padding:2px 7px;border-radius:4px;font-weight:bold;font-size:0.85em"">Alerte</span><br>du 21 août 2026 au 31 oct. 2026<br><small>Zone : Arre et Vis</small>",29 sept. 2026
5724603,ALERTE AEP,77,Seine-et-Marne,AEP,alerte,Alerte,2,2026-09-29,,2026/DDT/SEPR/317,"<b>Eau du robinet</b><br><span style=""background:orange;color:#fff;padding:2px 7px;border-radius:4px;font-weight:bold;font-size:0.85em"">Alerte</span><br>depuis le 29 sept. 2026<br><small>Zone : ALERTE AEP</small>",29 sept. 2026
5723664,Agly amont et affluents,66,Pyrénées-Orientales,AEP,alerte,Alerte,2,2026-09-11,2026-11-30,DDTM-SER-2026-254-0001,"<b>Eau du robinet</b><br><span style=""background:orange;color:#fff;padding:2px 7px;border-radius:4px;font-weight:bold;font-size:0.85em"">Alerte</span><br>du 11 sept. 2026 au 30 nov. 2026<br><small>Zone : Agly amont et affluents</small>",29 sept. 2026
5723670,Côte nord,66,Pyrénées-Orientales,AEP,alerte,Alerte,2,2026-09-11,2026-11-30,DDTM-SER-2026-254-0001,"<b>Eau du robinet</b><br><span style=""background:orange;color:#fff;padding:2px 7px;border-radius:4px;font-weight:bold;font-size:0.85em"">Alerte</span><br>du 11 sept. 2026 au 30 nov. 2026<br><small>Zone : Côte nord</small>",29 sept. 2026
5721035,Brie et Tardenois - SUP,51,Marne,AEP,alerte,Alerte,2,2026-08-29,2026-10-31,60-2026-SEC,"<b>Eau du robinet</b><br><span style=""background:orange;color:#fff;padding:2px 7px;border-radius:4px;font-weight:bold;font-size:0.85em"">Alerte</span><br>du 29 août 2026 au 31 oct. 2026<br><small>Zone : Brie et Tardenois - SUP</small>",29 sept. 2026
5721037,Aube Amont - SUP,51,Marne,AEP,alerte,Alerte,2,2026-08-29,2026-10-31,60-2026-SEC,"<b>Eau du robinet</b><br><span style=""background:orange;color:#fff;padding:2px 7px;border-radius:4px;font-weight:bold;font-size:0.85em"">Alerte</span><br>du 29 août 2026 au 31 oct. 2026<br><small>Zone : Aube Amont - SUP</small>",29 sept. 2026
5721041,Surmelin - SUP,51,Marne,AEP,alerte,Alerte,2,2026-08-29,2026-10-31,60-2026-SEC,"<b>Eau du robinet</b><br><span style=""background:orange;color:#fff;padding:2px 7px;border-radius:4px;font-weight:bold;font-size:0.85em"">Alerte</span><br>du 29 août 2026 au 31 oct. 2026<br><small>Zone : Surmelin - SUP</small>",29 sept. 2026
5721045,Craie de Champagne Sud et Centre - SUP,51,Marne,AEP,alerte,Alerte,2,2026-08-29,2026-10-31,60-2026-SEC,"<b>Eau du robinet</b><br><span style=""background:orange;color:#fff;padding:2px 7px;border-radius:4px;font-weight:bold;font-size:0.85em"">Alerte</span><br>du 29 août 2026 au 31 oct. 2026<br><small>Zone : Craie de Champagne Sud et Centre - SUP</small>",29 sept. 2026
5724639,Zone Centre,78,Yvelines,AEP,alerte,Alerte,2,2026-09-19,2026-12-31,78-2026-09-18-0005,"<b>Eau du robinet</b><br><span style=""background:orange;color:#fff;padding:2px 7px;border-radius:4px;font-weight:bold;font-size:0.85em"">Alerte</span><br>du 19 sept. 2026 au 31 déc. 2026<br><small>Zone : Zone Centre</small>",29 sept. 2026
5724640,Zone Sud-Est,78,Yvelines,AEP,alerte,Alerte,2,2026-09-19,2026-12-31,78-2026-09-18-0005,"<b>Eau du robinet</b><br><span style=""background:orange;color:#fff;padding:2px 7px;border-radius:4px;font-weight:bold;font-size:0.85em"">Alerte</span><br>du 19 sept. 2026 au 31 déc. 2026<br><small>Zone : Zone Sud-Est</small>",29 sept. 2026
5724643,Zone Ouest,78,Yvelines,AEP,alerte,Alerte,2,2026-09-19,2026-12-31,78-2026-09-18-0005,"<b>Eau du robinet</b><br><span style=""background:orange;color:#fff;padding:2px 7px;border-radius:4px;font-weight:bold;font-size:0.85em"">Alerte</span><br>du 19 sept. 2026 au 31 déc. 2026<br><small>Zone : Zone Ouest</small>",29 sept. 2026
5723684,bassin de la Sarre - partie dpt 67,67,Bas-Rhin,AEP,alerte,Alerte,2,2026-09-09,2026-10-31,9 septembre 2026,"<b>Eau du robinet</b><br><span style=""background:orange;color:#fff;padding:2px 7px;border-radius:4px;font-weight:bold;font-size:0.85em"">Alerte</span><br>du 9 sept. 2026 au 31 oct. 2026<br><small>Zone : bassin de la Sarre - partie dpt 67</small>",29 sept. 2026
5718072,Craie de Champagne Sud et Centre,10,Aube,AEP,alerte,Alerte,2,2026-09-26,2026-10-31,DDT/SEB/PREMA-2026268-0001,"<b>Eau du robinet</b><br><span style=""background:orange;color:#fff;padding:2px 7px;border-radius:4px;font-weight:bold;font-size:0.85em"">Alerte</span><br>du 26 sept. 2026 au 31 oct. 2026<br><small>Zone : Craie de Champagne Sud et Centre</small>",29 sept. 2026
5716175,Rivières de Bresse,01,Ain,AEP,alerte,Alerte,2,2026-08-20,2026-10-31,2026-07,"<b>Eau du robinet</b><br><span style=""background:orange;color:#fff;padding:2px 7px;border-radius:4px;font-weight:bold;font-size:0.85em"">Alerte</span><br>du 20 août 2026 au 31 oct. 2026<br><small>Zone : Rivières de Bresse</small>",29 sept. 2026
5716176,Rivières de Dombes,01,Ain,AEP,alerte,Alerte,2,2026-08-20,2026-10-31,2026-07,"<b>Eau du robinet</b><br><span style=""background:orange;color:#fff;padding:2px 7px;border-radius:4px;font-weight:bold;font-size:0.85em"">Alerte</span><br>du 20 août 2026 au 31 oct. 2026<br><small>Zone : Rivières de Dombes</small>",29 sept. 2026
5718069,Armance,10,Aube,AEP,alerte,Alerte,2,2026-09-26,2026-10-31,DDT/SEB/PREMA-2026268-0001,"<b>Eau du robinet</b><br><span style=""background:orange;color:#fff;padding:2px 7px;border-radius:4px;font-weight:bold;font-size:0.85em"">Alerte</span><br>du 26 sept. 2026 au 31 oct. 2026<br><small>Zone : Armance</small>",29 sept. 2026
5723532,L - Volcanique Combrailles nord,63,Puy-de-Dôme,AEP,alerte,Alerte,2,2026-08-20,2026-10-31,63-20261349,"<b>Eau du robinet</b><br><span style=""background:orange;color:#fff;padding:2px 7px;border-radius:4px;font-weight:bold;font-size:0.85em"">Alerte</span><br>du 20 août 2026 au 31 oct. 2026<br><small>Zone : L - Volcanique Combrailles nord</small>",29 sept. 2026
5723534,G - Volcanique Chaîne des Puys nord,63,Puy-de-Dôme,AEP,alerte,Alerte,2,2026-08-20,2026-10-31,63-20261349,"<b>Eau du robinet</b><br><span style=""background:orange;color:#fff;padding:2px 7px;border-radius:4px;font-weight:bold;font-size:0.85em"">Alerte</span><br>du 20 août 2026 au 31 oct. 2026<br><small>Zone : G - Volcanique Chaîne des Puys nord</small>",29 sept. 2026
5723537,M - Volcanique Cézallier,63,Puy-de-Dôme,AEP,alerte,Alerte,2,2026-08-20,2026-10-31,63-20261349,"<b>Eau du robinet</b><br><span style=""background:orange;color:#fff;padding:2px 7px;border-radius:4px;font-weight:bold;font-size:0.85em"">Alerte</span><br>du 20 août 2026 au 31 oct. 2026<br><small>Zone : M - Volcanique Cézallier</small>",29 sept. 2026
5723538,J - Volcanique Dordogne amont,63,Puy-de-Dôme,AEP,alerte,Alerte,2,2026-08-20,2026-10-31,63-20261349,"<b>Eau du robinet</b><br><span style=""background:orange;color:#fff;padding:2px 7px;border-radius:4px;font-weight:bold;font-size:0.85em"">Alerte</span><br>du 20 août 2026 au 31 oct. 2026<br><small>Zone : J - Volcanique Dordogne amont</small>",29 sept. 2026
5723541,K - Volcanique Combrailles ouest,63,Puy-de-Dôme,AEP,alerte,Alerte,2,2026-08-20,2026-10-31,63-20261349,"<b>Eau du robinet</b><br><span style=""background:orange;color:#fff;padding:2px 7px;border-radius:4px;font-weight:bold;font-size:0.85em"">Alerte</span><br>du 20 août 2026 au 31 oct. 2026<br><small>Zone : K - Volcanique Combrailles ouest</small>",29 sept. 2026
5723543,I - Volcanique Sancy,63,Puy-de-Dôme,AEP,alerte,Alerte,2,2026-08-20,2026-10-31,63-20261349,"<b>Eau du robinet</b><br><span style=""background:orange;color:#fff;padding:2px 7px;border-radius:4px;font-weight:bold;font-size:0.85em"">Alerte</span><br>du 20 août 2026 au 31 oct. 2026<br><small>Zone : I - Volcanique Sancy</small>",29 sept. 2026
5723544,H - Volcanique Chaîne des Puys sud,63,Puy-de-Dôme,AEP,alerte,Alerte,2,2026-08-20,2026-10-31,63-20261349,"<b>Eau du robinet</b><br><span style=""background:orange;color:#fff;padding:2px 7px;border-radius:4px;font-weight:bold;font-size:0.85em"">Alerte</span><br>du 20 août 2026 au 31 oct. 2026<br><small>Zone : H - Volcanique Chaîne des Puys sud</small>",29 sept. 2026
5723080,bassin de l'Automne,60,Oise,AEP,alerte,Alerte,2,2026-09-15,,DDT60 - 20260915,"<b>Eau du robinet</b><br><span style=""background:orange;color:#fff;padding:2px 7px;border-radius:4px;font-weight:bold;font-size:0.85em"">Alerte</span><br>depuis le 15 sept. 2026<br><small>Zone : bassin de l'Automne</small>",29 sept. 2026
5718067,Nappe de Brienne,10,Aube,AEP,alerte,Alerte,2,2026-09-26,2026-10-31,DDT/SEB/PREMA-2026268-0001,"<b>Eau du robinet</b><br><span style=""background:orange;color:#fff;padding:2px 7px;border-radius:4px;font-weight:bold;font-size:0.85em"">Alerte</span><br>du 26 sept. 2026 au 31 oct. 2026<br><small>Zone : Nappe de Brienne</small>",29 sept. 2026
5721077,bassin Sarthe amont,53,Mayenne,AEP,alerte,Alerte,2,2026-09-23,,AP_N°11_DDT53_22092026,"<b>Eau du robinet</b><br><span style=""background:orange;color:#fff;padding:2px 7px;border-radius:4px;font-weight:bold;font-size:0.85em"">Alerte</span><br>depuis le 23 sept. 2026<br><small>Zone : bassin Sarthe amont</small>",29 sept. 2026
5721187,zone non couverte par l'arrêté cadre,57,Moselle,AEP,alerte,Alerte,2,2026-09-01,2026-09-30,2026-DDT/SABE/EAU N°80,"<b>Eau du robinet</b><br><span style=""background:orange;color:#fff;padding:2px 7px;border-radius:4px;font-weight:bold;font-size:0.85em"">Alerte</span><br>du 1 sept. 2026 au 30 sept. 2026<br><small>Zone : zone non couverte par l'arrêté cadre</small>",29 sept. 2026
5722766,bassin de la Brêche,60,Oise,AEP,alerte,Alerte,2,2026-09-15,,DDT60 - 20260915,"<b>Eau du robinet</b><br><span style=""background:orange;color:#fff;padding:2px 7px;border-radius:4px;font-weight:bold;font-size:0.85em"">Alerte</span><br>depuis le 15 sept. 2026<br><small>Zone : bassin de la Brêche</small>",29 sept. 2026
5724692,SMAEP 4B,79,Deux-Sèvres,AEP,alerte,Alerte,2,2026-09-12,2026-10-31,20260911_AP_AEP,"<b>Eau du robinet</b><br><span style=""background:orange;color:#fff;padding:2px 7px;border-radius:4px;font-weight:bold;font-size:0.85em"">Alerte</span><br>du 12 sept. 2026 au 31 oct. 2026<br><small>Zone : SMAEP 4B</small>",29 sept. 2026
5723809,Veuve-Tusson,72,Sarthe,AEP,alerte,Alerte,2,2026-09-24,,AP n°13 du 22 09 2026,"<b>Eau du robinet</b><br><span style=""background:orange;color:#fff;padding:2px 7px;border-radius:4px;font-weight:bold;font-size:0.85em"">Alerte</span><br>depuis le 24 sept. 2026<br><small>Zone : Veuve-Tusson</small>",29 sept. 2026
5719101,Zone de gestion de la Montagne Noire,31,Haute-Garonne,AEP,alerte,Alerte,2,2026-09-26,2026-10-31,Arrêté entrant en vigueur 26/09/2026,"<b>Eau du robinet</b><br><span style=""background:orange;color:#fff;padding:2px 7px;border-radius:4px;font-weight:bold;font-size:0.85em"">Alerte</span><br>du 26 sept. 2026 au 31 oct. 2026<br><small>Zone : Zone de gestion de la Montagne Noire</small>",29 sept. 2026
5723839,Beaufortain - Val d'Arly,73,Savoie,AEP,alerte,Alerte,2,2026-09-25,2026-10-30,2026-1220,"<b>Eau du robinet</b><br><span style=""background:orange;color:#fff;padding:2px 7px;border-radius:4px;font-weight:bold;font-size:0.85em"">Alerte</span><br>du 25 sept. 2026 au 30 oct. 2026<br><small>Zone : Beaufortain - Val d'Arly</small>",29 sept. 2026
5723841,Maurienne,73,Savoie,AEP,alerte,Alerte,2,2026-09-25,2026-10-30,2026-1220,"<b>Eau du robinet</b><br><span style=""background:orange;color:#fff;padding:2px 7px;border-radius:4px;font-weight:bold;font-size:0.85em"">Alerte</span><br>du 25 sept. 2026 au 30 oct. 2026<br><small>Zone : Maurienne</small>",29 sept. 2026
5723842,Tarentaise,73,Savoie,AEP,alerte,Alerte,2,2026-09-25,2026-10-30,2026-1220,"<b>Eau du robinet</b><br><span style=""background:orange;color:#fff;padding:2px 7px;border-radius:4px;font-weight:bold;font-size:0.85em"">Alerte</span><br>du 25 sept. 2026 au 30 oct. 2026<br><small>Zone : Tarentaise</small>",29 sept. 2026
5723844,Flon - Aiguebelette,73,Savoie,AEP,alerte,Alerte,2,2026-09-25,2026-10-30,2026-1220,"<b>Eau du robinet</b><br><span style=""background:orange;color:#fff;padding:2px 7px;border-radius:4px;font-weight:bold;font-size:0.85em"">Alerte</span><br>du 25 sept. 2026 au 30 oct. 2026<br><small>Zone : Flon - Aiguebelette</small>",29 sept. 2026
5723865,Genevois,74,Haute-Savoie,AEP,alerte,Alerte,2,2026-08-20,2026-09-30,DDT-2026-1031,"<b>Eau du robinet</b><br><span style=""background:orange;color:#fff;padding:2px 7px;border-radius:4px;font-weight:bold;font-size:0.85em"">Alerte</span><br>du 20 août 2026 au 30 sept. 2026<br><small>Zone : Genevois</small>",29 sept. 2026
5723867,Arve amont,74,Haute-Savoie,AEP,alerte,Alerte,2,2026-08-20,2026-09-30,DDT-2026-1031,"<b>Eau du robinet</b><br><span style=""background:orange;color:#fff;padding:2px 7px;border-radius:4px;font-weight:bold;font-size:0.85em"">Alerte</span><br>du 20 août 2026 au 30 sept. 2026<br><small>Zone : Arve amont</small>",29 sept. 2026
5718878,E(A)ygues,26,Drôme,AEP,alerte,Alerte,2,2026-08-11,2026-10-31,26-2026-08-05-00010_AEygues,"<b>Eau du robinet</b><br><span style=""background:orange;color:#fff;padding:2px 7px;border-radius:4px;font-weight:bold;font-size:0.85em"">Alerte</span><br>du 11 août 2026 au 31 oct. 2026<br><small>Zone : E(A)ygues</small>",29 sept. 2026
5716205,Oise Moyenne - Ailette souterraine,02,Aisne,AEP,alerte,Alerte,2,2026-08-26,,ENV/PE/2026/046,"<b>Eau du robinet</b><br><span style=""background:orange;color:#fff;padding:2px 7px;border-radius:4px;font-weight:bold;font-size:0.85em"">Alerte</span><br>depuis le 26 août 2026<br><small>Zone : Oise Moyenne - Ailette souterraine</small>",29 sept. 2026
5718884,Roubion-Jabron,26,Drôme,AEP,alerte,Alerte,2,2026-08-06,2026-10-31,26-2026-08-05-00007,"<b>Eau du robinet</b><br><span style=""background:orange;color:#fff;padding:2px 7px;border-radius:4px;font-weight:bold;font-size:0.85em"">Alerte</span><br>du 6 août 2026 au 31 oct. 2026<br><small>Zone : Roubion-Jabron</small>",29 sept. 2026
5718885,Plaine de Valence,26,Drôme,AEP,alerte,Alerte,2,2026-08-06,2026-10-31,26-2026-08-05-00007,"<b>Eau du robinet</b><br><span style=""background:orange;color:#fff;padding:2px 7px;border-radius:4px;font-weight:bold;font-size:0.85em"">Alerte</span><br>du 6 août 2026 au 31 oct. 2026<br><small>Zone : Plaine de Valence</small>",29 sept. 2026
5719079,Zone de gestion du Tarn,31,Haute-Garonne,AEP,alerte,Alerte,2,2026-09-26,2026-10-31,Arrêté entrant en vigueur 26/09/2026,"<b>Eau du robinet</b><br><span style=""background:orange;color:#fff;padding:2px 7px;border-radius:4px;font-weight:bold;font-size:0.85em"">Alerte</span><br>du 26 sept. 2026 au 31 oct. 2026<br><small>Zone : Zone de gestion du Tarn</small>",29 sept. 2026
5717097,Verdon amont,04,Alpes-de-Haute-Provence,AEP,alerte,Alerte,2,2026-09-25,2026-10-31,2026-268-007,"<b>Eau du robinet</b><br><span style=""background:orange;color:#fff;padding:2px 7px;border-radius:4px;font-weight:bold;font-size:0.85em"">Alerte</span><br>du 25 sept. 2026 au 31 oct. 2026<br><small>Zone : Verdon amont</small>",29 sept. 2026
5717086,Esteron,04,Alpes-de-Haute-Provence,AEP,alerte,Alerte,2,2026-09-25,2026-10-31,2026-268-007,"<b>Eau du robinet</b><br><span style=""background:orange;color:#fff;padding:2px 7px;border-radius:4px;font-weight:bold;font-size:0.85em"">Alerte</span><br>du 25 sept. 2026 au 31 oct. 2026<br><small>Zone : Esteron</small>",29 sept. 2026
5717087,Colostre,04,Alpes-de-Haute-Provence,AEP,alerte,Alerte,2,2026-09-25,2026-10-31,2026-268-007,"<b>Eau du robinet</b><br><span style=""background:orange;color:#fff;padding:2px 7px;border-radius:4px;font-weight:bold;font-size:0.85em"">Alerte</span><br>du 25 sept. 2026 au 31 oct. 2026<br><small>Zone : Colostre</small>",29 sept. 2026
5717088,Artuby-Jabron,04,Alpes-de-Haute-Provence,AEP,alerte,Alerte,2,2026-09-25,2026-10-31,2026-268-007,"<b>Eau du robinet</b><br><span style=""background:orange;color:#fff;padding:2px 7px;border-radius:4px;font-weight:bold;font-size:0.85em"">Alerte</span><br>du 25 sept. 2026 au 31 oct. 2026<br><small>Zone : Artuby-Jabron</small>",29 sept. 2026
5717091,Nesque,04,Alpes-de-Haute-Provence,AEP,alerte,Alerte,2,2026-09-25,2026-10-31,2026-268-007,"<b>Eau du robinet</b><br><span style=""background:orange;color:#fff;padding:2px 7px;border-radius:4px;font-weight:bold;font-size:0.85em"">Alerte</span><br>du 25 sept. 2026 au 31 oct. 2026<br><small>Zone : Nesque</small>",29 sept. 2026
5717092,Calavon,04,Alpes-de-Haute-Provence,AEP,alerte,Alerte,2,2026-09-25,2026-10-31,2026-268-007,"<b>Eau du robinet</b><br><span style=""background:orange;color:#fff;padding:2px 7px;border-radius:4px;font-weight:bold;font-size:0.85em"">Alerte</span><br>du 25 sept. 2026 au 31 oct. 2026<br><small>Zone : Calavon</small>",29 sept. 2026
5717098,Largue,04,Alpes-de-Haute-Provence,AEP,alerte,Alerte,2,2026-09-25,2026-10-31,2026-268-007,"<b>Eau du robinet</b><br><span style=""background:orange;color:#fff;padding:2px 7px;border-radius:4px;font-weight:bold;font-size:0.85em"">Alerte</span><br>du 25 sept. 2026 au 31 oct. 2026<br><small>Zone : Largue</small>",29 sept. 2026
5717099,Vançon,04,Alpes-de-Haute-Provence,AEP,alerte,Alerte,2,2026-09-25,2026-10-31,2026-268-007,"<b>Eau du robinet</b><br><span style=""background:orange;color:#fff;padding:2px 7px;border-radius:4px;font-weight:bold;font-size:0.85em"">Alerte</span><br>du 25 sept. 2026 au 31 oct. 2026<br><small>Zone : Vançon</small>",29 sept. 2026
5717120,Bassin A(E)ygues partie 05,05,Hautes-Alpes,AEP,alerte,Alerte,2,2026-08-11,2026-10-31,05-2026-08-11-00005,"<b>Eau du robinet</b><br><span style=""background:orange;color:#fff;padding:2px 7px;border-radius:4px;font-weight:bold;font-size:0.85em"">Alerte</span><br>du 11 août 2026 au 31 oct. 2026<br><small>Zone : Bassin A(E)ygues partie 05</small>",29 sept. 2026
5716206,Aisne Aval,02,Aisne,AEP,alerte,Alerte,2,2026-08-26,,ENV/PE/2026/046,"<b>Eau du robinet</b><br><span style=""background:orange;color:#fff;padding:2px 7px;border-radius:4px;font-weight:bold;font-size:0.85em"">Alerte</span><br>depuis le 26 août 2026<br><small>Zone : Aisne Aval</small>",29 sept. 2026
5716207,Aisne Amont souterraine,02,Aisne,AEP,alerte,Alerte,2,2026-08-26,,ENV/PE/2026/046,"<b>Eau du robinet</b><br><span style=""background:orange;color:#fff;padding:2px 7px;border-radius:4px;font-weight:bold;font-size:0.85em"">Alerte</span><br>depuis le 26 août 2026<br><small>Zone : Aisne Amont souterraine</small>",29 sept. 2026
5716214,Ourcq souterraine,02,Aisne,AEP,alerte,Alerte,2,2026-08-26,,ENV/PE/2026/046,"<b>Eau du robinet</b><br><span style=""background:orange;color:#fff;padding:2px 7px;border-radius:4px;font-weight:bold;font-size:0.85em"">Alerte</span><br>depuis le 26 août 2026<br><small>Zone : Ourcq souterraine</small>",29 sept. 2026
5717163,Eau potable esteron,06,Alpes-Maritimes,AEP,alerte,Alerte,2,2026-08-14,2026-10-31,AP-2026-110,"<b>Eau du robinet</b><br><span style=""background:orange;color:#fff;padding:2px 7px;border-radius:4px;font-weight:bold;font-size:0.85em"">Alerte</span><br>du 14 août 2026 au 31 oct. 2026<br><small>Zone : Eau potable esteron</small>",29 sept. 2026
5724714,BASSIN DE LA  SOMME-AVAL,80,Somme,AEP,alerte,Alerte,2,2026-08-21,,Vigi-Authie-Nièvre_Alerte-TsSecteurs_AR-Maye,"<b>Eau du robinet</b><br><span style=""background:orange;color:#fff;padding:2px 7px;border-radius:4px;font-weight:bold;font-size:0.85em"">Alerte</span><br>depuis le 21 août 2026<br><small>Zone : BASSIN DE LA  SOMME-AVAL</small>",29 sept. 2026
5717146,eau potable roya amont,06,Alpes-Maritimes,AEP,alerte,Alerte,2,2026-08-14,2026-10-31,AP-2026-110,"<b>Eau du robinet</b><br><span style=""background:orange;color:#fff;padding:2px 7px;border-radius:4px;font-weight:bold;font-size:0.85em"">Alerte</span><br>du 14 août 2026 au 31 oct. 2026<br><small>Zone : eau potable roya amont</small>",29 sept. 2026
5723900,YERES - AULNE,76,Seine-Maritime,AEP,alerte,Alerte,2,2026-08-20,2026-12-31,76_20260819_Zone2_Alerte_ESU,"<b>Eau du robinet</b><br><span style=""background:orange;color:#fff;padding:2px 7px;border-radius:4px;font-weight:bold;font-size:0.85em"">Alerte</span><br>du 20 août 2026 au 31 déc. 2026<br><small>Zone : YERES - AULNE</small>",29 sept. 2026
5724723,BASSIN DE L ANCRE,80,Somme,AEP,alerte,Alerte,2,2026-08-21,,Vigi-Authie-Nièvre_Alerte-TsSecteurs_AR-Maye,"<b>Eau du robinet</b><br><span style=""background:orange;color:#fff;padding:2px 7px;border-radius:4px;font-weight:bold;font-size:0.85em"">Alerte</span><br>depuis le 21 août 2026<br><small>Zone : BASSIN DE L ANCRE</small>",29 sept. 2026
5724713,BASSIN DE LA  SELLE,80,Somme,AEP,alerte,Alerte,2,2026-08-21,,Vigi-Authie-Nièvre_Alerte-TsSecteurs_AR-Maye,"<b>Eau du robinet</b><br><span style=""background:orange;color:#fff;padding:2px 7px;border-radius:4px;font-weight:bold;font-size:0.85em"">Alerte</span><br>depuis le 21 août 2026<br><small>Zone : BASSIN DE LA  SELLE</small>",29 sept. 2026
5718463,rivière Vézère (19),19,Corrèze,AEP,alerte,Alerte,2,2026-08-29,2026-10-31,Arrete_Correze_semaine_35,"<b>Eau du robinet</b><br><span style=""background:orange;color:#fff;padding:2px 7px;border-radius:4px;font-weight:bold;font-size:0.85em"">Alerte</span><br>du 29 août 2026 au 31 oct. 2026<br><small>Zone : rivière Vézère (19)</small>",29 sept. 2026
5718261,Secteur Touques - ESU,14,Calvados,AEP,alerte,Alerte,2,2026-09-11,2026-10-31,2026_06,"<b>Eau du robinet</b><br><span style=""background:orange;color:#fff;padding:2px 7px;border-radius:4px;font-weight:bold;font-size:0.85em"">Alerte</span><br>du 11 sept. 2026 au 31 oct. 2026<br><small>Zone : Secteur Touques - ESU</small>",29 sept. 2026
5724725,BASSIN DE LAVRE,80,Somme,AEP,alerte,Alerte,2,2026-08-21,,Vigi-Authie-Nièvre_Alerte-TsSecteurs_AR-Maye,"<b>Eau du robinet</b><br><span style=""background:orange;color:#fff;padding:2px 7px;border-radius:4px;font-weight:bold;font-size:0.85em"">Alerte</span><br>depuis le 21 août 2026<br><small>Zone : BASSIN DE LAVRE</small>",29 sept. 2026
5724726,BASSIN DE LA  SELLE,80,Somme,AEP,alerte,Alerte,2,2026-08-21,,Vigi-Authie-Nièvre_Alerte-TsSecteurs_AR-Maye,"<b>Eau du robinet</b><br><span style=""background:orange;color:#fff;padding:2px 7px;border-radius:4px;font-weight:bold;font-size:0.85em"">Alerte</span><br>depuis le 21 août 2026<br><small>Zone : BASSIN DE LA  SELLE</small>",29 sept. 2026
5724727,BASSIN DE LA  SOMME-AVAL,80,Somme,AEP,alerte,Alerte,2,2026-08-21,,Vigi-Authie-Nièvre_Alerte-TsSecteurs_AR-Maye,"<b>Eau du robinet</b><br><span style=""background:orange;color:#fff;padding:2px 7px;border-radius:4px;font-weight:bold;font-size:0.85em"">Alerte</span><br>depuis le 21 août 2026<br><small>Zone : BASSIN DE LA  SOMME-AVAL</small>",29 sept. 2026
5724728,BASSIN DE LA BRESLE,80,Somme,AEP,alerte,Alerte,2,2026-08-21,,Vigi-Authie-Nièvre_Alerte-TsSecteurs_AR-Maye,"<b>Eau du robinet</b><br><span style=""background:orange;color:#fff;padding:2px 7px;border-radius:4px;font-weight:bold;font-size:0.85em"">Alerte</span><br>depuis le 21 août 2026<br><small>Zone : BASSIN DE LA BRESLE</small>",29 sept. 2026
5724729,BASSIN DE LA  SOMME-AMONT,80,Somme,AEP,alerte,Alerte,2,2026-08-21,,Vigi-Authie-Nièvre_Alerte-TsSecteurs_AR-Maye,"<b>Eau du robinet</b><br><span style=""background:orange;color:#fff;padding:2px 7px;border-radius:4px;font-weight:bold;font-size:0.85em"">Alerte</span><br>depuis le 21 août 2026<br><small>Zone : BASSIN DE LA  SOMME-AMONT</small>",29 sept. 2026
5724716,BASSIN DE LA  SOMME-AMONT,80,Somme,AEP,alerte,Alerte,2,2026-08-21,,Vigi-Authie-Nièvre_Alerte-TsSecteurs_AR-Maye,"<b>Eau du robinet</b><br><span style=""background:orange;color:#fff;padding:2px 7px;border-radius:4px;font-weight:bold;font-size:0.85em"">Alerte</span><br>depuis le 21 août 2026<br><small>Zone : BASSIN DE LA  SOMME-AMONT</small>",29 sept. 2026
5724718,BASSIN DE LAVRE,80,Somme,AEP,alerte,Alerte,2,2026-08-21,,Vigi-Authie-Nièvre_Alerte-TsSecteurs_AR-Maye,"<b>Eau du robinet</b><br><span style=""background:orange;color:#fff;padding:2px 7px;border-radius:4px;font-weight:bold;font-size:0.85em"">Alerte</span><br>depuis le 21 août 2026<br><small>Zone : BASSIN DE LAVRE</small>",29 sept. 2026
5724719,BASSIN DE LA BRESLE,80,Somme,AEP,alerte,Alerte,2,2026-08-21,,Vigi-Authie-Nièvre_Alerte-TsSecteurs_AR-Maye,"<b>Eau du robinet</b><br><span style=""background:orange;color:#fff;padding:2px 7px;border-radius:4px;font-weight:bold;font-size:0.85em"">Alerte</span><br>depuis le 21 août 2026<br><small>Zone : BASSIN DE LA BRESLE</small>",29 sept. 2026
5724721,BASSIN DE L ANCRE,80,Somme,AEP,alerte,Alerte,2,2026-08-21,,Vigi-Authie-Nièvre_Alerte-TsSecteurs_AR-Maye,"<b>Eau du robinet</b><br><span style=""background:orange;color:#fff;padding:2px 7px;border-radius:4px;font-weight:bold;font-size:0.85em"">Alerte</span><br>depuis le 21 août 2026<br><small>Zone : BASSIN DE L ANCRE</small>",29 sept. 2026
5725116,Zone de gestion Yonne Aval,89,Yonne,AEP,alerte,Alerte,2,2026-09-04,2026-12-31,DDT/SEE/2026/0072,"<b>Eau du robinet</b><br><span style=""background:orange;color:#fff;padding:2px 7px;border-radius:4px;font-weight:bold;font-size:0.85em"">Alerte</span><br>du 4 sept. 2026 au 31 déc. 2026<br><small>Zone : Zone de gestion Yonne Aval</small>",29 sept. 2026
5725107,Zone de gestion Nord Yonne,89,Yonne,AEP,alerte,Alerte,2,2026-09-04,2026-12-31,DDT/SEE/2026/0072,"<b>Eau du robinet</b><br><span style=""background:orange;color:#fff;padding:2px 7px;border-radius:4px;font-weight:bold;font-size:0.85em"">Alerte</span><br>du 4 sept. 2026 au 31 déc. 2026<br><small>Zone : Zone de gestion Nord Yonne</small>",29 sept. 2026
5718108,7. Secteur Cesse et affluents rive gauche de l'Aude sur ce secteur,11,Aude,AEP,alerte,Alerte,2,2026-09-18,2026-10-31,DDTM-SAFEB-2026-16,"<b>Eau du robinet</b><br><span style=""background:orange;color:#fff;padding:2px 7px;border-radius:4px;font-weight:bold;font-size:0.85em"">Alerte</span><br>du 18 sept. 2026 au 31 oct. 2026<br><small>Zone : 7. Secteur Cesse et affluents rive gauche de l'Aude sur ce secteur</small>",29 sept. 2026
5718111,13. Bassin versant de l'Agly,11,Aude,AEP,alerte,Alerte,2,2026-09-18,2026-10-31,DDTM-SAFEB-2026-16,"<b>Eau du robinet</b><br><span style=""background:orange;color:#fff;padding:2px 7px;border-radius:4px;font-weight:bold;font-size:0.85em"">Alerte</span><br>du 18 sept. 2026 au 31 oct. 2026<br><small>Zone : 13. Bassin versant de l'Agly</small>",29 sept. 2026
5718130,16. Nappe déconnectée de l'Hers-Vif,11,Aude,AEP,alerte,Alerte,2,2026-09-18,2026-10-31,DDTM-SAFEB-2026-16,"<b>Eau du robinet</b><br><span style=""background:orange;color:#fff;padding:2px 7px;border-radius:4px;font-weight:bold;font-size:0.85em"">Alerte</span><br>du 18 sept. 2026 au 31 oct. 2026<br><small>Zone : 16. Nappe déconnectée de l'Hers-Vif</small>",29 sept. 2026
5718119,1. Axe réalimenté Aude amont,11,Aude,AEP,alerte,Alerte,2,2026-09-18,2026-10-31,DDTM-SAFEB-2026-16,"<b>Eau du robinet</b><br><span style=""background:orange;color:#fff;padding:2px 7px;border-radius:4px;font-weight:bold;font-size:0.85em"">Alerte</span><br>du 18 sept. 2026 au 31 oct. 2026<br><small>Zone : 1. Axe réalimenté Aude amont</small>",29 sept. 2026
5718118,5. Secteur Berre et Rieu,11,Aude,AEP,alerte,Alerte,2,2026-09-18,2026-10-31,DDTM-SAFEB-2026-16,"<b>Eau du robinet</b><br><span style=""background:orange;color:#fff;padding:2px 7px;border-radius:4px;font-weight:bold;font-size:0.85em"">Alerte</span><br>du 18 sept. 2026 au 31 oct. 2026<br><small>Zone : 5. Secteur Berre et Rieu</small>",29 sept. 2026
5717218,Ardèche,07,Ardèche,AEP,alerte,Alerte,2,2026-09-21,2026-10-31,07-2026-09-21-00005,"<b>Eau du robinet</b><br><span style=""background:orange;color:#fff;padding:2px 7px;border-radius:4px;font-weight:bold;font-size:0.85em"">Alerte</span><br>du 21 sept. 2026 au 31 oct. 2026<br><small>Zone : Ardèche</small>",29 sept. 2026
5717124,Roya aval,06,Alpes-Maritimes,AEP,alerte,Alerte,2,2026-08-14,2026-10-31,AP-2026-110,"<b>Eau du robinet</b><br><span style=""background:orange;color:#fff;padding:2px 7px;border-radius:4px;font-weight:bold;font-size:0.85em"">Alerte</span><br>du 14 août 2026 au 31 oct. 2026<br><small>Zone : Roya aval</small>",29 sept. 2026
5717121,eau potable artuby,06,Alpes-Maritimes,AEP,alerte,Alerte,2,2026-08-14,2026-10-31,AP-2026-110,"<b>Eau du robinet</b><br><span style=""background:orange;color:#fff;padding:2px 7px;border-radius:4px;font-weight:bold;font-size:0.85em"">Alerte</span><br>du 14 août 2026 au 31 oct. 2026<br><small>Zone : eau potable artuby</small>",29 sept. 2026
5716312,Marne souterraine,02,Aisne,AEP,alerte,Alerte,2,2026-08-26,,ENV/PE/2026/046,"<b>Eau du robinet</b><br><span style=""background:orange;color:#fff;padding:2px 7px;border-radius:4px;font-weight:bold;font-size:0.85em"">Alerte</span><br>depuis le 26 août 2026<br><small>Zone : Marne souterraine</small>",29 sept. 2026
5716314,Surmelin souterraine,02,Aisne,AEP,alerte,Alerte,2,2026-08-26,,ENV/PE/2026/046,"<b>Eau du robinet</b><br><span style=""background:orange;color:#fff;padding:2px 7px;border-radius:4px;font-weight:bold;font-size:0.85em"">Alerte</span><br>depuis le 26 août 2026<br><small>Zone : Surmelin souterraine</small>",29 sept. 2026
5718140,Le Cayrol,12,Aveyron,AEP,alerte,Alerte,2,2026-07-13,2026-10-31,2026_Communes_AEP_03,"<b>Eau du robinet</b><br><span style=""background:orange;color:#fff;padding:2px 7px;border-radius:4px;font-weight:bold;font-size:0.85em"">Alerte</span><br>du 13 juil. 2026 au 31 oct. 2026<br><small>Zone : Le Cayrol</small>",29 sept. 2026
5718142,ESTAING,12,Aveyron,AEP,alerte,Alerte,2,2026-07-13,2026-10-31,2026_Communes_AEP_03,"<b>Eau du robinet</b><br><span style=""background:orange;color:#fff;padding:2px 7px;border-radius:4px;font-weight:bold;font-size:0.85em"">Alerte</span><br>du 13 juil. 2026 au 31 oct. 2026<br><small>Zone : ESTAING</small>",29 sept. 2026
5718143,Le Fel,12,Aveyron,AEP,alerte,Alerte,2,2026-07-13,2026-10-31,2026_Communes_AEP_03,"<b>Eau du robinet</b><br><span style=""background:orange;color:#fff;padding:2px 7px;border-radius:4px;font-weight:bold;font-size:0.85em"">Alerte</span><br>du 13 juil. 2026 au 31 oct. 2026<br><small>Zone : Le Fel</small>",29 sept. 2026
5718144,ESPALION,12,Aveyron,AEP,alerte,Alerte,2,2026-07-13,2026-10-31,2026_Communes_AEP_03,"<b>Eau du robinet</b><br><span style=""background:orange;color:#fff;padding:2px 7px;border-radius:4px;font-weight:bold;font-size:0.85em"">Alerte</span><br>du 13 juil. 2026 au 31 oct. 2026<br><small>Zone : ESPALION</small>",29 sept. 2026
5718148,Entraygues-sur-Truyère,12,Aveyron,AEP,alerte,Alerte,2,2026-07-13,2026-10-31,2026_Communes_AEP_03,"<b>Eau du robinet</b><br><span style=""background:orange;color:#fff;padding:2px 7px;border-radius:4px;font-weight:bold;font-size:0.85em"">Alerte</span><br>du 13 juil. 2026 au 31 oct. 2026<br><small>Zone : Entraygues-sur-Truyère</small>",29 sept. 2026
5718149,Coubisou,12,Aveyron,AEP,alerte,Alerte,2,2026-07-13,2026-10-31,2026_Communes_AEP_03,"<b>Eau du robinet</b><br><span style=""background:orange;color:#fff;padding:2px 7px;border-radius:4px;font-weight:bold;font-size:0.85em"">Alerte</span><br>du 13 juil. 2026 au 31 oct. 2026<br><small>Zone : Coubisou</small>",29 sept. 2026
5718150,St-Just-Sur-Viaur,12,Aveyron,AEP,alerte,Alerte,2,2026-07-13,2026-10-31,2026_Communes_AEP_03,"<b>Eau du robinet</b><br><span style=""background:orange;color:#fff;padding:2px 7px;border-radius:4px;font-weight:bold;font-size:0.85em"">Alerte</span><br>du 13 juil. 2026 au 31 oct. 2026<br><small>Zone : St-Just-Sur-Viaur</small>",29 sept. 2026
5718151,St-Amant-des-Côts,12,Aveyron,AEP,alerte,Alerte,2,2026-07-13,2026-10-31,2026_Communes_AEP_03,"<b>Eau du robinet</b><br><span style=""background:orange;color:#fff;padding:2px 7px;border-radius:4px;font-weight:bold;font-size:0.85em"">Alerte</span><br>du 13 juil. 2026 au 31 oct. 2026<br><small>Zone : St-Amant-des-Côts</small>",29 sept. 2026
5718152,MONTPEYROUX,12,Aveyron,AEP,alerte,Alerte,2,2026-07-13,2026-10-31,2026_Communes_AEP_03,"<b>Eau du robinet</b><br><span style=""background:orange;color:#fff;padding:2px 7px;border-radius:4px;font-weight:bold;font-size:0.85em"">Alerte</span><br>du 13 juil. 2026 au 31 oct. 2026<br><small>Zone : MONTPEYROUX</small>",29 sept. 2026
5718844,Communes en alerte,24,Dordogne,AEP,alerte,Alerte,2,2026-09-26,2026-10-31,Arrêté n° DDT/SEER/2026-029,"<b>Eau du robinet</b><br><span style=""background:orange;color:#fff;padding:2px 7px;border-radius:4px;font-weight:bold;font-size:0.85em"">Alerte</span><br>du 26 sept. 2026 au 31 oct. 2026<br><small>Zone : Communes en alerte</small>",29 sept. 2026
5718147,OLS-ET-RINHODES,12,Aveyron,AEP,alerte,Alerte,2,2026-07-13,2026-10-31,2026_Communes_AEP_03,"<b>Eau du robinet</b><br><span style=""background:orange;color:#fff;padding:2px 7px;border-radius:4px;font-weight:bold;font-size:0.85em"">Alerte</span><br>du 13 juil. 2026 au 31 oct. 2026<br><small>Zone : OLS-ET-RINHODES</small>",29 sept. 2026
5718881,Méouge,26,Drôme,AEP,alerte,Alerte,2,2026-08-06,2026-10-31,26-2026-08-05-00007,"<b>Eau du robinet</b><br><span style=""background:orange;color:#fff;padding:2px 7px;border-radius:4px;font-weight:bold;font-size:0.85em"">Alerte</span><br>du 6 août 2026 au 31 oct. 2026<br><small>Zone : Méouge</small>",29 sept. 2026
5718882,Royans-Vercors,26,Drôme,AEP,alerte,Alerte,2,2026-08-06,2026-10-31,26-2026-08-05-00007,"<b>Eau du robinet</b><br><span style=""background:orange;color:#fff;padding:2px 7px;border-radius:4px;font-weight:bold;font-size:0.85em"">Alerte</span><br>du 6 août 2026 au 31 oct. 2026<br><small>Zone : Royans-Vercors</small>",29 sept. 2026
5718883,Berre,26,Drôme,AEP,alerte,Alerte,2,2026-08-06,2026-10-31,26-2026-08-05-00007,"<b>Eau du robinet</b><br><span style=""background:orange;color:#fff;padding:2px 7px;border-radius:4px;font-weight:bold;font-size:0.85em"">Alerte</span><br>du 6 août 2026 au 31 oct. 2026<br><small>Zone : Berre</small>",29 sept. 2026
5718920,CHARENTONNE,27,Eure,AEP,alerte,Alerte,2,2026-09-14,2026-11-30,DDTM/SEBF/2026-283,"<b>Eau du robinet</b><br><span style=""background:orange;color:#fff;padding:2px 7px;border-radius:4px;font-weight:bold;font-size:0.85em"">Alerte</span><br>du 14 sept. 2026 au 30 nov. 2026<br><small>Zone : CHARENTONNE</small>",29 sept. 2026
5718927,RISLE AMONT,27,Eure,AEP,alerte,Alerte,2,2026-09-14,2026-11-30,DDTM/SEBF/2026-283,"<b>Eau du robinet</b><br><span style=""background:orange;color:#fff;padding:2px 7px;border-radius:4px;font-weight:bold;font-size:0.85em"">Alerte</span><br>du 14 sept. 2026 au 30 nov. 2026<br><small>Zone : RISLE AMONT</small>",29 sept. 2026
5718928,ITON AVAL,27,Eure,AEP,alerte,Alerte,2,2026-09-14,2026-11-30,DDTM/SEBF/2026-283,"<b>Eau du robinet</b><br><span style=""background:orange;color:#fff;padding:2px 7px;border-radius:4px;font-weight:bold;font-size:0.85em"">Alerte</span><br>du 14 sept. 2026 au 30 nov. 2026<br><small>Zone : ITON AVAL</small>",29 sept. 2026
5722947,"bassin de l'Avre, Noye, Trois-Doms et Haute-Somme",60,Oise,AEP,alerte,Alerte,2,2026-09-15,,DDT60 - 20260915,"<b>Eau du robinet</b><br><span style=""background:orange;color:#fff;padding:2px 7px;border-radius:4px;font-weight:bold;font-size:0.85em"">Alerte</span><br>depuis le 15 sept. 2026<br><small>Zone : bassin de l'Avre, Noye, Trois-Doms et Haute-Somme</small>",29 sept. 2026
5718138,CASSUEJOULS,12,Aveyron,AEP,alerte,Alerte,2,2026-07-13,2026-10-31,2026_Communes_AEP_03,"<b>Eau du robinet</b><br><span style=""background:orange;color:#fff;padding:2px 7px;border-radius:4px;font-weight:bold;font-size:0.85em"">Alerte</span><br>du 13 juil. 2026 au 31 oct. 2026<br><small>Zone : CASSUEJOULS</small>",29 sept. 2026
5718139,Comprégnac,12,Aveyron,AEP,alerte,Alerte,2,2026-07-13,2026-10-31,2026_Communes_AEP_03,"<b>Eau du robinet</b><br><span style=""background:orange;color:#fff;padding:2px 7px;border-radius:4px;font-weight:bold;font-size:0.85em"">Alerte</span><br>du 13 juil. 2026 au 31 oct. 2026<br><small>Zone : Comprégnac</small>",29 sept. 2026
5718145,St-Jean-du-Bruel,12,Aveyron,AEP,alerte,Alerte,2,2026-07-13,2026-10-31,2026_Communes_AEP_03,"<b>Eau du robinet</b><br><span style=""background:orange;color:#fff;padding:2px 7px;border-radius:4px;font-weight:bold;font-size:0.85em"">Alerte</span><br>du 13 juil. 2026 au 31 oct. 2026<br><small>Zone : St-Jean-du-Bruel</small>",29 sept. 2026
5718146,Huparlac,12,Aveyron,AEP,alerte,Alerte,2,2026-07-13,2026-10-31,2026_Communes_AEP_03,"<b>Eau du robinet</b><br><span style=""background:orange;color:#fff;padding:2px 7px;border-radius:4px;font-weight:bold;font-size:0.85em"">Alerte</span><br>du 13 juil. 2026 au 31 oct. 2026<br><small>Zone : Huparlac</small>",29 sept. 2026
5722961,bassin de la Divette et Verse,60,Oise,AEP,alerte,Alerte,2,2026-09-15,,DDT60 - 20260915,"<b>Eau du robinet</b><br><span style=""background:orange;color:#fff;padding:2px 7px;border-radius:4px;font-weight:bold;font-size:0.85em"">Alerte</span><br>depuis le 15 sept. 2026<br><small>Zone : bassin de la Divette et Verse</small>",29 sept. 2026
5718238,Huveaune,13,Bouches-du-Rhône,AEP,alerte,Alerte,2,2026-09-25,2026-10-15,2026-535-SE,"<b>Eau du robinet</b><br><span style=""background:orange;color:#fff;padding:2px 7px;border-radius:4px;font-weight:bold;font-size:0.85em"">Alerte</span><br>du 25 sept. 2026 au 15 oct. 2026<br><small>Zone : Huveaune</small>",29 sept. 2026
5721395,Sarre partie du département 57,57,Moselle,AEP,alerte,Alerte,2,2026-09-01,2026-09-30,2026-DDT/SABE/EAU N°80,"<b>Eau du robinet</b><br><span style=""background:orange;color:#fff;padding:2px 7px;border-radius:4px;font-weight:bold;font-size:0.85em"">Alerte</span><br>du 1 sept. 2026 au 30 sept. 2026<br><small>Zone : Sarre partie du département 57</small>",29 sept. 2026
5718977,BLAISE,28,Eure-et-Loir,AEP,alerte,Alerte,2,2026-09-21,,AP_SGREB_2026_255_restrictions_usages_eau,"<b>Eau du robinet</b><br><span style=""background:orange;color:#fff;padding:2px 7px;border-radius:4px;font-weight:bold;font-size:0.85em"">Alerte</span><br>depuis le 21 sept. 2026<br><small>Zone : BLAISE</small>",29 sept. 2026
5718965,VOISE,28,Eure-et-Loir,AEP,alerte,Alerte,2,2026-09-21,,AP_SGREB_2026_255_restrictions_usages_eau,"<b>Eau du robinet</b><br><span style=""background:orange;color:#fff;padding:2px 7px;border-radius:4px;font-weight:bold;font-size:0.85em"">Alerte</span><br>depuis le 21 sept. 2026<br><small>Zone : VOISE</small>",29 sept. 2026
5718967,AIGRE,28,Eure-et-Loir,AEP,alerte,Alerte,2,2026-09-21,,AP_SGREB_2026_255_restrictions_usages_eau,"<b>Eau du robinet</b><br><span style=""background:orange;color:#fff;padding:2px 7px;border-radius:4px;font-weight:bold;font-size:0.85em"">Alerte</span><br>depuis le 21 sept. 2026<br><small>Zone : AIGRE</small>",29 sept. 2026
5718968,EURE Moyen bas,28,Eure-et-Loir,AEP,alerte,Alerte,2,2026-09-21,,AP_SGREB_2026_255_restrictions_usages_eau,"<b>Eau du robinet</b><br><span style=""background:orange;color:#fff;padding:2px 7px;border-radius:4px;font-weight:bold;font-size:0.85em"">Alerte</span><br>depuis le 21 sept. 2026<br><small>Zone : EURE Moyen bas</small>",29 sept. 2026
5718970,CLOCHE,28,Eure-et-Loir,AEP,alerte,Alerte,2,2026-09-21,,AP_SGREB_2026_255_restrictions_usages_eau,"<b>Eau du robinet</b><br><span style=""background:orange;color:#fff;padding:2px 7px;border-radius:4px;font-weight:bold;font-size:0.85em"">Alerte</span><br>depuis le 21 sept. 2026<br><small>Zone : CLOCHE</small>",29 sept. 2026
5718975,EURE Amont,28,Eure-et-Loir,AEP,alerte,Alerte,2,2026-09-21,,AP_SGREB_2026_255_restrictions_usages_eau,"<b>Eau du robinet</b><br><span style=""background:orange;color:#fff;padding:2px 7px;border-radius:4px;font-weight:bold;font-size:0.85em"">Alerte</span><br>depuis le 21 sept. 2026<br><small>Zone : EURE Amont</small>",29 sept. 2026
5724948,Bassin versant des Sorgues,84,Vaucluse,AEP,alerte,Alerte,2,2026-09-24,2026-10-31,AP 23 SEPT 2026 VAUCLUSE,"<b>Eau du robinet</b><br><span style=""background:orange;color:#fff;padding:2px 7px;border-radius:4px;font-weight:bold;font-size:0.85em"">Alerte</span><br>du 24 sept. 2026 au 31 oct. 2026<br><small>Zone : Bassin versant des Sorgues</small>",29 sept. 2026
5724949,Bassin du sud-ouest du Mont Ventoux,84,Vaucluse,AEP,alerte,Alerte,2,2026-09-24,2026-10-31,AP 23 SEPT 2026 VAUCLUSE,"<b>Eau du robinet</b><br><span style=""background:orange;color:#fff;padding:2px 7px;border-radius:4px;font-weight:bold;font-size:0.85em"">Alerte</span><br>du 24 sept. 2026 au 31 oct. 2026<br><small>Zone : Bassin du sud-ouest du Mont Ventoux</small>",29 sept. 2026
5724950,Bassin du Calavon Amont,84,Vaucluse,AEP,alerte,Alerte,2,2026-09-24,2026-10-31,AP 23 SEPT 2026 VAUCLUSE,"<b>Eau du robinet</b><br><span style=""background:orange;color:#fff;padding:2px 7px;border-radius:4px;font-weight:bold;font-size:0.85em"">Alerte</span><br>du 24 sept. 2026 au 31 oct. 2026<br><small>Zone : Bassin du Calavon Amont</small>",29 sept. 2026
5724951,Bassin de la Nesque,84,Vaucluse,AEP,alerte,Alerte,2,2026-09-24,2026-10-31,AP 23 SEPT 2026 VAUCLUSE,"<b>Eau du robinet</b><br><span style=""background:orange;color:#fff;padding:2px 7px;border-radius:4px;font-weight:bold;font-size:0.85em"">Alerte</span><br>du 24 sept. 2026 au 31 oct. 2026<br><small>Zone : Bassin de la Nesque</small>",29 sept. 2026
5724952,Bassin du Calavon Median,84,Vaucluse,AEP,alerte,Alerte,2,2026-09-24,2026-10-31,AP 23 SEPT 2026 VAUCLUSE,"<b>Eau du robinet</b><br><span style=""background:orange;color:#fff;padding:2px 7px;border-radius:4px;font-weight:bold;font-size:0.85em"">Alerte</span><br>du 24 sept. 2026 au 31 oct. 2026<br><small>Zone : Bassin du Calavon Median</small>",29 sept. 2026
5724953,Durance nappe d’accompagnement,84,Vaucluse,AEP,alerte,Alerte,2,2026-09-24,2026-10-31,AP 23 SEPT 2026 VAUCLUSE,"<b>Eau du robinet</b><br><span style=""background:orange;color:#fff;padding:2px 7px;border-radius:4px;font-weight:bold;font-size:0.85em"">Alerte</span><br>du 24 sept. 2026 au 31 oct. 2026<br><small>Zone : Durance nappe d’accompagnement</small>",29 sept. 2026
5723076,bassin de l'Ourcq,60,Oise,AEP,alerte,Alerte,2,2026-09-15,,DDT60 - 20260915,"<b>Eau du robinet</b><br><span style=""background:orange;color:#fff;padding:2px 7px;border-radius:4px;font-weight:bold;font-size:0.85em"">Alerte</span><br>depuis le 15 sept. 2026<br><small>Zone : bassin de l'Ourcq</small>",29 sept. 2026
5719220,Bassin versant du Lez et de la Mosson hors axe Lez soutenu,34,Hérault,AEP,alerte,Alerte,2,2026-09-24,2026-10-31,DDTM34-2026-09-17516,"<b>Eau du robinet</b><br><span style=""background:orange;color:#fff;padding:2px 7px;border-radius:4px;font-weight:bold;font-size:0.85em"">Alerte</span><br>du 24 sept. 2026 au 31 oct. 2026<br><small>Zone : Bassin versant du Lez et de la Mosson hors axe Lez soutenu</small>",29 sept. 2026
5719225,Bassin versant de la lagune de l'étang de l'Or,34,Hérault,AEP,alerte,Alerte,2,2026-09-24,2026-10-31,DDTM34-2026-09-17516,"<b>Eau du robinet</b><br><span style=""background:orange;color:#fff;padding:2px 7px;border-radius:4px;font-weight:bold;font-size:0.85em"">Alerte</span><br>du 24 sept. 2026 au 31 oct. 2026<br><small>Zone : Bassin versant de la lagune de l'étang de l'Or</small>",29 sept. 2026
5719231,Bassin versant de l'Agout,34,Hérault,AEP,alerte,Alerte,2,2026-09-24,2026-10-31,DDTM34-2026-09-17516,"<b>Eau du robinet</b><br><span style=""background:orange;color:#fff;padding:2px 7px;border-radius:4px;font-weight:bold;font-size:0.85em"">Alerte</span><br>du 24 sept. 2026 au 31 oct. 2026<br><small>Zone : Bassin versant de l'Agout</small>",29 sept. 2026
5719235,Bassin versant de l'Hérault amont de la confluence avec la Vis jusqu’à la confluence avec la Lergue,34,Hérault,AEP,alerte,Alerte,2,2026-09-24,2026-10-31,DDTM34-2026-09-17516,"<b>Eau du robinet</b><br><span style=""background:orange;color:#fff;padding:2px 7px;border-radius:4px;font-weight:bold;font-size:0.85em"">Alerte</span><br>du 24 sept. 2026 au 31 oct. 2026<br><small>Zone : Bassin versant de l'Hérault amont de la confluence avec la Vis jusqu’à la confluence avec la Lergue</small>",29 sept. 2026
5725272,2026-341_orge-remarde+07+23,91,Essonne,AEP,alerte,Alerte,2,2026-09-12,2026-10-31,2026-372_orge-rémarde+07+23_aep_al_ph1,"<b>Eau du robinet</b><br><span style=""background:orange;color:#fff;padding:2px 7px;border-radius:4px;font-weight:bold;font-size:0.85em"">Alerte</span><br>du 12 sept. 2026 au 31 oct. 2026<br><small>Zone : 2026-341_orge-remarde+07+23</small>",29 sept. 2026
5724886,Zone AEP départementale,82,Tarn-et-Garonne,AEP,alerte,Alerte,2,2026-07-18,,82-2026-07-16-00003_AEP,"<b>Eau du robinet</b><br><span style=""background:orange;color:#fff;padding:2px 7px;border-radius:4px;font-weight:bold;font-size:0.85em"">Alerte</span><br>depuis le 18 juil. 2026<br><small>Zone : Zone AEP départementale</small>",29 sept. 2026
5724915,Arturby-Jabron,83,Var,AEP,alerte,Alerte,2,2026-08-06,,DDTM/SEBIO/2026-178,"<b>Eau du robinet</b><br><span style=""background:orange;color:#fff;padding:2px 7px;border-radius:4px;font-weight:bold;font-size:0.85em"">Alerte</span><br>depuis le 6 août 2026<br><small>Zone : Arturby-Jabron</small>",29 sept. 2026
5724918,Argens,83,Var,AEP,alerte,Alerte,2,2026-07-24,, DDTM/SEBIO/2026-157,"<b>Eau du robinet</b><br><span style=""background:orange;color:#fff;padding:2px 7px;border-radius:4px;font-weight:bold;font-size:0.85em"">Alerte</span><br>depuis le 24 juil. 2026<br><small>Zone : Argens</small>",29 sept. 2026
5724919,Gapeau,83,Var,AEP,alerte,Alerte,2,2026-08-14,,DDTM/SEBIO/2026-175,"<b>Eau du robinet</b><br><span style=""background:orange;color:#fff;padding:2px 7px;border-radius:4px;font-weight:bold;font-size:0.85em"">Alerte</span><br>depuis le 14 août 2026<br><small>Zone : Gapeau</small>",29 sept. 2026
5724956,Bassin  de l'Æygues,84,Vaucluse,AEP,alerte,Alerte,2,2026-08-10,2026-10-31,AIP 10 AOUT 2026 - ALERTE AYGUES,"<b>Eau du robinet</b><br><span style=""background:orange;color:#fff;padding:2px 7px;border-radius:4px;font-weight:bold;font-size:0.85em"">Alerte</span><br>du 10 août 2026 au 31 oct. 2026<br><small>Zone : Bassin  de l'Æygues</small>",29 sept. 2026
5718332,Zone AEP départementale,16,Charente,AEP,alerte,Alerte,2,2026-07-14,2026-10-31,AP_Restrictions_AEP_162026071300002,"<b>Eau du robinet</b><br><span style=""background:orange;color:#fff;padding:2px 7px;border-radius:4px;font-weight:bold;font-size:0.85em"">Alerte</span><br>du 14 juil. 2026 au 31 oct. 2026<br><small>Zone : Zone AEP départementale</small>",29 sept. 2026
5725305,Orge-Rémarde - hors Beauce centrale,91,Essonne,AEP,alerte,Alerte,2,2026-09-12,2026-10-31,2026-372_orge-rémarde+04+20_esuo+aep_al_ph1,"<b>Eau du robinet</b><br><span style=""background:orange;color:#fff;padding:2px 7px;border-radius:4px;font-weight:bold;font-size:0.85em"">Alerte</span><br>du 12 sept. 2026 au 31 oct. 2026<br><small>Zone : Orge-Rémarde - hors Beauce centrale</small>",29 sept. 2026
5725559,Bassin du Vexin,95,Val-d'Oise,AEP,alerte,Alerte,2,2026-09-10,2026-11-10,18819,"<b>Eau du robinet</b><br><span style=""background:orange;color:#fff;padding:2px 7px;border-radius:4px;font-weight:bold;font-size:0.85em"">Alerte</span><br>du 10 sept. 2026 au 10 nov. 2026<br><small>Zone : Bassin du Vexin</small>",29 sept. 2026
5719024,Zone 3,2A,Corse-du-Sud,AEP,alerte,Alerte,2,2026-08-07,2026-10-31,2A-2026-08-07-00001,"<b>Eau du robinet</b><br><span style=""background:orange;color:#fff;padding:2px 7px;border-radius:4px;font-weight:bold;font-size:0.85em"">Alerte</span><br>du 7 août 2026 au 31 oct. 2026<br><small>Zone : Zone 3</small>",29 sept. 2026
5719027,Zone 4,2A,Corse-du-Sud,AEP,alerte,Alerte,2,2026-08-07,2026-10-31,2A-2026-08-07-00001,"<b>Eau du robinet</b><br><span style=""background:orange;color:#fff;padding:2px 7px;border-radius:4px;font-weight:bold;font-size:0.85em"">Alerte</span><br>du 7 août 2026 au 31 oct. 2026<br><small>Zone : Zone 4</small>",29 sept. 2026
5719028,Zone 5,2A,Corse-du-Sud,AEP,alerte,Alerte,2,2026-08-07,2026-10-31,2A-2026-08-07-00001,"<b>Eau du robinet</b><br><span style=""background:orange;color:#fff;padding:2px 7px;border-radius:4px;font-weight:bold;font-size:0.85em"">Alerte</span><br>du 7 août 2026 au 31 oct. 2026<br><small>Zone : Zone 5</small>",29 sept. 2026
5720643,Bassin de La Braye,41,Loir-et-Cher,AEP,alerte,Alerte,2,2026-09-25,,41-2026-09-24-00004,"<b>Eau du robinet</b><br><span style=""background:orange;color:#fff;padding:2px 7px;border-radius:4px;font-weight:bold;font-size:0.85em"">Alerte</span><br>depuis le 25 sept. 2026<br><small>Zone : Bassin de La Braye</small>",29 sept. 2026
5720646,Bassin de la Cisse,41,Loir-et-Cher,AEP,alerte,Alerte,2,2026-09-25,,41-2026-09-24-00004,"<b>Eau du robinet</b><br><span style=""background:orange;color:#fff;padding:2px 7px;border-radius:4px;font-weight:bold;font-size:0.85em"">Alerte</span><br>depuis le 25 sept. 2026<br><small>Zone : Bassin de la Cisse</small>",29 sept. 2026
5721658,"Lauter, Sauer, Moder et Zorn partie du département 57",57,Moselle,AEP,alerte,Alerte,2,2026-09-01,2026-09-30,2026-DDT/SABE/EAU N°80,"<b>Eau du robinet</b><br><span style=""background:orange;color:#fff;padding:2px 7px;border-radius:4px;font-weight:bold;font-size:0.85em"">Alerte</span><br>du 1 sept. 2026 au 30 sept. 2026<br><small>Zone : Lauter, Sauer, Moder et Zorn partie du département 57</small>",29 sept. 2026
5723466,ORNE AMONT,61,Orne,AEP,alerte,Alerte,2,2026-09-17,2026-10-31,2350-26-00093,"<b>Eau du robinet</b><br><span style=""background:orange;color:#fff;padding:2px 7px;border-radius:4px;font-weight:bold;font-size:0.85em"">Alerte</span><br>du 17 sept. 2026 au 31 oct. 2026<br><small>Zone : ORNE AMONT</small>",29 sept. 2026
5723462,RISLE - CHARENTONNE - GUIEL,61,Orne,AEP,alerte,Alerte,2,2026-09-17,2026-10-31,2350-26-00093,"<b>Eau du robinet</b><br><span style=""background:orange;color:#fff;padding:2px 7px;border-radius:4px;font-weight:bold;font-size:0.85em"">Alerte</span><br>du 17 sept. 2026 au 31 oct. 2026<br><small>Zone : RISLE - CHARENTONNE - GUIEL</small>",29 sept. 2026
5723463,DIVES - VIE,61,Orne,AEP,alerte,Alerte,2,2026-09-17,2026-10-31,2350-26-00093,"<b>Eau du robinet</b><br><span style=""background:orange;color:#fff;padding:2px 7px;border-radius:4px;font-weight:bold;font-size:0.85em"">Alerte</span><br>du 17 sept. 2026 au 31 oct. 2026<br><small>Zone : DIVES - VIE</small>",29 sept. 2026
5723498,Bassins versants de la Scarpe amont et de la Sensée,62,Pas-de-Calais,AEP,alerte,Alerte,2,2026-08-15,2026-10-31,2026-08-14,"<b>Eau du robinet</b><br><span style=""background:orange;color:#fff;padding:2px 7px;border-radius:4px;font-weight:bold;font-size:0.85em"">Alerte</span><br>du 15 août 2026 au 31 oct. 2026<br><small>Zone : Bassins versants de la Scarpe amont et de la Sensée</small>",29 sept. 2026
5723501,Bassin versant de l'Escaut,62,Pas-de-Calais,AEP,alerte,Alerte,2,2026-08-15,2026-10-31,2026-08-14,"<b>Eau du robinet</b><br><span style=""background:orange;color:#fff;padding:2px 7px;border-radius:4px;font-weight:bold;font-size:0.85em"">Alerte</span><br>du 15 août 2026 au 31 oct. 2026<br><small>Zone : Bassin versant de l'Escaut</small>",29 sept. 2026
5720801,Betz,45,Loiret,AEP,alerte,Alerte,2,2026-09-23,,DDT-SEEF-2026-210,"<b>Eau du robinet</b><br><span style=""background:orange;color:#fff;padding:2px 7px;border-radius:4px;font-weight:bold;font-size:0.85em"">Alerte</span><br>depuis le 23 sept. 2026<br><small>Zone : Betz</small>",29 sept. 2026
5720806,Loire-aval,45,Loiret,AEP,alerte,Alerte,2,2026-09-23,,DDT-SEEF-2026-210,"<b>Eau du robinet</b><br><span style=""background:orange;color:#fff;padding:2px 7px;border-radius:4px;font-weight:bold;font-size:0.85em"">Alerte</span><br>depuis le 23 sept. 2026<br><small>Zone : Loire-aval</small>",29 sept. 2026
5720790,Notreure,45,Loiret,AEP,alerte,Alerte,2,2026-09-23,,DDT-SEEF-2026-210,"<b>Eau du robinet</b><br><span style=""background:orange;color:#fff;padding:2px 7px;border-radius:4px;font-weight:bold;font-size:0.85em"">Alerte</span><br>depuis le 23 sept. 2026<br><small>Zone : Notreure</small>",29 sept. 2026
5720793,Ouanne,45,Loiret,AEP,alerte,Alerte,2,2026-09-23,,DDT-SEEF-2026-210,"<b>Eau du robinet</b><br><span style=""background:orange;color:#fff;padding:2px 7px;border-radius:4px;font-weight:bold;font-size:0.85em"">Alerte</span><br>depuis le 23 sept. 2026<br><small>Zone : Ouanne</small>",29 sept. 2026
5720796,Essonne,45,Loiret,AEP,alerte,Alerte,2,2026-09-23,,DDT-SEEF-2026-210,"<b>Eau du robinet</b><br><span style=""background:orange;color:#fff;padding:2px 7px;border-radius:4px;font-weight:bold;font-size:0.85em"">Alerte</span><br>depuis le 23 sept. 2026<br><small>Zone : Essonne</small>",29 sept. 2026
5720799,Loing aval,45,Loiret,AEP,alerte,Alerte,2,2026-09-23,,DDT-SEEF-2026-210,"<b>Eau du robinet</b><br><span style=""background:orange;color:#fff;padding:2px 7px;border-radius:4px;font-weight:bold;font-size:0.85em"">Alerte</span><br>depuis le 23 sept. 2026<br><small>Zone : Loing aval</small>",29 sept. 2026
5720864,Communes_Alerte,46,Lot,AEP,alerte,Alerte,2,2026-08-15,2026-10-31,AP_E_2026_237,"<b>Eau du robinet</b><br><span style=""background:orange;color:#fff;padding:2px 7px;border-radius:4px;font-weight:bold;font-size:0.85em"">Alerte</span><br>du 15 août 2026 au 31 oct. 2026<br><small>Zone : Communes_Alerte</small>",29 sept. 2026
5723895,BRAY,76,Seine-Maritime,AEP,alerte,Alerte,2,2026-07-20,2026-12-31,76_20260720_zone10_Alerte_ESU,"<b>Eau du robinet</b><br><span style=""background:orange;color:#fff;padding:2px 7px;border-radius:4px;font-weight:bold;font-size:0.85em"">Alerte</span><br>du 20 juil. 2026 au 31 déc. 2026<br><small>Zone : BRAY</small>",29 sept. 2026
5716335,Escaut souterraine,02,Aisne,AEP,alerte,Alerte,2,2026-08-26,,ENV/PE/2026/046,"<b>Eau du robinet</b><br><span style=""background:orange;color:#fff;padding:2px 7px;border-radius:4px;font-weight:bold;font-size:0.85em"">Alerte</span><br>depuis le 26 août 2026<br><small>Zone : Escaut souterraine</small>",29 sept. 2026
5716315,Surmelin,02,Aisne,AEP,alerte,Alerte,2,2026-08-26,,ENV/PE/2026/046,"<b>Eau du robinet</b><br><span style=""background:orange;color:#fff;padding:2px 7px;border-radius:4px;font-weight:bold;font-size:0.85em"">Alerte</span><br>depuis le 26 août 2026<br><small>Zone : Surmelin</small>",29 sept. 2026
5719704,Bassin de la Creuse (Cr),37,Indre-et-Loire,AEP,alerte,Alerte,2,2026-09-27,2026-10-31,Arrêté du 25 SEPTEMBRE 2026,"<b>Eau du robinet</b><br><span style=""background:orange;color:#fff;padding:2px 7px;border-radius:4px;font-weight:bold;font-size:0.85em"">Alerte</span><br>du 27 sept. 2026 au 31 oct. 2026<br><small>Zone : Bassin de la Creuse (Cr)</small>",29 sept. 2026
5719708,Bassin de l'Esves,37,Indre-et-Loire,AEP,alerte,Alerte,2,2026-09-27,2026-10-31,Arrêté du 25 SEPTEMBRE 2026,"<b>Eau du robinet</b><br><span style=""background:orange;color:#fff;padding:2px 7px;border-radius:4px;font-weight:bold;font-size:0.85em"">Alerte</span><br>du 27 sept. 2026 au 31 oct. 2026<br><small>Zone : Bassin de l'Esves</small>",29 sept. 2026
5718050,UDI_alerte,09,Ariège,AEP,alerte,Alerte,2,2026-09-21,2026-10-31,20260918,"<b>Eau du robinet</b><br><span style=""background:orange;color:#fff;padding:2px 7px;border-radius:4px;font-weight:bold;font-size:0.85em"">Alerte</span><br>du 21 sept. 2026 au 31 oct. 2026<br><small>Zone : UDI_alerte</small>",29 sept. 2026
5719789,Agglomération Grenobloise (sout.),38,Isère,AEP,alerte,Alerte,2,2026-08-20,2026-09-30,38-2026-08-20-00004 [Isère],"<b>Eau du robinet</b><br><span style=""background:orange;color:#fff;padding:2px 7px;border-radius:4px;font-weight:bold;font-size:0.85em"">Alerte</span><br>du 20 août 2026 au 30 sept. 2026<br><small>Zone : Agglomération Grenobloise (sout.)</small>",29 sept. 2026
5722725,Bassins versants de la Scarpe amont et de la Sensée,59,Nord,AEP,alerte,Alerte,2,2026-08-15,2026-10-31,Arrêté préfectoral du 14 août 2026,"<b>Eau du robinet</b><br><span style=""background:orange;color:#fff;padding:2px 7px;border-radius:4px;font-weight:bold;font-size:0.85em"">Alerte</span><br>du 15 août 2026 au 31 oct. 2026<br><small>Zone : Bassins versants de la Scarpe amont et de la Sensée</small>",29 sept. 2026
5722726,Bassin versant de la Sambre,59,Nord,AEP,alerte,Alerte,2,2026-08-15,2026-10-31,Arrêté préfectoral du 14 août 2026,"<b>Eau du robinet</b><br><span style=""background:orange;color:#fff;padding:2px 7px;border-radius:4px;font-weight:bold;font-size:0.85em"">Alerte</span><br>du 15 août 2026 au 31 oct. 2026<br><small>Zone : Bassin versant de la Sambre</small>",29 sept. 2026
5722728,Bassin versant de l'Escaut,59,Nord,AEP,alerte,Alerte,2,2026-08-15,2026-10-31,Arrêté préfectoral du 14 août 2026,"<b>Eau du robinet</b><br><span style=""background:orange;color:#fff;padding:2px 7px;border-radius:4px;font-weight:bold;font-size:0.85em"">Alerte</span><br>du 15 août 2026 au 31 oct. 2026<br><small>Zone : Bassin versant de l'Escaut</small>",29 sept. 2026
5719060,Gardon aval (prise d'eau canal d'irrigation de Boucoiran pont de la RN 106 jusqu'au Pont de Montfrin),30,Gard,AEP,alerte_renforcee,Alerte renforcée,3,2026-08-21,2026-10-31,30-2026-08-21-00001,"<b>Eau du robinet</b><br><span style=""background:red;color:#fff;padding:2px 7px;border-radius:4px;font-weight:bold;font-size:0.85em"">Alerte renforcée</span><br>du 21 août 2026 au 31 oct. 2026<br><small>Zone : Gardon aval (prise d'eau canal d'irrigation de Boucoiran pont de la RN 106 jusqu'au Pont de Montfrin)</small>",29 sept. 2026
5719061,Dourbie et Trevezel,30,Gard,AEP,alerte_renforcee,Alerte renforcée,3,2026-08-21,2026-10-31,30-2026-08-21-00001,"<b>Eau du robinet</b><br><span style=""background:red;color:#fff;padding:2px 7px;border-radius:4px;font-weight:bold;font-size:0.85em"">Alerte renforcée</span><br>du 21 août 2026 au 31 oct. 2026<br><small>Zone : Dourbie et Trevezel</small>",29 sept. 2026
5719063,Ardeche gardoise,30,Gard,AEP,alerte_renforcee,Alerte renforcée,3,2026-08-21,2026-10-31,30-2026-08-21-00001,"<b>Eau du robinet</b><br><span style=""background:red;color:#fff;padding:2px 7px;border-radius:4px;font-weight:bold;font-size:0.85em"">Alerte renforcée</span><br>du 21 août 2026 au 31 oct. 2026<br><small>Zone : Ardeche gardoise</small>",29 sept. 2026
5719064,Cèze aval (de sa confluence avec la Claysse jusqu'au Rhône),30,Gard,AEP,alerte_renforcee,Alerte renforcée,3,2026-08-21,2026-10-31,30-2026-08-21-00001,"<b>Eau du robinet</b><br><span style=""background:red;color:#fff;padding:2px 7px;border-radius:4px;font-weight:bold;font-size:0.85em"">Alerte renforcée</span><br>du 21 août 2026 au 31 oct. 2026<br><small>Zone : Cèze aval (de sa confluence avec la Claysse jusqu'au Rhône)</small>",29 sept. 2026
5721005,II - Douve - Taute - côtiers nord-est - ESU,50,Manche,AEP,alerte_renforcee,Alerte renforcée,3,2026-09-25,2026-10-31,2026-DDTM-SE-189,"<b>Eau du robinet</b><br><span style=""background:red;color:#fff;padding:2px 7px;border-radius:4px;font-weight:bold;font-size:0.85em"">Alerte renforcée</span><br>du 25 sept. 2026 au 31 oct. 2026<br><small>Zone : II - Douve - Taute - côtiers nord-est - ESU</small>",29 sept. 2026
5721006,VI - Sélune - ESU,50,Manche,AEP,alerte_renforcee,Alerte renforcée,3,2026-09-25,2026-10-31,2026-DDTM-SE-189,"<b>Eau du robinet</b><br><span style=""background:red;color:#fff;padding:2px 7px;border-radius:4px;font-weight:bold;font-size:0.85em"">Alerte renforcée</span><br>du 25 sept. 2026 au 31 oct. 2026<br><small>Zone : VI - Sélune - ESU</small>",29 sept. 2026
5721007,V - Sée - côtiers granvillais - ESU,50,Manche,AEP,alerte_renforcee,Alerte renforcée,3,2026-09-25,2026-10-31,2026-DDTM-SE-189,"<b>Eau du robinet</b><br><span style=""background:red;color:#fff;padding:2px 7px;border-radius:4px;font-weight:bold;font-size:0.85em"">Alerte renforcée</span><br>du 25 sept. 2026 au 31 oct. 2026<br><small>Zone : V - Sée - côtiers granvillais - ESU</small>",29 sept. 2026
5721009,I - Nord Cotentin - ESU,50,Manche,AEP,alerte_renforcee,Alerte renforcée,3,2026-09-25,2026-10-31,2026-DDTM-SE-189,"<b>Eau du robinet</b><br><span style=""background:red;color:#fff;padding:2px 7px;border-radius:4px;font-weight:bold;font-size:0.85em"">Alerte renforcée</span><br>du 25 sept. 2026 au 31 oct. 2026<br><small>Zone : I - Nord Cotentin - ESU</small>",29 sept. 2026
5723669,Tech - Albères,66,Pyrénées-Orientales,AEP,alerte_renforcee,Alerte renforcée,3,2026-09-11,2026-11-30,DDTM-SER-2026-254-0001,"<b>Eau du robinet</b><br><span style=""background:red;color:#fff;padding:2px 7px;border-radius:4px;font-weight:bold;font-size:0.85em"">Alerte renforcée</span><br>du 11 sept. 2026 au 30 nov. 2026<br><small>Zone : Tech - Albères</small>",29 sept. 2026
5723671,Nappes Têt amont,66,Pyrénées-Orientales,AEP,alerte_renforcee,Alerte renforcée,3,2026-09-11,2026-11-30,DDTM-SER-2026-254-0001,"<b>Eau du robinet</b><br><span style=""background:red;color:#fff;padding:2px 7px;border-radius:4px;font-weight:bold;font-size:0.85em"">Alerte renforcée</span><br>du 11 sept. 2026 au 30 nov. 2026<br><small>Zone : Nappes Têt amont</small>",29 sept. 2026
5721034,Petit Morin - SUP,51,Marne,AEP,alerte_renforcee,Alerte renforcée,3,2026-08-29,2026-10-31,60-2026-SEC,"<b>Eau du robinet</b><br><span style=""background:red;color:#fff;padding:2px 7px;border-radius:4px;font-weight:bold;font-size:0.85em"">Alerte renforcée</span><br>du 29 août 2026 au 31 oct. 2026<br><small>Zone : Petit Morin - SUP</small>",29 sept. 2026
5721036,Grand Morin - SUP,51,Marne,AEP,alerte_renforcee,Alerte renforcée,3,2026-08-29,2026-10-31,60-2026-SEC,"<b>Eau du robinet</b><br><span style=""background:red;color:#fff;padding:2px 7px;border-radius:4px;font-weight:bold;font-size:0.85em"">Alerte renforcée</span><br>du 29 août 2026 au 31 oct. 2026<br><small>Zone : Grand Morin - SUP</small>",29 sept. 2026
5721038,Aisne Amont - SUP,51,Marne,AEP,alerte_renforcee,Alerte renforcée,3,2026-08-29,2026-10-31,60-2026-SEC,"<b>Eau du robinet</b><br><span style=""background:red;color:#fff;padding:2px 7px;border-radius:4px;font-weight:bold;font-size:0.85em"">Alerte renforcée</span><br>du 29 août 2026 au 31 oct. 2026<br><small>Zone : Aisne Amont - SUP</small>",29 sept. 2026
5721039,Blaise - SUP,51,Marne,AEP,alerte_renforcee,Alerte renforcée,3,2026-08-29,2026-10-31,60-2026-SEC,"<b>Eau du robinet</b><br><span style=""background:red;color:#fff;padding:2px 7px;border-radius:4px;font-weight:bold;font-size:0.85em"">Alerte renforcée</span><br>du 29 août 2026 au 31 oct. 2026<br><small>Zone : Blaise - SUP</small>",29 sept. 2026
5721040,Craie de Champagne Nord - SUP,51,Marne,AEP,alerte_renforcee,Alerte renforcée,3,2026-08-29,2026-10-31,60-2026-SEC,"<b>Eau du robinet</b><br><span style=""background:red;color:#fff;padding:2px 7px;border-radius:4px;font-weight:bold;font-size:0.85em"">Alerte renforcée</span><br>du 29 août 2026 au 31 oct. 2026<br><small>Zone : Craie de Champagne Nord - SUP</small>",29 sept. 2026
5721042,Saulx et Omain - SUP,51,Marne,AEP,alerte_renforcee,Alerte renforcée,3,2026-08-29,2026-10-31,60-2026-SEC,"<b>Eau du robinet</b><br><span style=""background:red;color:#fff;padding:2px 7px;border-radius:4px;font-weight:bold;font-size:0.85em"">Alerte renforcée</span><br>du 29 août 2026 au 31 oct. 2026<br><small>Zone : Saulx et Omain - SUP</small>",29 sept. 2026
5721044,Affluents Crayeux Marne et Aisne Aval - SUP,51,Marne,AEP,alerte_renforcee,Alerte renforcée,3,2026-08-29,2026-10-31,60-2026-SEC,"<b>Eau du robinet</b><br><span style=""background:red;color:#fff;padding:2px 7px;border-radius:4px;font-weight:bold;font-size:0.85em"">Alerte renforcée</span><br>du 29 août 2026 au 31 oct. 2026<br><small>Zone : Affluents Crayeux Marne et Aisne Aval - SUP</small>",29 sept. 2026
5724963,Zone AEP départementale,85,Vendée,AEP,alerte_renforcee,Alerte renforcée,3,2026-09-09,,26-DDTM85-579,"<b>Eau du robinet</b><br><span style=""background:red;color:#fff;padding:2px 7px;border-radius:4px;font-weight:bold;font-size:0.85em"">Alerte renforcée</span><br>depuis le 9 sept. 2026<br><small>Zone : Zone AEP départementale</small>",29 sept. 2026
5718356,Zone AEP départementale,17,Charente-Maritime,AEP,alerte_renforcee,Alerte renforcée,3,2026-07-18,2026-10-31,26EB498 alerte renforcée eau potable,"<b>Eau du robinet</b><br><span style=""background:red;color:#fff;padding:2px 7px;border-radius:4px;font-weight:bold;font-size:0.85em"">Alerte renforcée</span><br>du 18 juil. 2026 au 31 oct. 2026<br><small>Zone : Zone AEP départementale</small>",29 sept. 2026
5724644,Zone Seine,78,Yvelines,AEP,alerte_renforcee,Alerte renforcée,3,2026-09-19,2026-12-31,78-2026-09-18-0005,"<b>Eau du robinet</b><br><span style=""background:red;color:#fff;padding:2px 7px;border-radius:4px;font-weight:bold;font-size:0.85em"">Alerte renforcée</span><br>du 19 sept. 2026 au 31 déc. 2026<br><small>Zone : Zone Seine</small>",29 sept. 2026
5723685,"bassins de la Lauter, de la Sauer, de la Moder et de la Zorn - partie dpt 67",67,Bas-Rhin,AEP,alerte_renforcee,Alerte renforcée,3,2026-09-09,2026-10-31,9 septembre 2026,"<b>Eau du robinet</b><br><span style=""background:red;color:#fff;padding:2px 7px;border-radius:4px;font-weight:bold;font-size:0.85em"">Alerte renforcée</span><br>du 9 sept. 2026 au 31 oct. 2026<br><small>Zone : bassins de la Lauter, de la Sauer, de la Moder et de la Zorn - partie dpt 67</small>",29 sept. 2026
5721158,"Moselle aval, Orne, Nied et Seille partie du département 57",57,Moselle,AEP,alerte_renforcee,Alerte renforcée,3,2026-09-01,2026-09-30,2026-DDT/SABE/EAU N°80,"<b>Eau du robinet</b><br><span style=""background:red;color:#fff;padding:2px 7px;border-radius:4px;font-weight:bold;font-size:0.85em"">Alerte renforcée</span><br>du 1 sept. 2026 au 30 sept. 2026<br><small>Zone : Moselle aval, Orne, Nied et Seille partie du département 57</small>",29 sept. 2026
5723696,Ill amont tous prélèvements y compris AEP,68,Haut-Rhin,AEP,alerte_renforcee,Alerte renforcée,3,2026-09-11,2026-11-01,2026-20,"<b>Eau du robinet</b><br><span style=""background:red;color:#fff;padding:2px 7px;border-radius:4px;font-weight:bold;font-size:0.85em"">Alerte renforcée</span><br>du 11 sept. 2026 au 1 nov. 2026<br><small>Zone : Ill amont tous prélèvements y compris AEP</small>",29 sept. 2026
5723691,AEP,68,Haut-Rhin,AEP,alerte_renforcee,Alerte renforcée,3,2026-07-31,2026-11-01,2026-13,"<b>Eau du robinet</b><br><span style=""background:red;color:#fff;padding:2px 7px;border-radius:4px;font-weight:bold;font-size:0.85em"">Alerte renforcée</span><br>du 31 juil. 2026 au 1 nov. 2026<br><small>Zone : AEP</small>",29 sept. 2026
5718068,Aube amont,10,Aube,AEP,alerte_renforcee,Alerte renforcée,3,2026-09-26,2026-10-31,DDT/SEB/PREMA-2026268-0001,"<b>Eau du robinet</b><br><span style=""background:red;color:#fff;padding:2px 7px;border-radius:4px;font-weight:bold;font-size:0.85em"">Alerte renforcée</span><br>du 26 sept. 2026 au 31 oct. 2026<br><small>Zone : Aube amont</small>",29 sept. 2026
5718070,Affluents crayeux Aube et Seine,10,Aube,AEP,alerte_renforcee,Alerte renforcée,3,2026-09-26,2026-10-31,DDT/SEB/PREMA-2026268-0001,"<b>Eau du robinet</b><br><span style=""background:red;color:#fff;padding:2px 7px;border-radius:4px;font-weight:bold;font-size:0.85em"">Alerte renforcée</span><br>du 26 sept. 2026 au 31 oct. 2026<br><small>Zone : Affluents crayeux Aube et Seine</small>",29 sept. 2026
5718071,Craie du Senonais et pays d'Othe,10,Aube,AEP,alerte_renforcee,Alerte renforcée,3,2026-09-26,2026-10-31,DDT/SEB/PREMA-2026268-0001,"<b>Eau du robinet</b><br><span style=""background:red;color:#fff;padding:2px 7px;border-radius:4px;font-weight:bold;font-size:0.85em"">Alerte renforcée</span><br>du 26 sept. 2026 au 31 oct. 2026<br><small>Zone : Craie du Senonais et pays d'Othe</small>",29 sept. 2026
5721061,BLAISE,52,Haute-Marne,AEP,alerte_renforcee,Alerte renforcée,3,2026-08-11,2026-10-31,52-2026-08-00045,"<b>Eau du robinet</b><br><span style=""background:red;color:#fff;padding:2px 7px;border-radius:4px;font-weight:bold;font-size:0.85em"">Alerte renforcée</span><br>du 11 août 2026 au 31 oct. 2026<br><small>Zone : BLAISE</small>",29 sept. 2026
5721063,zone non couverte par l'arrêté cadre,52,Haute-Marne,AEP,alerte_renforcee,Alerte renforcée,3,2026-08-11,2026-10-31,52-2026-08-00045,"<b>Eau du robinet</b><br><span style=""background:red;color:#fff;padding:2px 7px;border-radius:4px;font-weight:bold;font-size:0.85em"">Alerte renforcée</span><br>du 11 août 2026 au 31 oct. 2026<br><small>Zone : zone non couverte par l'arrêté cadre</small>",29 sept. 2026
5721056,SEINE AMONT,52,Haute-Marne,AEP,alerte_renforcee,Alerte renforcée,3,2026-08-11,2026-10-31,52-2026-08-00045,"<b>Eau du robinet</b><br><span style=""background:red;color:#fff;padding:2px 7px;border-radius:4px;font-weight:bold;font-size:0.85em"">Alerte renforcée</span><br>du 11 août 2026 au 31 oct. 2026<br><small>Zone : SEINE AMONT</small>",29 sept. 2026
5721062,MARNE AMONT,52,Haute-Marne,AEP,alerte_renforcee,Alerte renforcée,3,2026-08-11,2026-10-31,52-2026-08-00045,"<b>Eau du robinet</b><br><span style=""background:red;color:#fff;padding:2px 7px;border-radius:4px;font-weight:bold;font-size:0.85em"">Alerte renforcée</span><br>du 11 août 2026 au 31 oct. 2026<br><small>Zone : MARNE AMONT</small>",29 sept. 2026
5721057,SAULX ORNAIN,52,Haute-Marne,AEP,alerte_renforcee,Alerte renforcée,3,2026-08-11,2026-10-31,52-2026-08-00045,"<b>Eau du robinet</b><br><span style=""background:red;color:#fff;padding:2px 7px;border-radius:4px;font-weight:bold;font-size:0.85em"">Alerte renforcée</span><br>du 11 août 2026 au 31 oct. 2026<br><small>Zone : SAULX ORNAIN</small>",29 sept. 2026
5721060,AUBE AMONT,52,Haute-Marne,AEP,alerte_renforcee,Alerte renforcée,3,2026-08-11,2026-10-31,52-2026-08-00045,"<b>Eau du robinet</b><br><span style=""background:red;color:#fff;padding:2px 7px;border-radius:4px;font-weight:bold;font-size:0.85em"">Alerte renforcée</span><br>du 11 août 2026 au 31 oct. 2026<br><small>Zone : AUBE AMONT</small>",29 sept. 2026
5721137,Hoedic,56,Morbihan,AEP,alerte_renforcee,Alerte renforcée,3,2026-08-08,2026-11-30,20260807_AP_AR_Iles,"<b>Eau du robinet</b><br><span style=""background:red;color:#fff;padding:2px 7px;border-radius:4px;font-weight:bold;font-size:0.85em"">Alerte renforcée</span><br>du 8 août 2026 au 30 nov. 2026<br><small>Zone : Hoedic</small>",29 sept. 2026
5721138,Groix,56,Morbihan,AEP,alerte_renforcee,Alerte renforcée,3,2026-08-08,2026-11-30,20260807_AP_AR_Iles,"<b>Eau du robinet</b><br><span style=""background:red;color:#fff;padding:2px 7px;border-radius:4px;font-weight:bold;font-size:0.85em"">Alerte renforcée</span><br>du 8 août 2026 au 30 nov. 2026<br><small>Zone : Groix</small>",29 sept. 2026
5721139,Houat,56,Morbihan,AEP,alerte_renforcee,Alerte renforcée,3,2026-08-08,2026-11-30,20260807_AP_AR_Iles,"<b>Eau du robinet</b><br><span style=""background:red;color:#fff;padding:2px 7px;border-radius:4px;font-weight:bold;font-size:0.85em"">Alerte renforcée</span><br>du 8 août 2026 au 30 nov. 2026<br><small>Zone : Houat</small>",29 sept. 2026
5721140,Belle-Île-en-mer,56,Morbihan,AEP,alerte_renforcee,Alerte renforcée,3,2026-08-08,2026-11-30,20260807_AP_AR_Iles,"<b>Eau du robinet</b><br><span style=""background:red;color:#fff;padding:2px 7px;border-radius:4px;font-weight:bold;font-size:0.85em"">Alerte renforcée</span><br>du 8 août 2026 au 30 nov. 2026<br><small>Zone : Belle-Île-en-mer</small>",29 sept. 2026
5723715,ZONE 8,69,Rhône,AEP,alerte_renforcee,Alerte renforcée,3,2026-08-24,2026-10-31,DDT_SENR_2026_B121,"<b>Eau du robinet</b><br><span style=""background:red;color:#fff;padding:2px 7px;border-radius:4px;font-weight:bold;font-size:0.85em"">Alerte renforcée</span><br>du 24 août 2026 au 31 oct. 2026<br><small>Zone : ZONE 8</small>",29 sept. 2026
5723716,ZONE 9,69,Rhône,AEP,alerte_renforcee,Alerte renforcée,3,2026-08-24,2026-10-31,DDT_SENR_2026_B121,"<b>Eau du robinet</b><br><span style=""background:red;color:#fff;padding:2px 7px;border-radius:4px;font-weight:bold;font-size:0.85em"">Alerte renforcée</span><br>du 24 août 2026 au 31 oct. 2026<br><small>Zone : ZONE 9</small>",29 sept. 2026
5723721,ZONE 7,69,Rhône,AEP,alerte_renforcee,Alerte renforcée,3,2026-08-24,2026-10-31,DDT_SENR_2026_B121,"<b>Eau du robinet</b><br><span style=""background:red;color:#fff;padding:2px 7px;border-radius:4px;font-weight:bold;font-size:0.85em"">Alerte renforcée</span><br>du 24 août 2026 au 31 oct. 2026<br><small>Zone : ZONE 7</small>",29 sept. 2026
5724690,SERTAD,79,Deux-Sèvres,AEP,alerte_renforcee,Alerte renforcée,3,2026-09-12,2026-10-31,20260911_AP_AEP,"<b>Eau du robinet</b><br><span style=""background:red;color:#fff;padding:2px 7px;border-radius:4px;font-weight:bold;font-size:0.85em"">Alerte renforcée</span><br>du 12 sept. 2026 au 31 oct. 2026<br><small>Zone : SERTAD</small>",29 sept. 2026
5723804,Sarthe amont,72,Sarthe,AEP,alerte_renforcee,Alerte renforcée,3,2026-09-24,,AP n°13 du 22 09 2026,"<b>Eau du robinet</b><br><span style=""background:red;color:#fff;padding:2px 7px;border-radius:4px;font-weight:bold;font-size:0.85em"">Alerte renforcée</span><br>depuis le 24 sept. 2026<br><small>Zone : Sarthe amont</small>",29 sept. 2026
5723818,Vaudelle-Merdereau-Orthe,72,Sarthe,AEP,alerte_renforcee,Alerte renforcée,3,2026-09-24,,AP n°13 du 22 09 2026,"<b>Eau du robinet</b><br><span style=""background:red;color:#fff;padding:2px 7px;border-radius:4px;font-weight:bold;font-size:0.85em"">Alerte renforcée</span><br>depuis le 24 sept. 2026<br><small>Zone : Vaudelle-Merdereau-Orthe</small>",29 sept. 2026
5724687,CCHVS,79,Deux-Sèvres,AEP,alerte_renforcee,Alerte renforcée,3,2026-09-12,2026-10-31,20260911_AP_AEP,"<b>Eau du robinet</b><br><span style=""background:red;color:#fff;padding:2px 7px;border-radius:4px;font-weight:bold;font-size:0.85em"">Alerte renforcée</span><br>du 12 sept. 2026 au 31 oct. 2026<br><small>Zone : CCHVS</small>",29 sept. 2026
5724995,Zone AEP départementale,86,Vienne,AEP,alerte_renforcee,Alerte renforcée,3,2026-08-10,2026-11-01,AP_N°2026_DDT_SEB_358_AEP,"<b>Eau du robinet</b><br><span style=""background:red;color:#fff;padding:2px 7px;border-radius:4px;font-weight:bold;font-size:0.85em"">Alerte renforcée</span><br>du 10 août 2026 au 1 nov. 2026<br><small>Zone : Zone AEP départementale</small>",29 sept. 2026
5716180,Dombes - Sud,01,Ain,AEP,alerte_renforcee,Alerte renforcée,3,2026-08-20,2026-10-31,2026-07,"<b>Eau du robinet</b><br><span style=""background:red;color:#fff;padding:2px 7px;border-radius:4px;font-weight:bold;font-size:0.85em"">Alerte renforcée</span><br>du 20 août 2026 au 31 oct. 2026<br><small>Zone : Dombes - Sud</small>",29 sept. 2026
5722783,bassin Oise-Aisne,60,Oise,AEP,alerte_renforcee,Alerte renforcée,3,2026-09-15,,DDT60 - 20260915,"<b>Eau du robinet</b><br><span style=""background:red;color:#fff;padding:2px 7px;border-radius:4px;font-weight:bold;font-size:0.85em"">Alerte renforcée</span><br>depuis le 15 sept. 2026<br><small>Zone : bassin Oise-Aisne</small>",29 sept. 2026
5722786,bassin de la Celle et Evoisson,60,Oise,AEP,alerte_renforcee,Alerte renforcée,3,2026-09-15,,DDT60 - 20260915,"<b>Eau du robinet</b><br><span style=""background:red;color:#fff;padding:2px 7px;border-radius:4px;font-weight:bold;font-size:0.85em"">Alerte renforcée</span><br>depuis le 15 sept. 2026<br><small>Zone : bassin de la Celle et Evoisson</small>",29 sept. 2026
5723820,Gée,72,Sarthe,AEP,alerte_renforcee,Alerte renforcée,3,2026-09-24,,AP n°13 du 22 09 2026,"<b>Eau du robinet</b><br><span style=""background:red;color:#fff;padding:2px 7px;border-radius:4px;font-weight:bold;font-size:0.85em"">Alerte renforcée</span><br>depuis le 24 sept. 2026<br><small>Zone : Gée</small>",29 sept. 2026
5719070,Zone de gestion de l'Arize,31,Haute-Garonne,AEP,alerte_renforcee,Alerte renforcée,3,2026-09-26,2026-10-31,Arrêté entrant en vigueur 26/09/2026,"<b>Eau du robinet</b><br><span style=""background:red;color:#fff;padding:2px 7px;border-radius:4px;font-weight:bold;font-size:0.85em"">Alerte renforcée</span><br>du 26 sept. 2026 au 31 oct. 2026<br><small>Zone : Zone de gestion de l'Arize</small>",29 sept. 2026
5719071,Syndicat des eaux de la vallée du Job,31,Haute-Garonne,AEP,alerte_renforcee,Alerte renforcée,3,2026-09-26,2026-10-31,Arrêté entrant en vigueur 26/09/2026,"<b>Eau du robinet</b><br><span style=""background:red;color:#fff;padding:2px 7px;border-radius:4px;font-weight:bold;font-size:0.85em"">Alerte renforcée</span><br>du 26 sept. 2026 au 31 oct. 2026<br><small>Zone : Syndicat des eaux de la vallée du Job</small>",29 sept. 2026
5719100,Zone de gestion de l'Ariège,31,Haute-Garonne,AEP,alerte_renforcee,Alerte renforcée,3,2026-09-26,2026-10-31,Arrêté entrant en vigueur 26/09/2026,"<b>Eau du robinet</b><br><span style=""background:red;color:#fff;padding:2px 7px;border-radius:4px;font-weight:bold;font-size:0.85em"">Alerte renforcée</span><br>du 26 sept. 2026 au 31 oct. 2026<br><small>Zone : Zone de gestion de l'Ariège</small>",29 sept. 2026
5719102,Zone de gestion Garonne aval/ canal latéral de la Garonne,31,Haute-Garonne,AEP,alerte_renforcee,Alerte renforcée,3,2026-09-26,2026-10-31,Arrêté entrant en vigueur 26/09/2026,"<b>Eau du robinet</b><br><span style=""background:red;color:#fff;padding:2px 7px;border-radius:4px;font-weight:bold;font-size:0.85em"">Alerte renforcée</span><br>du 26 sept. 2026 au 31 oct. 2026<br><small>Zone : Zone de gestion Garonne aval/ canal latéral de la Garonne</small>",29 sept. 2026
5723808,Orne Saosnoise,72,Sarthe,AEP,alerte_renforcee,Alerte renforcée,3,2026-09-24,,AP n°13 du 22 09 2026,"<b>Eau du robinet</b><br><span style=""background:red;color:#fff;padding:2px 7px;border-radius:4px;font-weight:bold;font-size:0.85em"">Alerte renforcée</span><br>depuis le 24 sept. 2026<br><small>Zone : Orne Saosnoise</small>",29 sept. 2026
5723838,Guiers - Chartreuse,73,Savoie,AEP,alerte_renforcee,Alerte renforcée,3,2026-09-25,2026-10-30,2026-1220,"<b>Eau du robinet</b><br><span style=""background:red;color:#fff;padding:2px 7px;border-radius:4px;font-weight:bold;font-size:0.85em"">Alerte renforcée</span><br>du 25 sept. 2026 au 30 oct. 2026<br><small>Zone : Guiers - Chartreuse</small>",29 sept. 2026
5723840,Lac du Bourget - Albanais,73,Savoie,AEP,alerte_renforcee,Alerte renforcée,3,2026-09-25,2026-10-30,2026-1220,"<b>Eau du robinet</b><br><span style=""background:red;color:#fff;padding:2px 7px;border-radius:4px;font-weight:bold;font-size:0.85em"">Alerte renforcée</span><br>du 25 sept. 2026 au 30 oct. 2026<br><small>Zone : Lac du Bourget - Albanais</small>",29 sept. 2026
5723843,Combe de Savoie - Val Gelon,73,Savoie,AEP,alerte_renforcee,Alerte renforcée,3,2026-09-25,2026-10-30,2026-1220,"<b>Eau du robinet</b><br><span style=""background:red;color:#fff;padding:2px 7px;border-radius:4px;font-weight:bold;font-size:0.85em"">Alerte renforcée</span><br>du 25 sept. 2026 au 30 oct. 2026<br><small>Zone : Combe de Savoie - Val Gelon</small>",29 sept. 2026
5724689,SEN,79,Deux-Sèvres,AEP,alerte_renforcee,Alerte renforcée,3,2026-09-12,2026-10-31,20260911_AP_AEP,"<b>Eau du robinet</b><br><span style=""background:red;color:#fff;padding:2px 7px;border-radius:4px;font-weight:bold;font-size:0.85em"">Alerte renforcée</span><br>du 12 sept. 2026 au 31 oct. 2026<br><small>Zone : SEN</small>",29 sept. 2026
5723866,Arve aval,74,Haute-Savoie,AEP,alerte_renforcee,Alerte renforcée,3,2026-08-20,2026-09-30,DDT-2026-1031,"<b>Eau du robinet</b><br><span style=""background:red;color:#fff;padding:2px 7px;border-radius:4px;font-weight:bold;font-size:0.85em"">Alerte renforcée</span><br>du 20 août 2026 au 30 sept. 2026<br><small>Zone : Arve aval</small>",29 sept. 2026
5723868,Sud-Ouest Lémanique,74,Haute-Savoie,AEP,alerte_renforcee,Alerte renforcée,3,2026-08-20,2026-09-30,DDT-2026-1031,"<b>Eau du robinet</b><br><span style=""background:red;color:#fff;padding:2px 7px;border-radius:4px;font-weight:bold;font-size:0.85em"">Alerte renforcée</span><br>du 20 août 2026 au 30 sept. 2026<br><small>Zone : Sud-Ouest Lémanique</small>",29 sept. 2026
5723869,Fier,74,Haute-Savoie,AEP,alerte_renforcee,Alerte renforcée,3,2026-08-20,2026-09-30,DDT-2026-1031,"<b>Eau du robinet</b><br><span style=""background:red;color:#fff;padding:2px 7px;border-radius:4px;font-weight:bold;font-size:0.85em"">Alerte renforcée</span><br>du 20 août 2026 au 30 sept. 2026<br><small>Zone : Fier</small>",29 sept. 2026
5723871,Arve médian,74,Haute-Savoie,AEP,alerte_renforcee,Alerte renforcée,3,2026-08-20,2026-09-30,DDT-2026-1031,"<b>Eau du robinet</b><br><span style=""background:red;color:#fff;padding:2px 7px;border-radius:4px;font-weight:bold;font-size:0.85em"">Alerte renforcée</span><br>du 20 août 2026 au 30 sept. 2026<br><small>Zone : Arve médian</small>",29 sept. 2026
5718134,15. Hers-Vif non réalimenté et autres affluents,11,Aude,AEP,alerte_renforcee,Alerte renforcée,3,2026-09-18,2026-10-31,DDTM-SAFEB-2026-16,"<b>Eau du robinet</b><br><span style=""background:red;color:#fff;padding:2px 7px;border-radius:4px;font-weight:bold;font-size:0.85em"">Alerte renforcée</span><br>du 18 sept. 2026 au 31 oct. 2026<br><small>Zone : 15. Hers-Vif non réalimenté et autres affluents</small>",29 sept. 2026
5718877,Galaure - Drôme des Collines,26,Drôme,AEP,alerte_renforcee,Alerte renforcée,3,2026-08-20,2026-10-31,26-2026-08-18-00007-Galaure-DDC,"<b>Eau du robinet</b><br><span style=""background:red;color:#fff;padding:2px 7px;border-radius:4px;font-weight:bold;font-size:0.85em"">Alerte renforcée</span><br>du 20 août 2026 au 31 oct. 2026<br><small>Zone : Galaure - Drôme des Collines</small>",29 sept. 2026
5718880,Lez provençal -Lauzon,26,Drôme,AEP,alerte_renforcee,Alerte renforcée,3,2026-07-27,2026-10-31,26-2026-07-27-00004-Lez,"<b>Eau du robinet</b><br><span style=""background:red;color:#fff;padding:2px 7px;border-radius:4px;font-weight:bold;font-size:0.85em"">Alerte renforcée</span><br>du 27 juil. 2026 au 31 oct. 2026<br><small>Zone : Lez provençal -Lauzon</small>",29 sept. 2026
5722813,bassin de la Brele,60,Oise,AEP,alerte_renforcee,Alerte renforcée,3,2026-09-15,,DDT60 - 20260915,"<b>Eau du robinet</b><br><span style=""background:red;color:#fff;padding:2px 7px;border-radius:4px;font-weight:bold;font-size:0.85em"">Alerte renforcée</span><br>depuis le 15 sept. 2026<br><small>Zone : bassin de la Brele</small>",29 sept. 2026
5718886,Bassin de la Drôme,26,Drôme,AEP,alerte_renforcee,Alerte renforcée,3,2026-08-06,2026-10-31,26-2026-08-05-00007,"<b>Eau du robinet</b><br><span style=""background:red;color:#fff;padding:2px 7px;border-radius:4px;font-weight:bold;font-size:0.85em"">Alerte renforcée</span><br>du 6 août 2026 au 31 oct. 2026<br><small>Zone : Bassin de la Drôme</small>",29 sept. 2026
5717090,Lauzon,04,Alpes-de-Haute-Provence,AEP,alerte_renforcee,Alerte renforcée,3,2026-09-25,2026-10-31,2026-268-007,"<b>Eau du robinet</b><br><span style=""background:red;color:#fff;padding:2px 7px;border-radius:4px;font-weight:bold;font-size:0.85em"">Alerte renforcée</span><br>du 25 sept. 2026 au 31 oct. 2026<br><small>Zone : Lauzon</small>",29 sept. 2026
5724722,BASSIN DE LA MAYE,80,Somme,AEP,alerte_renforcee,Alerte renforcée,3,2026-08-21,,Vigi-Authie-Nièvre_Alerte-TsSecteurs_AR-Maye,"<b>Eau du robinet</b><br><span style=""background:red;color:#fff;padding:2px 7px;border-radius:4px;font-weight:bold;font-size:0.85em"">Alerte renforcée</span><br>depuis le 21 août 2026<br><small>Zone : BASSIN DE LA MAYE</small>",29 sept. 2026
5721101,Bassin de l'Aisne partie du département 55,55,Meuse,AEP,alerte_renforcee,Alerte renforcée,3,2026-09-02,2026-11-02,11640-2026-DDT-SE,"<b>Eau du robinet</b><br><span style=""background:red;color:#fff;padding:2px 7px;border-radius:4px;font-weight:bold;font-size:0.85em"">Alerte renforcée</span><br>du 2 sept. 2026 au 2 nov. 2026<br><small>Zone : Bassin de l'Aisne partie du département 55</small>",29 sept. 2026
5721102,Bassin Saulx-Ornain partie du département 55,55,Meuse,AEP,alerte_renforcee,Alerte renforcée,3,2026-09-02,2026-11-02,11640-2026-DDT-SE,"<b>Eau du robinet</b><br><span style=""background:red;color:#fff;padding:2px 7px;border-radius:4px;font-weight:bold;font-size:0.85em"">Alerte renforcée</span><br>du 2 sept. 2026 au 2 nov. 2026<br><small>Zone : Bassin Saulx-Ornain partie du département 55</small>",29 sept. 2026
5721103,Meuse aval et Chiers partie du département 55,55,Meuse,AEP,alerte_renforcee,Alerte renforcée,3,2026-09-02,2026-11-02,11640-2026-DDT-SE,"<b>Eau du robinet</b><br><span style=""background:red;color:#fff;padding:2px 7px;border-radius:4px;font-weight:bold;font-size:0.85em"">Alerte renforcée</span><br>du 2 sept. 2026 au 2 nov. 2026<br><small>Zone : Meuse aval et Chiers partie du département 55</small>",29 sept. 2026
5721104,Meuse amont et médiane partie du département 55,55,Meuse,AEP,alerte_renforcee,Alerte renforcée,3,2026-09-02,2026-11-02,11640-2026-DDT-SE,"<b>Eau du robinet</b><br><span style=""background:red;color:#fff;padding:2px 7px;border-radius:4px;font-weight:bold;font-size:0.85em"">Alerte renforcée</span><br>du 2 sept. 2026 au 2 nov. 2026<br><small>Zone : Meuse amont et médiane partie du département 55</small>",29 sept. 2026
5718410,Bassin de la Petite Sauldre et de la Rère,18,Cher,AEP,alerte_renforcee,Alerte renforcée,3,2026-09-17,, DDT-2026-360,"<b>Eau du robinet</b><br><span style=""background:red;color:#fff;padding:2px 7px;border-radius:4px;font-weight:bold;font-size:0.85em"">Alerte renforcée</span><br>depuis le 17 sept. 2026<br><small>Zone : Bassin de la Petite Sauldre et de la Rère</small>",29 sept. 2026
5724717,BASSIN DE LA MAYE,80,Somme,AEP,alerte_renforcee,Alerte renforcée,3,2026-08-21,,Vigi-Authie-Nièvre_Alerte-TsSecteurs_AR-Maye,"<b>Eau du robinet</b><br><span style=""background:red;color:#fff;padding:2px 7px;border-radius:4px;font-weight:bold;font-size:0.85em"">Alerte renforcée</span><br>depuis le 21 août 2026<br><small>Zone : BASSIN DE LA MAYE</small>",29 sept. 2026
5718262,Secteur Orne Aval - ESU,14,Calvados,AEP,alerte_renforcee,Alerte renforcée,3,2026-09-11,2026-10-31,2026_06,"<b>Eau du robinet</b><br><span style=""background:red;color:#fff;padding:2px 7px;border-radius:4px;font-weight:bold;font-size:0.85em"">Alerte renforcée</span><br>du 11 sept. 2026 au 31 oct. 2026<br><small>Zone : Secteur Orne Aval - ESU</small>",29 sept. 2026
5718265,Secteur Orne Moyenne - ESU,14,Calvados,AEP,alerte_renforcee,Alerte renforcée,3,2026-09-11,2026-10-31,2026_06,"<b>Eau du robinet</b><br><span style=""background:red;color:#fff;padding:2px 7px;border-radius:4px;font-weight:bold;font-size:0.85em"">Alerte renforcée</span><br>du 11 sept. 2026 au 31 oct. 2026<br><small>Zone : Secteur Orne Moyenne - ESU</small>",29 sept. 2026
5718114,4. Secteur Aude aval (hors axe réalimenté),11,Aude,AEP,alerte_renforcee,Alerte renforcée,3,2026-09-18,2026-10-31,DDTM-SAFEB-2026-16,"<b>Eau du robinet</b><br><span style=""background:red;color:#fff;padding:2px 7px;border-radius:4px;font-weight:bold;font-size:0.85em"">Alerte renforcée</span><br>du 18 sept. 2026 au 31 oct. 2026<br><small>Zone : 4. Secteur Aude aval (hors axe réalimenté)</small>",29 sept. 2026
5718116,15. Hers-Vif non réalimenté et autres affluents,11,Aude,AEP,alerte_renforcee,Alerte renforcée,3,2026-09-18,2026-10-31,DDTM-SAFEB-2026-16,"<b>Eau du robinet</b><br><span style=""background:red;color:#fff;padding:2px 7px;border-radius:4px;font-weight:bold;font-size:0.85em"">Alerte renforcée</span><br>du 18 sept. 2026 au 31 oct. 2026<br><small>Zone : 15. Hers-Vif non réalimenté et autres affluents</small>",29 sept. 2026
5718122,"2. Axe réalimenté Aude médiane et aval et canal du Midi, y compris ses annexes (canal de Jonction, canal de la Robine)",11,Aude,AEP,alerte_renforcee,Alerte renforcée,3,2026-09-18,2026-10-31,DDTM-SAFEB-2026-16,"<b>Eau du robinet</b><br><span style=""background:red;color:#fff;padding:2px 7px;border-radius:4px;font-weight:bold;font-size:0.85em"">Alerte renforcée</span><br>du 18 sept. 2026 au 31 oct. 2026<br><small>Zone : 2. Axe réalimenté Aude médiane et aval et canal du Midi, y compris ses annexes (canal de Jonction, canal de la Robine)</small>",29 sept. 2026
5718413,Bassin de la Grande Sauldre et du Beuvron,18,Cher,AEP,alerte_renforcee,Alerte renforcée,3,2026-09-17,, DDT-2026-360,"<b>Eau du robinet</b><br><span style=""background:red;color:#fff;padding:2px 7px;border-radius:4px;font-weight:bold;font-size:0.85em"">Alerte renforcée</span><br>depuis le 17 sept. 2026<br><small>Zone : Bassin de la Grande Sauldre et du Beuvron</small>",29 sept. 2026
5725108,Zone de gestion Armançon Amont,89,Yonne,AEP,alerte_renforcee,Alerte renforcée,3,2026-09-04,2026-12-31,DDT/SEE/2026/0072,"<b>Eau du robinet</b><br><span style=""background:red;color:#fff;padding:2px 7px;border-radius:4px;font-weight:bold;font-size:0.85em"">Alerte renforcée</span><br>du 4 sept. 2026 au 31 déc. 2026<br><small>Zone : Zone de gestion Armançon Amont</small>",29 sept. 2026
5725106,Zone de gestion Yonne Moyenne,89,Yonne,AEP,alerte_renforcee,Alerte renforcée,3,2026-09-04,2026-12-31,DDT/SEE/2026/0072,"<b>Eau du robinet</b><br><span style=""background:red;color:#fff;padding:2px 7px;border-radius:4px;font-weight:bold;font-size:0.85em"">Alerte renforcée</span><br>du 4 sept. 2026 au 31 déc. 2026<br><small>Zone : Zone de gestion Yonne Moyenne</small>",29 sept. 2026
5725110,Zone de gestion Vanne,89,Yonne,AEP,alerte_renforcee,Alerte renforcée,3,2026-09-04,2026-12-31,DDT/SEE/2026/0072,"<b>Eau du robinet</b><br><span style=""background:red;color:#fff;padding:2px 7px;border-radius:4px;font-weight:bold;font-size:0.85em"">Alerte renforcée</span><br>du 4 sept. 2026 au 31 déc. 2026<br><small>Zone : Zone de gestion Vanne</small>",29 sept. 2026
5725113,Zone de gestion Seine Est,89,Yonne,AEP,alerte_renforcee,Alerte renforcée,3,2026-09-04,2026-12-31,DDT/SEE/2026/0072,"<b>Eau du robinet</b><br><span style=""background:red;color:#fff;padding:2px 7px;border-radius:4px;font-weight:bold;font-size:0.85em"">Alerte renforcée</span><br>du 4 sept. 2026 au 31 déc. 2026<br><small>Zone : Zone de gestion Seine Est</small>",29 sept. 2026
5725115,Zone de gestion Ouanne,89,Yonne,AEP,alerte_renforcee,Alerte renforcée,3,2026-09-04,2026-12-31,DDT/SEE/2026/0072,"<b>Eau du robinet</b><br><span style=""background:red;color:#fff;padding:2px 7px;border-radius:4px;font-weight:bold;font-size:0.85em"">Alerte renforcée</span><br>du 4 sept. 2026 au 31 déc. 2026<br><small>Zone : Zone de gestion Ouanne</small>",29 sept. 2026
5725117,Zone de gestion Loing,89,Yonne,AEP,alerte_renforcee,Alerte renforcée,3,2026-09-04,2026-12-31,DDT/SEE/2026/0072,"<b>Eau du robinet</b><br><span style=""background:red;color:#fff;padding:2px 7px;border-radius:4px;font-weight:bold;font-size:0.85em"">Alerte renforcée</span><br>du 4 sept. 2026 au 31 déc. 2026<br><small>Zone : Zone de gestion Loing</small>",29 sept. 2026
5723923,BRESLE,76,Seine-Maritime,AEP,alerte_renforcee,Alerte renforcée,3,2026-08-20,2026-12-31,76_20260819_Zone1_Alerte_Renforcée_ESU,"<b>Eau du robinet</b><br><span style=""background:red;color:#fff;padding:2px 7px;border-radius:4px;font-weight:bold;font-size:0.85em"">Alerte renforcée</span><br>du 20 août 2026 au 31 déc. 2026<br><small>Zone : BRESLE</small>",29 sept. 2026
5718107,9. Secteur Orbiel et affluents rive gauche de l'Aude sur ce secteur,11,Aude,AEP,alerte_renforcee,Alerte renforcée,3,2026-09-18,2026-10-31,DDTM-SAFEB-2026-16,"<b>Eau du robinet</b><br><span style=""background:red;color:#fff;padding:2px 7px;border-radius:4px;font-weight:bold;font-size:0.85em"">Alerte renforcée</span><br>du 18 sept. 2026 au 31 oct. 2026<br><small>Zone : 9. Secteur Orbiel et affluents rive gauche de l'Aude sur ce secteur</small>",29 sept. 2026
5717217,Beaume-Chassezac,07,Ardèche,AEP,alerte_renforcee,Alerte renforcée,3,2026-09-21,2026-10-31,07-2026-09-21-00005,"<b>Eau du robinet</b><br><span style=""background:red;color:#fff;padding:2px 7px;border-radius:4px;font-weight:bold;font-size:0.85em"">Alerte renforcée</span><br>du 21 sept. 2026 au 31 oct. 2026<br><small>Zone : Beaume-Chassezac</small>",29 sept. 2026
5717219,Ouvèze,07,Ardèche,AEP,alerte_renforcee,Alerte renforcée,3,2026-09-21,2026-10-31,07-2026-09-21-00005,"<b>Eau du robinet</b><br><span style=""background:red;color:#fff;padding:2px 7px;border-radius:4px;font-weight:bold;font-size:0.85em"">Alerte renforcée</span><br>du 21 sept. 2026 au 31 oct. 2026<br><small>Zone : Ouvèze</small>",29 sept. 2026
5717123,Eau potable Brague,06,Alpes-Maritimes,AEP,alerte_renforcee,Alerte renforcée,3,2026-08-14,2026-10-31,AP-2026-110,"<b>Eau du robinet</b><br><span style=""background:red;color:#fff;padding:2px 7px;border-radius:4px;font-weight:bold;font-size:0.85em"">Alerte renforcée</span><br>du 14 août 2026 au 31 oct. 2026<br><small>Zone : Eau potable Brague</small>",29 sept. 2026
5717125,eau potable siagne aval,06,Alpes-Maritimes,AEP,alerte_renforcee,Alerte renforcée,3,2026-08-14,2026-10-31,AP-2026-110,"<b>Eau du robinet</b><br><span style=""background:red;color:#fff;padding:2px 7px;border-radius:4px;font-weight:bold;font-size:0.85em"">Alerte renforcée</span><br>du 14 août 2026 au 31 oct. 2026<br><small>Zone : eau potable siagne aval</small>",29 sept. 2026
5717126,Double zonage siagne amont + loup,06,Alpes-Maritimes,AEP,alerte_renforcee,Alerte renforcée,3,2026-08-14,2026-10-31,AP-2026-110,"<b>Eau du robinet</b><br><span style=""background:red;color:#fff;padding:2px 7px;border-radius:4px;font-weight:bold;font-size:0.85em"">Alerte renforcée</span><br>du 14 août 2026 au 31 oct. 2026<br><small>Zone : Double zonage siagne amont + loup</small>",29 sept. 2026
5717127,eau potable siagne amont,06,Alpes-Maritimes,AEP,alerte_renforcee,Alerte renforcée,3,2026-08-14,2026-10-31,AP-2026-110,"<b>Eau du robinet</b><br><span style=""background:red;color:#fff;padding:2px 7px;border-radius:4px;font-weight:bold;font-size:0.85em"">Alerte renforcée</span><br>du 14 août 2026 au 31 oct. 2026<br><small>Zone : eau potable siagne amont</small>",29 sept. 2026
5717130,Paillon -eau potable,06,Alpes-Maritimes,AEP,alerte_renforcee,Alerte renforcée,3,2026-08-14,2026-10-31,AP-2026-110,"<b>Eau du robinet</b><br><span style=""background:red;color:#fff;padding:2px 7px;border-radius:4px;font-weight:bold;font-size:0.85em"">Alerte renforcée</span><br>du 14 août 2026 au 31 oct. 2026<br><small>Zone : Paillon -eau potable</small>",29 sept. 2026
5717129,eau potable loup,06,Alpes-Maritimes,AEP,alerte_renforcee,Alerte renforcée,3,2026-08-14,2026-10-31,AP-2026-110,"<b>Eau du robinet</b><br><span style=""background:red;color:#fff;padding:2px 7px;border-radius:4px;font-weight:bold;font-size:0.85em"">Alerte renforcée</span><br>du 14 août 2026 au 31 oct. 2026<br><small>Zone : eau potable loup</small>",29 sept. 2026
5718051,UDI_alerte-renforcée,09,Ariège,AEP,alerte_renforcee,Alerte renforcée,3,2026-09-21,2026-10-31,20260918,"<b>Eau du robinet</b><br><span style=""background:red;color:#fff;padding:2px 7px;border-radius:4px;font-weight:bold;font-size:0.85em"">Alerte renforcée</span><br>du 21 sept. 2026 au 31 oct. 2026<br><small>Zone : UDI_alerte-renforcée</small>",29 sept. 2026
5717232,Meuse et Chiers,08,Ardennes,AEP,alerte_renforcee,Alerte renforcée,3,2026-07-20,2026-10-31,Arrêté n°2026 / 540 meuse-chiers  alerte renforcée,"<b>Eau du robinet</b><br><span style=""background:red;color:#fff;padding:2px 7px;border-radius:4px;font-weight:bold;font-size:0.85em"">Alerte renforcée</span><br>du 20 juil. 2026 au 31 oct. 2026<br><small>Zone : Meuse et Chiers</small>",29 sept. 2026
5716317,Petit Morin souterraine,02,Aisne,AEP,alerte_renforcee,Alerte renforcée,3,2026-08-26,,ENV/PE/2026/046,"<b>Eau du robinet</b><br><span style=""background:red;color:#fff;padding:2px 7px;border-radius:4px;font-weight:bold;font-size:0.85em"">Alerte renforcée</span><br>depuis le 26 août 2026<br><small>Zone : Petit Morin souterraine</small>",29 sept. 2026
5725122,SUD TERRITOIRE,90,Territoire de Belfort,AEP,alerte_renforcee,Alerte renforcée,3,2026-07-17,,90-2026-09-17-00003,"<b>Eau du robinet</b><br><span style=""background:red;color:#fff;padding:2px 7px;border-radius:4px;font-weight:bold;font-size:0.85em"">Alerte renforcée</span><br>depuis le 17 juil. 2026<br><small>Zone : SUD TERRITOIRE</small>",29 sept. 2026
5718510,Bèze,21,Côte-d'Or,AEP,alerte_renforcee,Alerte renforcée,3,2026-08-03,,1283*,"<b>Eau du robinet</b><br><span style=""background:red;color:#fff;padding:2px 7px;border-radius:4px;font-weight:bold;font-size:0.85em"">Alerte renforcée</span><br>depuis le 3 août 2026<br><small>Zone : Bèze</small>",29 sept. 2026
5718511,Armançon amont,21,Côte-d'Or,AEP,alerte_renforcee,Alerte renforcée,3,2026-08-03,,1283*,"<b>Eau du robinet</b><br><span style=""background:red;color:#fff;padding:2px 7px;border-radius:4px;font-weight:bold;font-size:0.85em"">Alerte renforcée</span><br>depuis le 3 août 2026<br><small>Zone : Armançon amont</small>",29 sept. 2026
5718515,Dheune,21,Côte-d'Or,AEP,alerte_renforcee,Alerte renforcée,3,2026-08-03,,1283*,"<b>Eau du robinet</b><br><span style=""background:red;color:#fff;padding:2px 7px;border-radius:4px;font-weight:bold;font-size:0.85em"">Alerte renforcée</span><br>depuis le 3 août 2026<br><small>Zone : Dheune</small>",29 sept. 2026
5716362,Oise Amont - Sambre,02,Aisne,AEP,alerte_renforcee,Alerte renforcée,3,2026-08-26,,ENV/PE/2026/046,"<b>Eau du robinet</b><br><span style=""background:red;color:#fff;padding:2px 7px;border-radius:4px;font-weight:bold;font-size:0.85em"">Alerte renforcée</span><br>depuis le 26 août 2026<br><small>Zone : Oise Amont - Sambre</small>",29 sept. 2026
5724807,Zone AEP départementale,81,Tarn,AEP,alerte_renforcee,Alerte renforcée,3,2026-09-12,2026-10-31,260909,"<b>Eau du robinet</b><br><span style=""background:red;color:#fff;padding:2px 7px;border-radius:4px;font-weight:bold;font-size:0.85em"">Alerte renforcée</span><br>du 12 sept. 2026 au 31 oct. 2026<br><small>Zone : Zone AEP départementale</small>",29 sept. 2026
5722962,bassin de l'Aronde,60,Oise,AEP,alerte_renforcee,Alerte renforcée,3,2026-09-15,,DDT60 - 20260915,"<b>Eau du robinet</b><br><span style=""background:red;color:#fff;padding:2px 7px;border-radius:4px;font-weight:bold;font-size:0.85em"">Alerte renforcée</span><br>depuis le 15 sept. 2026<br><small>Zone : bassin de l'Aronde</small>",29 sept. 2026
5719152,Adour,32,Gers,AEP,alerte_renforcee,Alerte renforcée,3,2026-09-12,2026-10-31,32-2026-09-11-00004_AEP,"<b>Eau du robinet</b><br><span style=""background:red;color:#fff;padding:2px 7px;border-radius:4px;font-weight:bold;font-size:0.85em"">Alerte renforcée</span><br>du 12 sept. 2026 au 31 oct. 2026<br><small>Zone : Adour</small>",29 sept. 2026
5718236,Réal de Jouques,13,Bouches-du-Rhône,AEP,alerte_renforcee,Alerte renforcée,3,2026-09-25,2026-10-15,2026-535-SE,"<b>Eau du robinet</b><br><span style=""background:red;color:#fff;padding:2px 7px;border-radius:4px;font-weight:bold;font-size:0.85em"">Alerte renforcée</span><br>du 25 sept. 2026 au 15 oct. 2026<br><small>Zone : Réal de Jouques</small>",29 sept. 2026
5718242,Arc aval,13,Bouches-du-Rhône,AEP,alerte_renforcee,Alerte renforcée,3,2026-09-25,2026-10-15,2026-535-SE,"<b>Eau du robinet</b><br><span style=""background:red;color:#fff;padding:2px 7px;border-radius:4px;font-weight:bold;font-size:0.85em"">Alerte renforcée</span><br>du 25 sept. 2026 au 15 oct. 2026<br><small>Zone : Arc aval</small>",29 sept. 2026
5718244,Arc amont,13,Bouches-du-Rhône,AEP,alerte_renforcee,Alerte renforcée,3,2026-09-25,2026-10-15,2026-535-SE,"<b>Eau du robinet</b><br><span style=""background:red;color:#fff;padding:2px 7px;border-radius:4px;font-weight:bold;font-size:0.85em"">Alerte renforcée</span><br>du 25 sept. 2026 au 15 oct. 2026<br><small>Zone : Arc amont</small>",29 sept. 2026
5718295,Cele_hors_Veyre,15,Cantal,AEP,alerte_renforcee,Alerte renforcée,3,2026-09-18,,2026-199,"<b>Eau du robinet</b><br><span style=""background:red;color:#fff;padding:2px 7px;border-radius:4px;font-weight:bold;font-size:0.85em"">Alerte renforcée</span><br>depuis le 18 sept. 2026<br><small>Zone : Cele_hors_Veyre</small>",29 sept. 2026
5718304,Truyere-aval,15,Cantal,AEP,alerte_renforcee,Alerte renforcée,3,2026-09-18,,2026-199,"<b>Eau du robinet</b><br><span style=""background:red;color:#fff;padding:2px 7px;border-radius:4px;font-weight:bold;font-size:0.85em"">Alerte renforcée</span><br>depuis le 18 sept. 2026<br><small>Zone : Truyere-aval</small>",29 sept. 2026
5718306,Aubrac,15,Cantal,AEP,alerte_renforcee,Alerte renforcée,3,2026-09-18,,2026-199,"<b>Eau du robinet</b><br><span style=""background:red;color:#fff;padding:2px 7px;border-radius:4px;font-weight:bold;font-size:0.85em"">Alerte renforcée</span><br>depuis le 18 sept. 2026<br><small>Zone : Aubrac</small>",29 sept. 2026
5718301,Cere,15,Cantal,AEP,alerte_renforcee,Alerte renforcée,3,2026-09-18,,2026-199,"<b>Eau du robinet</b><br><span style=""background:red;color:#fff;padding:2px 7px;border-radius:4px;font-weight:bold;font-size:0.85em"">Alerte renforcée</span><br>depuis le 18 sept. 2026<br><small>Zone : Cere</small>",29 sept. 2026
5718966,LOIR Aval,28,Eure-et-Loir,AEP,alerte_renforcee,Alerte renforcée,3,2026-09-21,,AP_SGREB_2026_255_restrictions_usages_eau,"<b>Eau du robinet</b><br><span style=""background:red;color:#fff;padding:2px 7px;border-radius:4px;font-weight:bold;font-size:0.85em"">Alerte renforcée</span><br>depuis le 21 sept. 2026<br><small>Zone : LOIR Aval</small>",29 sept. 2026
5718972,EURE Moyen haut,28,Eure-et-Loir,AEP,alerte_renforcee,Alerte renforcée,3,2026-09-21,,AP_SGREB_2026_255_restrictions_usages_eau,"<b>Eau du robinet</b><br><span style=""background:red;color:#fff;padding:2px 7px;border-radius:4px;font-weight:bold;font-size:0.85em"">Alerte renforcée</span><br>depuis le 21 sept. 2026<br><small>Zone : EURE Moyen haut</small>",29 sept. 2026
5718974,YERRE,28,Eure-et-Loir,AEP,alerte_renforcee,Alerte renforcée,3,2026-09-21,,AP_SGREB_2026_255_restrictions_usages_eau,"<b>Eau du robinet</b><br><span style=""background:red;color:#fff;padding:2px 7px;border-radius:4px;font-weight:bold;font-size:0.85em"">Alerte renforcée</span><br>depuis le 21 sept. 2026<br><small>Zone : YERRE</small>",29 sept. 2026
5717333,Craie de Champagne Nord,08,Ardennes,AEP,alerte_renforcee,Alerte renforcée,3,2026-07-29,2026-10-31,Arrêté n°2026 / 554 Champ Nord - alerte renforcée,"<b>Eau du robinet</b><br><span style=""background:red;color:#fff;padding:2px 7px;border-radius:4px;font-weight:bold;font-size:0.85em"">Alerte renforcée</span><br>du 29 juil. 2026 au 31 oct. 2026<br><small>Zone : Craie de Champagne Nord</small>",29 sept. 2026
5724945,Bassin du Lez provençal-Lauzon,84,Vaucluse,AEP,alerte_renforcee,Alerte renforcée,3,2026-07-27,2026-10-31,AIP 27 JUILLET 2026 ALERTE RENFORCEE LEZ PROVENCAL,"<b>Eau du robinet</b><br><span style=""background:red;color:#fff;padding:2px 7px;border-radius:4px;font-weight:bold;font-size:0.85em"">Alerte renforcée</span><br>du 27 juil. 2026 au 31 oct. 2026<br><small>Zone : Bassin du Lez provençal-Lauzon</small>",29 sept. 2026
5724954,Bassin du Sud Luberon,84,Vaucluse,AEP,alerte_renforcee,Alerte renforcée,3,2026-09-24,2026-10-31,AP 23 SEPT 2026 VAUCLUSE,"<b>Eau du robinet</b><br><span style=""background:red;color:#fff;padding:2px 7px;border-radius:4px;font-weight:bold;font-size:0.85em"">Alerte renforcée</span><br>du 24 sept. 2026 au 31 oct. 2026<br><small>Zone : Bassin du Sud Luberon</small>",29 sept. 2026
5719221,Canal du Midi,34,Hérault,AEP,alerte_renforcee,Alerte renforcée,3,2026-09-24,2026-10-31,DDTM34-2026-09-17516,"<b>Eau du robinet</b><br><span style=""background:red;color:#fff;padding:2px 7px;border-radius:4px;font-weight:bold;font-size:0.85em"">Alerte renforcée</span><br>du 24 sept. 2026 au 31 oct. 2026<br><small>Zone : Canal du Midi</small>",29 sept. 2026
5719223,Bassin versant de l’Aude aval,34,Hérault,AEP,alerte_renforcee,Alerte renforcée,3,2026-09-24,2026-10-31,DDTM34-2026-09-17516,"<b>Eau du robinet</b><br><span style=""background:red;color:#fff;padding:2px 7px;border-radius:4px;font-weight:bold;font-size:0.85em"">Alerte renforcée</span><br>du 24 sept. 2026 au 31 oct. 2026<br><small>Zone : Bassin versant de l’Aude aval</small>",29 sept. 2026
5719226,Bassin versant de la Cesse,34,Hérault,AEP,alerte_renforcee,Alerte renforcée,3,2026-09-24,2026-10-31,DDTM34-2026-09-17516,"<b>Eau du robinet</b><br><span style=""background:red;color:#fff;padding:2px 7px;border-radius:4px;font-weight:bold;font-size:0.85em"">Alerte renforcée</span><br>du 24 sept. 2026 au 31 oct. 2026<br><small>Zone : Bassin versant de la Cesse</small>",29 sept. 2026
5724916,Siagne amont,83,Var,AEP,alerte_renforcee,Alerte renforcée,3,2026-08-06,,DDTM/SEBIO/2026-173,"<b>Eau du robinet</b><br><span style=""background:red;color:#fff;padding:2px 7px;border-radius:4px;font-weight:bold;font-size:0.85em"">Alerte renforcée</span><br>depuis le 6 août 2026<br><small>Zone : Siagne amont</small>",29 sept. 2026
5724917,Arc amont,83,Var,AEP,alerte_renforcee,Alerte renforcée,3,2026-08-06,,DDTM/SEBIO/2026-176,"<b>Eau du robinet</b><br><span style=""background:red;color:#fff;padding:2px 7px;border-radius:4px;font-weight:bold;font-size:0.85em"">Alerte renforcée</span><br>depuis le 6 août 2026<br><small>Zone : Arc amont</small>",29 sept. 2026
5724920,Siagne aval,83,Var,AEP,alerte_renforcee,Alerte renforcée,3,2026-08-06,,DDTM/SEBIO/2026-174,"<b>Eau du robinet</b><br><span style=""background:red;color:#fff;padding:2px 7px;border-radius:4px;font-weight:bold;font-size:0.85em"">Alerte renforcée</span><br>depuis le 6 août 2026<br><small>Zone : Siagne aval</small>",29 sept. 2026
5725560,Bassin de l'Oise,95,Val-d'Oise,AEP,alerte_renforcee,Alerte renforcée,3,2026-09-10,2026-11-10,18819,"<b>Eau du robinet</b><br><span style=""background:red;color:#fff;padding:2px 7px;border-radius:4px;font-weight:bold;font-size:0.85em"">Alerte renforcée</span><br>du 10 sept. 2026 au 10 nov. 2026<br><small>Zone : Bassin de l'Oise</small>",29 sept. 2026
5725561,Bassin de la Plaine de France et du Parisis,95,Val-d'Oise,AEP,alerte_renforcee,Alerte renforcée,3,2026-09-10,2026-11-10,18819,"<b>Eau du robinet</b><br><span style=""background:red;color:#fff;padding:2px 7px;border-radius:4px;font-weight:bold;font-size:0.85em"">Alerte renforcée</span><br>du 10 sept. 2026 au 10 nov. 2026<br><small>Zone : Bassin de la Plaine de France et du Parisis</small>",29 sept. 2026
5719023,Zone 6,2A,Corse-du-Sud,AEP,alerte_renforcee,Alerte renforcée,3,2026-08-07,2026-10-31,2A-2026-08-07-00001,"<b>Eau du robinet</b><br><span style=""background:red;color:#fff;padding:2px 7px;border-radius:4px;font-weight:bold;font-size:0.85em"">Alerte renforcée</span><br>du 7 août 2026 au 31 oct. 2026<br><small>Zone : Zone 6</small>",29 sept. 2026
5719025,Zone 2,2A,Corse-du-Sud,AEP,alerte_renforcee,Alerte renforcée,3,2026-08-07,2026-10-31,2A-2026-08-07-00001,"<b>Eau du robinet</b><br><span style=""background:red;color:#fff;padding:2px 7px;border-radius:4px;font-weight:bold;font-size:0.85em"">Alerte renforcée</span><br>du 7 août 2026 au 31 oct. 2026<br><small>Zone : Zone 2</small>",29 sept. 2026
5719026,Zone 1,2A,Corse-du-Sud,AEP,alerte_renforcee,Alerte renforcée,3,2026-08-07,2026-10-31,2A-2026-08-07-00001,"<b>Eau du robinet</b><br><span style=""background:red;color:#fff;padding:2px 7px;border-radius:4px;font-weight:bold;font-size:0.85em"">Alerte renforcée</span><br>du 7 août 2026 au 31 oct. 2026<br><small>Zone : Zone 1</small>",29 sept. 2026
5719035,Zone hydrographique Centre Corse,2B,Haute-Corse,AEP,alerte_renforcee,Alerte renforcée,3,2026-09-18,,2B-2026-09-18-00002,"<b>Eau du robinet</b><br><span style=""background:red;color:#fff;padding:2px 7px;border-radius:4px;font-weight:bold;font-size:0.85em"">Alerte renforcée</span><br>depuis le 18 sept. 2026<br><small>Zone : Zone hydrographique Centre Corse</small>",29 sept. 2026
5719036,Zone hydrographique Balagne,2B,Haute-Corse,AEP,alerte_renforcee,Alerte renforcée,3,2026-09-18,,2B-2026-09-18-00002,"<b>Eau du robinet</b><br><span style=""background:red;color:#fff;padding:2px 7px;border-radius:4px;font-weight:bold;font-size:0.85em"">Alerte renforcée</span><br>depuis le 18 sept. 2026<br><small>Zone : Zone hydrographique Balagne</small>",29 sept. 2026
5719037,Zone hydrographique Cap Corse - Nebbio,2B,Haute-Corse,AEP,alerte_renforcee,Alerte renforcée,3,2026-09-18,,2B-2026-09-18-00002,"<b>Eau du robinet</b><br><span style=""background:red;color:#fff;padding:2px 7px;border-radius:4px;font-weight:bold;font-size:0.85em"">Alerte renforcée</span><br>depuis le 18 sept. 2026<br><small>Zone : Zone hydrographique Cap Corse - Nebbio</small>",29 sept. 2026
5719663,Bassin de la Claise,37,Indre-et-Loire,AEP,alerte_renforcee,Alerte renforcée,3,2026-09-27,2026-10-31,Arrêté du 25 SEPTEMBRE 2026,"<b>Eau du robinet</b><br><span style=""background:red;color:#fff;padding:2px 7px;border-radius:4px;font-weight:bold;font-size:0.85em"">Alerte renforcée</span><br>du 27 sept. 2026 au 31 oct. 2026<br><small>Zone : Bassin de la Claise</small>",29 sept. 2026
5721639,Moselle amont et Meurthe partie du département 57,57,Moselle,AEP,alerte_renforcee,Alerte renforcée,3,2026-09-01,2026-09-30,2026-DDT/SABE/EAU N°80,"<b>Eau du robinet</b><br><span style=""background:red;color:#fff;padding:2px 7px;border-radius:4px;font-weight:bold;font-size:0.85em"">Alerte renforcée</span><br>du 1 sept. 2026 au 30 sept. 2026<br><small>Zone : Moselle amont et Meurthe partie du département 57</small>",29 sept. 2026
5720631,Bassin du Beuvron,41,Loir-et-Cher,AEP,alerte_renforcee,Alerte renforcée,3,2026-09-25,,41-2026-09-24-00004,"<b>Eau du robinet</b><br><span style=""background:red;color:#fff;padding:2px 7px;border-radius:4px;font-weight:bold;font-size:0.85em"">Alerte renforcée</span><br>depuis le 25 sept. 2026<br><small>Zone : Bassin du Beuvron</small>",29 sept. 2026
5720633,Bassin de la Brenne,41,Loir-et-Cher,AEP,alerte_renforcee,Alerte renforcée,3,2026-09-25,,41-2026-09-24-00004,"<b>Eau du robinet</b><br><span style=""background:red;color:#fff;padding:2px 7px;border-radius:4px;font-weight:bold;font-size:0.85em"">Alerte renforcée</span><br>depuis le 25 sept. 2026<br><small>Zone : Bassin de la Brenne</small>",29 sept. 2026
5720639,Bassin de la Masse,41,Loir-et-Cher,AEP,alerte_renforcee,Alerte renforcée,3,2026-09-25,,41-2026-09-24-00004,"<b>Eau du robinet</b><br><span style=""background:red;color:#fff;padding:2px 7px;border-radius:4px;font-weight:bold;font-size:0.85em"">Alerte renforcée</span><br>depuis le 25 sept. 2026<br><small>Zone : Bassin de la Masse</small>",29 sept. 2026
5720640,Bassin de la Sauldre,41,Loir-et-Cher,AEP,alerte_renforcee,Alerte renforcée,3,2026-09-25,,41-2026-09-24-00004,"<b>Eau du robinet</b><br><span style=""background:red;color:#fff;padding:2px 7px;border-radius:4px;font-weight:bold;font-size:0.85em"">Alerte renforcée</span><br>depuis le 25 sept. 2026<br><small>Zone : Bassin de la Sauldre</small>",29 sept. 2026
5718826,Communes en AR,24,Dordogne,AEP,alerte_renforcee,Alerte renforcée,3,2026-09-26,2026-10-31,Arrêté n° DDT/SEER/2026-029,"<b>Eau du robinet</b><br><span style=""background:red;color:#fff;padding:2px 7px;border-radius:4px;font-weight:bold;font-size:0.85em"">Alerte renforcée</span><br>du 26 sept. 2026 au 31 oct. 2026<br><small>Zone : Communes en AR</small>",29 sept. 2026
5720863,Communes_Alerte_renforcée,46,Lot,AEP,alerte_renforcee,Alerte renforcée,3,2026-08-15,2026-10-31,AP_E_2026_237,"<b>Eau du robinet</b><br><span style=""background:red;color:#fff;padding:2px 7px;border-radius:4px;font-weight:bold;font-size:0.85em"">Alerte renforcée</span><br>du 15 août 2026 au 31 oct. 2026<br><small>Zone : Communes_Alerte_renforcée</small>",29 sept. 2026
5720680,Sud Loire,42,Loire,AEP,alerte_renforcee,Alerte renforcée,3,2026-09-14,2026-10-31,DT-42-26-0606,"<b>Eau du robinet</b><br><span style=""background:red;color:#fff;padding:2px 7px;border-radius:4px;font-weight:bold;font-size:0.85em"">Alerte renforcée</span><br>du 14 sept. 2026 au 31 oct. 2026<br><small>Zone : Sud Loire</small>",29 sept. 2026
5720677,Monts du Lyonnais,42,Loire,AEP,alerte_renforcee,Alerte renforcée,3,2026-09-14,2026-10-31,DT-42-26-0606,"<b>Eau du robinet</b><br><span style=""background:red;color:#fff;padding:2px 7px;border-radius:4px;font-weight:bold;font-size:0.85em"">Alerte renforcée</span><br>du 14 sept. 2026 au 31 oct. 2026<br><small>Zone : Monts du Lyonnais</small>",29 sept. 2026
5720683,Roannais Aix,42,Loire,AEP,alerte_renforcee,Alerte renforcée,3,2026-09-14,2026-10-31,DT-42-26-0606,"<b>Eau du robinet</b><br><span style=""background:red;color:#fff;padding:2px 7px;border-radius:4px;font-weight:bold;font-size:0.85em"">Alerte renforcée</span><br>du 14 sept. 2026 au 31 oct. 2026<br><small>Zone : Roannais Aix</small>",29 sept. 2026
5720945,bassin de la Dourbie,48,Lozère,AEP,alerte_renforcee,Alerte renforcée,3,2026-09-26,2026-11-24,DDT-SEB-2026-267-0001,"<b>Eau du robinet</b><br><span style=""background:red;color:#fff;padding:2px 7px;border-radius:4px;font-weight:bold;font-size:0.85em"">Alerte renforcée</span><br>du 26 sept. 2026 au 24 nov. 2026<br><small>Zone : bassin de la Dourbie</small>",29 sept. 2026
5720675,Gier,42,Loire,AEP,alerte_renforcee,Alerte renforcée,3,2026-09-14,2026-10-31,DT-42-26-0606,"<b>Eau du robinet</b><br><span style=""background:red;color:#fff;padding:2px 7px;border-radius:4px;font-weight:bold;font-size:0.85em"">Alerte renforcée</span><br>du 14 sept. 2026 au 31 oct. 2026<br><small>Zone : Gier</small>",29 sept. 2026
5720703,BORNE,43,Haute-Loire,AEP,alerte_renforcee,Alerte renforcée,3,2026-09-22,2026-12-31,DDT-SEF-2026-538,"<b>Eau du robinet</b><br><span style=""background:red;color:#fff;padding:2px 7px;border-radius:4px;font-weight:bold;font-size:0.85em"">Alerte renforcée</span><br>du 22 sept. 2026 au 31 déc. 2026<br><small>Zone : BORNE</small>",29 sept. 2026
5720705,LOIRE MOYENNE RIVE GAUCHE,43,Haute-Loire,AEP,alerte_renforcee,Alerte renforcée,3,2026-09-22,2026-12-31,DDT-SEF-2026-538,"<b>Eau du robinet</b><br><span style=""background:red;color:#fff;padding:2px 7px;border-radius:4px;font-weight:bold;font-size:0.85em"">Alerte renforcée</span><br>du 22 sept. 2026 au 31 déc. 2026<br><small>Zone : LOIRE MOYENNE RIVE GAUCHE</small>",29 sept. 2026
5720707,ALLIER MOYEN,43,Haute-Loire,AEP,alerte_renforcee,Alerte renforcée,3,2026-09-22,2026-12-31,DDT-SEF-2026-538,"<b>Eau du robinet</b><br><span style=""background:red;color:#fff;padding:2px 7px;border-radius:4px;font-weight:bold;font-size:0.85em"">Alerte renforcée</span><br>du 22 sept. 2026 au 31 déc. 2026<br><small>Zone : ALLIER MOYEN</small>",29 sept. 2026
5720708,LOIRE AVAL,43,Haute-Loire,AEP,alerte_renforcee,Alerte renforcée,3,2026-09-22,2026-12-31,DDT-SEF-2026-538,"<b>Eau du robinet</b><br><span style=""background:red;color:#fff;padding:2px 7px;border-radius:4px;font-weight:bold;font-size:0.85em"">Alerte renforcée</span><br>du 22 sept. 2026 au 31 déc. 2026<br><small>Zone : LOIRE AVAL</small>",29 sept. 2026
5720709,ALLIER AVAL,43,Haute-Loire,AEP,alerte_renforcee,Alerte renforcée,3,2026-09-22,2026-12-31,DDT-SEF-2026-538,"<b>Eau du robinet</b><br><span style=""background:red;color:#fff;padding:2px 7px;border-radius:4px;font-weight:bold;font-size:0.85em"">Alerte renforcée</span><br>du 22 sept. 2026 au 31 déc. 2026<br><small>Zone : ALLIER AVAL</small>",29 sept. 2026
5720711,HAUT-LIGNON,43,Haute-Loire,AEP,alerte_renforcee,Alerte renforcée,3,2026-09-22,2026-12-31,DDT-SEF-2026-538,"<b>Eau du robinet</b><br><span style=""background:red;color:#fff;padding:2px 7px;border-radius:4px;font-weight:bold;font-size:0.85em"">Alerte renforcée</span><br>du 22 sept. 2026 au 31 déc. 2026<br><small>Zone : HAUT-LIGNON</small>",29 sept. 2026
5720712,LOIRE MOYENNE RIVE DROITE,43,Haute-Loire,AEP,alerte_renforcee,Alerte renforcée,3,2026-09-22,2026-12-31,DDT-SEF-2026-538,"<b>Eau du robinet</b><br><span style=""background:red;color:#fff;padding:2px 7px;border-radius:4px;font-weight:bold;font-size:0.85em"">Alerte renforcée</span><br>du 22 sept. 2026 au 31 déc. 2026<br><small>Zone : LOIRE MOYENNE RIVE DROITE</small>",29 sept. 2026
5720713,LOIRE AMONT,43,Haute-Loire,AEP,alerte_renforcee,Alerte renforcée,3,2026-09-22,2026-12-31,DDT-SEF-2026-538,"<b>Eau du robinet</b><br><span style=""background:red;color:#fff;padding:2px 7px;border-radius:4px;font-weight:bold;font-size:0.85em"">Alerte renforcée</span><br>du 22 sept. 2026 au 31 déc. 2026<br><small>Zone : LOIRE AMONT</small>",29 sept. 2026
5720714,ALLIER AMONT,43,Haute-Loire,AEP,alerte_renforcee,Alerte renforcée,3,2026-09-22,2026-12-31,DDT-SEF-2026-538,"<b>Eau du robinet</b><br><span style=""background:red;color:#fff;padding:2px 7px;border-radius:4px;font-weight:bold;font-size:0.85em"">Alerte renforcée</span><br>du 22 sept. 2026 au 31 déc. 2026<br><small>Zone : ALLIER AMONT</small>",29 sept. 2026
5723467,TOUQUES,61,Orne,AEP,alerte_renforcee,Alerte renforcée,3,2026-09-17,2026-10-31,2350-26-00093,"<b>Eau du robinet</b><br><span style=""background:red;color:#fff;padding:2px 7px;border-radius:4px;font-weight:bold;font-size:0.85em"">Alerte renforcée</span><br>du 17 sept. 2026 au 31 oct. 2026<br><small>Zone : TOUQUES</small>",29 sept. 2026
5723497,Bassins versants des fleuves côtiers du Boulonnais,62,Pas-de-Calais,AEP,alerte_renforcee,Alerte renforcée,3,2026-08-15,2026-10-31,2026-08-14,"<b>Eau du robinet</b><br><span style=""background:red;color:#fff;padding:2px 7px;border-radius:4px;font-weight:bold;font-size:0.85em"">Alerte renforcée</span><br>du 15 août 2026 au 31 oct. 2026<br><small>Zone : Bassins versants des fleuves côtiers du Boulonnais</small>",29 sept. 2026
5723500,Bassins versants de l’Audomarois et du delta de l'Aa,62,Pas-de-Calais,AEP,alerte_renforcee,Alerte renforcée,3,2026-08-15,2026-10-31,2026-08-14,"<b>Eau du robinet</b><br><span style=""background:red;color:#fff;padding:2px 7px;border-radius:4px;font-weight:bold;font-size:0.85em"">Alerte renforcée</span><br>du 15 août 2026 au 31 oct. 2026<br><small>Zone : Bassins versants de l’Audomarois et du delta de l'Aa</small>",29 sept. 2026
5723502,Bassin versant de la Lys,62,Pas-de-Calais,AEP,alerte_renforcee,Alerte renforcée,3,2026-08-15,2026-10-31,2026-08-14,"<b>Eau du robinet</b><br><span style=""background:red;color:#fff;padding:2px 7px;border-radius:4px;font-weight:bold;font-size:0.85em"">Alerte renforcée</span><br>du 15 août 2026 au 31 oct. 2026<br><small>Zone : Bassin versant de la Lys</small>",29 sept. 2026
5723503,Bassins versants de la Marque et de la Deûle,62,Pas-de-Calais,AEP,alerte_renforcee,Alerte renforcée,3,2026-08-15,2026-10-31,2026-08-14,"<b>Eau du robinet</b><br><span style=""background:red;color:#fff;padding:2px 7px;border-radius:4px;font-weight:bold;font-size:0.85em"">Alerte renforcée</span><br>du 15 août 2026 au 31 oct. 2026<br><small>Zone : Bassins versants de la Marque et de la Deûle</small>",29 sept. 2026
5723578,Zone AEP départementale,64,Pyrénées-Atlantiques,AEP,alerte_renforcee,Alerte renforcée,3,2026-09-28,2026-10-31,64-2026-09-25-00013_eau_potable,"<b>Eau du robinet</b><br><span style=""background:red;color:#fff;padding:2px 7px;border-radius:4px;font-weight:bold;font-size:0.85em"">Alerte renforcée</span><br>du 28 sept. 2026 au 31 oct. 2026<br><small>Zone : Zone AEP départementale</small>",29 sept. 2026
5720802,Loing amont,45,Loiret,AEP,alerte_renforcee,Alerte renforcée,3,2026-09-23,,DDT-SEEF-2026-210,"<b>Eau du robinet</b><br><span style=""background:red;color:#fff;padding:2px 7px;border-radius:4px;font-weight:bold;font-size:0.85em"">Alerte renforcée</span><br>depuis le 23 sept. 2026<br><small>Zone : Loing amont</small>",29 sept. 2026
5720807,Trezee-Ousson,45,Loiret,AEP,alerte_renforcee,Alerte renforcée,3,2026-09-23,,DDT-SEEF-2026-210,"<b>Eau du robinet</b><br><span style=""background:red;color:#fff;padding:2px 7px;border-radius:4px;font-weight:bold;font-size:0.85em"">Alerte renforcée</span><br>depuis le 23 sept. 2026<br><small>Zone : Trezee-Ousson</small>",29 sept. 2026
5720791,Aveyron,45,Loiret,AEP,alerte_renforcee,Alerte renforcée,3,2026-09-23,,DDT-SEEF-2026-210,"<b>Eau du robinet</b><br><span style=""background:red;color:#fff;padding:2px 7px;border-radius:4px;font-weight:bold;font-size:0.85em"">Alerte renforcée</span><br>depuis le 23 sept. 2026<br><small>Zone : Aveyron</small>",29 sept. 2026
5720797,Aquiaulne,45,Loiret,AEP,alerte_renforcee,Alerte renforcée,3,2026-09-23,,DDT-SEEF-2026-210,"<b>Eau du robinet</b><br><span style=""background:red;color:#fff;padding:2px 7px;border-radius:4px;font-weight:bold;font-size:0.85em"">Alerte renforcée</span><br>depuis le 23 sept. 2026<br><small>Zone : Aquiaulne</small>",29 sept. 2026
5720908,47 hors Nazareth,47,Lot-et-Garonne,AEP,alerte_renforcee,Alerte renforcée,3,2026-09-12,2026-10-31,47-2026-09-11-00002,"<b>Eau du robinet</b><br><span style=""background:red;color:#fff;padding:2px 7px;border-radius:4px;font-weight:bold;font-size:0.85em"">Alerte renforcée</span><br>du 12 sept. 2026 au 31 oct. 2026<br><small>Zone : 47 hors Nazareth</small>",29 sept. 2026
5723632,Zone AEP Neste,65,Hautes-Pyrénées,AEP,alerte_renforcee,Alerte renforcée,3,2026-09-12,2026-10-31,65-2026-09-11-00004,"<b>Eau du robinet</b><br><span style=""background:red;color:#fff;padding:2px 7px;border-radius:4px;font-weight:bold;font-size:0.85em"">Alerte renforcée</span><br>du 12 sept. 2026 au 31 oct. 2026<br><small>Zone : Zone AEP Neste</small>",29 sept. 2026
5719699,Bassin de la Deme,37,Indre-et-Loire,AEP,alerte_renforcee,Alerte renforcée,3,2026-09-27,2026-10-31,Arrêté du 25 SEPTEMBRE 2026,"<b>Eau du robinet</b><br><span style=""background:red;color:#fff;padding:2px 7px;border-radius:4px;font-weight:bold;font-size:0.85em"">Alerte renforcée</span><br>du 27 sept. 2026 au 31 oct. 2026<br><small>Zone : Bassin de la Deme</small>",29 sept. 2026
5719713,Bassin de l'Aigronne,37,Indre-et-Loire,AEP,alerte_renforcee,Alerte renforcée,3,2026-09-27,2026-10-31,Arrêté du 25 SEPTEMBRE 2026,"<b>Eau du robinet</b><br><span style=""background:red;color:#fff;padding:2px 7px;border-radius:4px;font-weight:bold;font-size:0.85em"">Alerte renforcée</span><br>du 27 sept. 2026 au 31 oct. 2026<br><small>Zone : Bassin de l'Aigronne</small>",29 sept. 2026
5719667,Bassin du Changeon,37,Indre-et-Loire,AEP,alerte_renforcee,Alerte renforcée,3,2026-09-27,2026-10-31,Arrêté du 25 SEPTEMBRE 2026,"<b>Eau du robinet</b><br><span style=""background:red;color:#fff;padding:2px 7px;border-radius:4px;font-weight:bold;font-size:0.85em"">Alerte renforcée</span><br>du 27 sept. 2026 au 31 oct. 2026<br><small>Zone : Bassin du Changeon</small>",29 sept. 2026
5719670,Bassin de la Fare,37,Indre-et-Loire,AEP,alerte_renforcee,Alerte renforcée,3,2026-09-27,2026-10-31,Arrêté du 25 SEPTEMBRE 2026,"<b>Eau du robinet</b><br><span style=""background:red;color:#fff;padding:2px 7px;border-radius:4px;font-weight:bold;font-size:0.85em"">Alerte renforcée</span><br>du 27 sept. 2026 au 31 oct. 2026<br><small>Zone : Bassin de la Fare</small>",29 sept. 2026
5719671,Bassin de la Maulne,37,Indre-et-Loire,AEP,alerte_renforcee,Alerte renforcée,3,2026-09-27,2026-10-31,Arrêté du 25 SEPTEMBRE 2026,"<b>Eau du robinet</b><br><span style=""background:red;color:#fff;padding:2px 7px;border-radius:4px;font-weight:bold;font-size:0.85em"">Alerte renforcée</span><br>du 27 sept. 2026 au 31 oct. 2026<br><small>Zone : Bassin de la Maulne</small>",29 sept. 2026
5719673,Bassin du Lathan,37,Indre-et-Loire,AEP,alerte_renforcee,Alerte renforcée,3,2026-09-27,2026-10-31,Arrêté du 25 SEPTEMBRE 2026,"<b>Eau du robinet</b><br><span style=""background:red;color:#fff;padding:2px 7px;border-radius:4px;font-weight:bold;font-size:0.85em"">Alerte renforcée</span><br>du 27 sept. 2026 au 31 oct. 2026<br><small>Zone : Bassin du Lathan</small>",29 sept. 2026
5719677,Bassin de la Brenne,37,Indre-et-Loire,AEP,alerte_renforcee,Alerte renforcée,3,2026-09-27,2026-10-31,Arrêté du 25 SEPTEMBRE 2026,"<b>Eau du robinet</b><br><span style=""background:red;color:#fff;padding:2px 7px;border-radius:4px;font-weight:bold;font-size:0.85em"">Alerte renforcée</span><br>du 27 sept. 2026 au 31 oct. 2026<br><small>Zone : Bassin de la Brenne</small>",29 sept. 2026
5719681,Bassin du Douai ou de la Riasse,37,Indre-et-Loire,AEP,alerte_renforcee,Alerte renforcée,3,2026-09-27,2026-10-31,Arrêté du 25 SEPTEMBRE 2026,"<b>Eau du robinet</b><br><span style=""background:red;color:#fff;padding:2px 7px;border-radius:4px;font-weight:bold;font-size:0.85em"">Alerte renforcée</span><br>du 27 sept. 2026 au 31 oct. 2026<br><small>Zone : Bassin du Douai ou de la Riasse</small>",29 sept. 2026
5719688,Bassin de la Gartempe,37,Indre-et-Loire,AEP,alerte_renforcee,Alerte renforcée,3,2026-09-27,2026-10-31,Arrêté du 25 SEPTEMBRE 2026,"<b>Eau du robinet</b><br><span style=""background:red;color:#fff;padding:2px 7px;border-radius:4px;font-weight:bold;font-size:0.85em"">Alerte renforcée</span><br>du 27 sept. 2026 au 31 oct. 2026<br><small>Zone : Bassin de la Gartempe</small>",29 sept. 2026
5719707,Bassin du Brignon,37,Indre-et-Loire,AEP,alerte_renforcee,Alerte renforcée,3,2026-09-27,2026-10-31,Arrêté du 25 SEPTEMBRE 2026,"<b>Eau du robinet</b><br><span style=""background:red;color:#fff;padding:2px 7px;border-radius:4px;font-weight:bold;font-size:0.85em"">Alerte renforcée</span><br>du 27 sept. 2026 au 31 oct. 2026<br><small>Zone : Bassin du Brignon</small>",29 sept. 2026
5719709,Bassin de la Choisille,37,Indre-et-Loire,AEP,alerte_renforcee,Alerte renforcée,3,2026-09-27,2026-10-31,Arrêté du 25 SEPTEMBRE 2026,"<b>Eau du robinet</b><br><span style=""background:red;color:#fff;padding:2px 7px;border-radius:4px;font-weight:bold;font-size:0.85em"">Alerte renforcée</span><br>du 27 sept. 2026 au 31 oct. 2026<br><small>Zone : Bassin de la Choisille</small>",29 sept. 2026
5719710,Bassin de la Cisse,37,Indre-et-Loire,AEP,alerte_renforcee,Alerte renforcée,3,2026-09-27,2026-10-31,Arrêté du 25 SEPTEMBRE 2026,"<b>Eau du robinet</b><br><span style=""background:red;color:#fff;padding:2px 7px;border-radius:4px;font-weight:bold;font-size:0.85em"">Alerte renforcée</span><br>du 27 sept. 2026 au 31 oct. 2026<br><small>Zone : Bassin de la Cisse</small>",29 sept. 2026
5719711,Bassin de la Masse,37,Indre-et-Loire,AEP,alerte_renforcee,Alerte renforcée,3,2026-09-27,2026-10-31,Arrêté du 25 SEPTEMBRE 2026,"<b>Eau du robinet</b><br><span style=""background:red;color:#fff;padding:2px 7px;border-radius:4px;font-weight:bold;font-size:0.85em"">Alerte renforcée</span><br>du 27 sept. 2026 au 31 oct. 2026<br><small>Zone : Bassin de la Masse</small>",29 sept. 2026
5719715,Bassin du Long,37,Indre-et-Loire,AEP,alerte_renforcee,Alerte renforcée,3,2026-09-27,2026-10-31,Arrêté du 25 SEPTEMBRE 2026,"<b>Eau du robinet</b><br><span style=""background:red;color:#fff;padding:2px 7px;border-radius:4px;font-weight:bold;font-size:0.85em"">Alerte renforcée</span><br>du 27 sept. 2026 au 31 oct. 2026<br><small>Zone : Bassin du Long</small>",29 sept. 2026
5719750,Vercors,38,Isère,AEP,alerte_renforcee,Alerte renforcée,3,2026-08-20,2026-09-30,38-2026-08-20-00004 [Isère],"<b>Eau du robinet</b><br><span style=""background:red;color:#fff;padding:2px 7px;border-radius:4px;font-weight:bold;font-size:0.85em"">Alerte renforcée</span><br>du 20 août 2026 au 30 sept. 2026<br><small>Zone : Vercors</small>",29 sept. 2026
5719751,Chambaran,38,Isère,AEP,alerte_renforcee,Alerte renforcée,3,2026-08-20,2026-09-30,38-2026-08-20-00004 [Isère],"<b>Eau du robinet</b><br><span style=""background:red;color:#fff;padding:2px 7px;border-radius:4px;font-weight:bold;font-size:0.85em"">Alerte renforcée</span><br>du 20 août 2026 au 30 sept. 2026<br><small>Zone : Chambaran</small>",29 sept. 2026
5719833,Sanne-Varèze-4 Vallées,38,Isère,AEP,alerte_renforcee,Alerte renforcée,3,2026-08-20,2026-09-30,38-2026-08-20-00004 [Isère],"<b>Eau du robinet</b><br><span style=""background:red;color:#fff;padding:2px 7px;border-radius:4px;font-weight:bold;font-size:0.85em"">Alerte renforcée</span><br>du 20 août 2026 au 30 sept. 2026<br><small>Zone : Sanne-Varèze-4 Vallées</small>",29 sept. 2026
5719835,Nappes de l'Est Lyonnais,38,Isère,AEP,alerte_renforcee,Alerte renforcée,3,2026-07-23,2026-10-31,38-2026-07-22-00001,"<b>Eau du robinet</b><br><span style=""background:red;color:#fff;padding:2px 7px;border-radius:4px;font-weight:bold;font-size:0.85em"">Alerte renforcée</span><br>du 23 juil. 2026 au 31 oct. 2026<br><small>Zone : Nappes de l'Est Lyonnais</small>",29 sept. 2026
5719843,Bourbre,38,Isère,AEP,alerte_renforcee,Alerte renforcée,3,2026-08-20,2026-09-30,38-2026-08-20-00004 [Isère],"<b>Eau du robinet</b><br><span style=""background:red;color:#fff;padding:2px 7px;border-radius:4px;font-weight:bold;font-size:0.85em"">Alerte renforcée</span><br>du 20 août 2026 au 30 sept. 2026<br><small>Zone : Bourbre</small>",29 sept. 2026
5719935,Bourbre (sout.),38,Isère,AEP,alerte_renforcee,Alerte renforcée,3,2026-08-20,2026-09-30,38-2026-08-20-00004 [Isère],"<b>Eau du robinet</b><br><span style=""background:red;color:#fff;padding:2px 7px;border-radius:4px;font-weight:bold;font-size:0.85em"">Alerte renforcée</span><br>du 20 août 2026 au 30 sept. 2026<br><small>Zone : Bourbre (sout.)</small>",29 sept. 2026
5719947,Belledonne (sout.),38,Isère,AEP,alerte_renforcee,Alerte renforcée,3,2026-08-20,2026-09-30,38-2026-08-20-00004 [Isère],"<b>Eau du robinet</b><br><span style=""background:red;color:#fff;padding:2px 7px;border-radius:4px;font-weight:bold;font-size:0.85em"">Alerte renforcée</span><br>du 20 août 2026 au 30 sept. 2026<br><small>Zone : Belledonne (sout.)</small>",29 sept. 2026
5719987,Oisans/Bonne,38,Isère,AEP,alerte_renforcee,Alerte renforcée,3,2026-08-20,2026-09-30,38-2026-08-20-00004 [Isère],"<b>Eau du robinet</b><br><span style=""background:red;color:#fff;padding:2px 7px;border-radius:4px;font-weight:bold;font-size:0.85em"">Alerte renforcée</span><br>du 20 août 2026 au 30 sept. 2026<br><small>Zone : Oisans/Bonne</small>",29 sept. 2026
5722391,YONNE aval,58,Nièvre,AEP,alerte_renforcee,Alerte renforcée,3,2026-08-17,2026-11-30,58-2026-08-13-00003,"<b>Eau du robinet</b><br><span style=""background:red;color:#fff;padding:2px 7px;border-radius:4px;font-weight:bold;font-size:0.85em"">Alerte renforcée</span><br>du 17 août 2026 au 30 nov. 2026<br><small>Zone : YONNE aval</small>",29 sept. 2026
5720144,Isle Crémieu,38,Isère,AEP,alerte_renforcee,Alerte renforcée,3,2026-08-20,2026-09-30,38-2026-08-20-00004 [Isère],"<b>Eau du robinet</b><br><span style=""background:red;color:#fff;padding:2px 7px;border-radius:4px;font-weight:bold;font-size:0.85em"">Alerte renforcée</span><br>du 20 août 2026 au 30 sept. 2026<br><small>Zone : Isle Crémieu</small>",29 sept. 2026
5720167,Molasse Miocène Bas Dauphiné,38,Isère,AEP,alerte_renforcee,Alerte renforcée,3,2026-08-20,2026-10-31,38-2026-08-20-00003_&_26-2026-08-18-00007 [GDdC],"<b>Eau du robinet</b><br><span style=""background:red;color:#fff;padding:2px 7px;border-radius:4px;font-weight:bold;font-size:0.85em"">Alerte renforcée</span><br>du 20 août 2026 au 31 oct. 2026<br><small>Zone : Molasse Miocène Bas Dauphiné</small>",29 sept. 2026
5720222,Isle Crémieu (sout.),38,Isère,AEP,alerte_renforcee,Alerte renforcée,3,2026-08-20,2026-09-30,38-2026-08-20-00004 [Isère],"<b>Eau du robinet</b><br><span style=""background:red;color:#fff;padding:2px 7px;border-radius:4px;font-weight:bold;font-size:0.85em"">Alerte renforcée</span><br>du 20 août 2026 au 30 sept. 2026<br><small>Zone : Isle Crémieu (sout.)</small>",29 sept. 2026
5722383,NOHAIN - MAZOU,58,Nièvre,AEP,alerte_renforcee,Alerte renforcée,3,2026-08-17,2026-11-30,58-2026-08-13-00003,"<b>Eau du robinet</b><br><span style=""background:red;color:#fff;padding:2px 7px;border-radius:4px;font-weight:bold;font-size:0.85em"">Alerte renforcée</span><br>du 17 août 2026 au 30 nov. 2026<br><small>Zone : NOHAIN - MAZOU</small>",29 sept. 2026
5722721,Bassin versant de la Scarpe aval,59,Nord,AEP,alerte_renforcee,Alerte renforcée,3,2026-08-15,2026-10-31,Arrêté préfectoral du 14 août 2026,"<b>Eau du robinet</b><br><span style=""background:red;color:#fff;padding:2px 7px;border-radius:4px;font-weight:bold;font-size:0.85em"">Alerte renforcée</span><br>du 15 août 2026 au 31 oct. 2026<br><small>Zone : Bassin versant de la Scarpe aval</small>",29 sept. 2026
5722722,Bassin versant de la Lys,59,Nord,AEP,alerte_renforcee,Alerte renforcée,3,2026-08-15,2026-10-31,Arrêté préfectoral du 14 août 2026,"<b>Eau du robinet</b><br><span style=""background:red;color:#fff;padding:2px 7px;border-radius:4px;font-weight:bold;font-size:0.85em"">Alerte renforcée</span><br>du 15 août 2026 au 31 oct. 2026<br><small>Zone : Bassin versant de la Lys</small>",29 sept. 2026
5722723,Bassins versants de l'Audomarois et du Delta de l'Aa,59,Nord,AEP,alerte_renforcee,Alerte renforcée,3,2026-08-15,2026-10-31,Arrêté préfectoral du 14 août 2026,"<b>Eau du robinet</b><br><span style=""background:red;color:#fff;padding:2px 7px;border-radius:4px;font-weight:bold;font-size:0.85em"">Alerte renforcée</span><br>du 15 août 2026 au 31 oct. 2026<br><small>Zone : Bassins versants de l'Audomarois et du Delta de l'Aa</small>",29 sept. 2026
5722724,Bassins versants de la Marque et de la Deûle,59,Nord,AEP,alerte_renforcee,Alerte renforcée,3,2026-08-15,2026-10-31,Arrêté préfectoral du 14 août 2026,"<b>Eau du robinet</b><br><span style=""background:red;color:#fff;padding:2px 7px;border-radius:4px;font-weight:bold;font-size:0.85em"">Alerte renforcée</span><br>du 15 août 2026 au 31 oct. 2026<br><small>Zone : Bassins versants de la Marque et de la Deûle</small>",29 sept. 2026
5719782,Vercors (sout.),38,Isère,AEP,alerte_renforcee,Alerte renforcée,3,2026-08-20,2026-09-30,38-2026-08-20-00004 [Isère],"<b>Eau du robinet</b><br><span style=""background:red;color:#fff;padding:2px 7px;border-radius:4px;font-weight:bold;font-size:0.85em"">Alerte renforcée</span><br>du 20 août 2026 au 30 sept. 2026<br><small>Zone : Vercors (sout.)</small>",29 sept. 2026
5719787,Trièves/Matheysine,38,Isère,AEP,alerte_renforcee,Alerte renforcée,3,2026-08-20,2026-09-30,38-2026-08-20-00004 [Isère],"<b>Eau du robinet</b><br><span style=""background:red;color:#fff;padding:2px 7px;border-radius:4px;font-weight:bold;font-size:0.85em"">Alerte renforcée</span><br>du 20 août 2026 au 30 sept. 2026<br><small>Zone : Trièves/Matheysine</small>",29 sept. 2026
5719932,Sanne-Varèze-4 Vallées (sout.),38,Isère,AEP,alerte_renforcee,Alerte renforcée,3,2026-08-20,2026-09-30,38-2026-08-20-00004 [Isère],"<b>Eau du robinet</b><br><span style=""background:red;color:#fff;padding:2px 7px;border-radius:4px;font-weight:bold;font-size:0.85em"">Alerte renforcée</span><br>du 20 août 2026 au 30 sept. 2026<br><small>Zone : Sanne-Varèze-4 Vallées (sout.)</small>",29 sept. 2026
5718850,Bassin de l'Allan,25,Doubs,AEP,crise,Crise,4,2026-07-17,2026-10-17,25-2026-07-17-00002,"<b>Eau du robinet</b><br><span style=""background:maroon;color:#fff;padding:2px 7px;border-radius:4px;font-weight:bold;font-size:0.85em"">Crise</span><br>du 17 juil. 2026 au 17 oct. 2026<br><small>Zone : Bassin de l'Allan</small>",29 sept. 2026
5718851,Haute Chaîne,25,Doubs,AEP,crise,Crise,4,2026-07-17,2026-10-17,25-2026-07-17-00002,"<b>Eau du robinet</b><br><span style=""background:maroon;color:#fff;padding:2px 7px;border-radius:4px;font-weight:bold;font-size:0.85em"">Crise</span><br>du 17 juil. 2026 au 17 oct. 2026<br><small>Zone : Haute Chaîne</small>",29 sept. 2026
5718852,Plateau calcaire jurassien,25,Doubs,AEP,crise,Crise,4,2026-07-17,2026-10-17,25-2026-07-17-00002,"<b>Eau du robinet</b><br><span style=""background:maroon;color:#fff;padding:2px 7px;border-radius:4px;font-weight:bold;font-size:0.85em"">Crise</span><br>du 17 juil. 2026 au 17 oct. 2026<br><small>Zone : Plateau calcaire jurassien</small>",29 sept. 2026
5718853,Moyennes vallées Doubs Ognon,25,Doubs,AEP,crise,Crise,4,2026-07-17,2026-10-17,25-2026-07-17-00002,"<b>Eau du robinet</b><br><span style=""background:maroon;color:#fff;padding:2px 7px;border-radius:4px;font-weight:bold;font-size:0.85em"">Crise</span><br>du 17 juil. 2026 au 17 oct. 2026<br><small>Zone : Moyennes vallées Doubs Ognon</small>",29 sept. 2026
5718854,zone non couverte par l'arrêté cadre,25,Doubs,AEP,crise,Crise,4,2026-07-17,2026-10-17,25-2026-07-17-00002,"<b>Eau du robinet</b><br><span style=""background:maroon;color:#fff;padding:2px 7px;border-radius:4px;font-weight:bold;font-size:0.85em"">Crise</span><br>du 17 juil. 2026 au 17 oct. 2026<br><small>Zone : zone non couverte par l'arrêté cadre</small>",29 sept. 2026
5719056,Herault,30,Gard,AEP,crise,Crise,4,2026-08-21,2026-10-31,30-2026-08-21-00001,"<b>Eau du robinet</b><br><span style=""background:maroon;color:#fff;padding:2px 7px;border-radius:4px;font-weight:bold;font-size:0.85em"">Crise</span><br>du 21 août 2026 au 31 oct. 2026<br><small>Zone : Herault</small>",29 sept. 2026
5719057,Gardon amont (de ses sources à la prise d'eau du canal de boucoiran au niveau du pont de la RN 106),30,Gard,AEP,crise,Crise,4,2026-08-21,2026-10-31,30-2026-08-21-00001,"<b>Eau du robinet</b><br><span style=""background:maroon;color:#fff;padding:2px 7px;border-radius:4px;font-weight:bold;font-size:0.85em"">Crise</span><br>du 21 août 2026 au 31 oct. 2026<br><small>Zone : Gardon amont (de ses sources à la prise d'eau du canal de boucoiran au niveau du pont de la RN 106)</small>",29 sept. 2026
5719059,Vidourle,30,Gard,AEP,crise,Crise,4,2026-08-21,2026-10-31,30-2026-08-21-00001,"<b>Eau du robinet</b><br><span style=""background:maroon;color:#fff;padding:2px 7px;border-radius:4px;font-weight:bold;font-size:0.85em"">Crise</span><br>du 21 août 2026 au 31 oct. 2026<br><small>Zone : Vidourle</small>",29 sept. 2026
5719062,"Cèze amont (de source à la confluence Tave jusqu'à la confluence avec la Claysse, ruisseau de la Clays)",30,Gard,AEP,crise,Crise,4,2026-08-21,2026-10-31,30-2026-08-21-00001,"<b>Eau du robinet</b><br><span style=""background:maroon;color:#fff;padding:2px 7px;border-radius:4px;font-weight:bold;font-size:0.85em"">Crise</span><br>du 21 août 2026 au 31 oct. 2026<br><small>Zone : Cèze amont (de source à la confluence Tave jusqu'à la confluence avec la Claysse, ruisseau de la Clays)</small>",29 sept. 2026
5720420,Haute chaîne,39,Jura,AEP,crise,Crise,4,2026-09-25,2026-12-25,39-2026-09-25-0001,"<b>Eau du robinet</b><br><span style=""background:maroon;color:#fff;padding:2px 7px;border-radius:4px;font-weight:bold;font-size:0.85em"">Crise</span><br>du 25 sept. 2026 au 25 déc. 2026<br><small>Zone : Haute chaîne</small>",29 sept. 2026
5720421,Seille,39,Jura,AEP,crise,Crise,4,2026-09-25,2026-12-25,39-2026-09-25-0001,"<b>Eau du robinet</b><br><span style=""background:maroon;color:#fff;padding:2px 7px;border-radius:4px;font-weight:bold;font-size:0.85em"">Crise</span><br>du 25 sept. 2026 au 25 déc. 2026<br><small>Zone : Seille</small>",29 sept. 2026
5720422,Nord Jura,39,Jura,AEP,crise,Crise,4,2026-09-25,2026-12-25,39-2026-09-25-0001,"<b>Eau du robinet</b><br><span style=""background:maroon;color:#fff;padding:2px 7px;border-radius:4px;font-weight:bold;font-size:0.85em"">Crise</span><br>du 25 sept. 2026 au 25 déc. 2026<br><small>Zone : Nord Jura</small>",29 sept. 2026
5720423,Plateau calcaire,39,Jura,AEP,crise,Crise,4,2026-09-25,2026-12-25,39-2026-09-25-0001,"<b>Eau du robinet</b><br><span style=""background:maroon;color:#fff;padding:2px 7px;border-radius:4px;font-weight:bold;font-size:0.85em"">Crise</span><br>du 25 sept. 2026 au 25 déc. 2026<br><small>Zone : Plateau calcaire</small>",29 sept. 2026
5721004,IV - Sienne - Soulles - ESU,50,Manche,AEP,crise,Crise,4,2026-09-25,2026-10-31,2026-DDTM-SE-189,"<b>Eau du robinet</b><br><span style=""background:maroon;color:#fff;padding:2px 7px;border-radius:4px;font-weight:bold;font-size:0.85em"">Crise</span><br>du 25 sept. 2026 au 31 oct. 2026<br><small>Zone : IV - Sienne - Soulles - ESU</small>",29 sept. 2026
5721008,III - Vire - ESU,50,Manche,AEP,crise,Crise,4,2026-09-25,2026-10-31,2026-DDTM-SE-189,"<b>Eau du robinet</b><br><span style=""background:maroon;color:#fff;padding:2px 7px;border-radius:4px;font-weight:bold;font-size:0.85em"">Crise</span><br>du 25 sept. 2026 au 31 oct. 2026<br><small>Zone : III - Vire - ESU</small>",29 sept. 2026
5723672,Nappes Aspres-Réart,66,Pyrénées-Orientales,AEP,crise,Crise,4,2026-09-11,2026-11-30,DDTM-SER-2026-254-0001,"<b>Eau du robinet</b><br><span style=""background:maroon;color:#fff;padding:2px 7px;border-radius:4px;font-weight:bold;font-size:0.85em"">Crise</span><br>du 11 sept. 2026 au 30 nov. 2026<br><small>Zone : Nappes Aspres-Réart</small>",29 sept. 2026
5718417,Bassin de l'Arnon aval,18,Cher,AEP,crise,Crise,4,2026-09-17,, DDT-2026-360,"<b>Eau du robinet</b><br><span style=""background:maroon;color:#fff;padding:2px 7px;border-radius:4px;font-weight:bold;font-size:0.85em"">Crise</span><br>depuis le 17 sept. 2026<br><small>Zone : Bassin de l'Arnon aval</small>",29 sept. 2026
5723683,"bassins de la Bruche, Mossig, Ehn, Andlau, Giessen et Liepvrette - partie dpt 67",67,Bas-Rhin,AEP,crise,Crise,4,2026-09-09,2026-10-31,9 septembre 2026,"<b>Eau du robinet</b><br><span style=""background:maroon;color:#fff;padding:2px 7px;border-radius:4px;font-weight:bold;font-size:0.85em"">Crise</span><br>du 9 sept. 2026 au 31 oct. 2026<br><small>Zone : bassins de la Bruche, Mossig, Ehn, Andlau, Giessen et Liepvrette - partie dpt 67</small>",29 sept. 2026
5722384,BEUVRON,58,Nièvre,AEP,crise,Crise,4,2026-08-17,2026-11-30,58-2026-08-13-00003,"<b>Eau du robinet</b><br><span style=""background:maroon;color:#fff;padding:2px 7px;border-radius:4px;font-weight:bold;font-size:0.85em"">Crise</span><br>du 17 août 2026 au 30 nov. 2026<br><small>Zone : BEUVRON</small>",29 sept. 2026
5722388,ARON vallée,58,Nièvre,AEP,crise,Crise,4,2026-08-17,2026-11-30,58-2026-08-13-00003,"<b>Eau du robinet</b><br><span style=""background:maroon;color:#fff;padding:2px 7px;border-radius:4px;font-weight:bold;font-size:0.85em"">Crise</span><br>du 17 août 2026 au 30 nov. 2026<br><small>Zone : ARON vallée</small>",29 sept. 2026
5718112,8. Secteur Argent-Double et affluents rive gauche de l'Aude sur ce secteur,11,Aude,AEP,crise,Crise,4,2026-09-18,2026-10-31,DDTM-SAFEB-2026-16,"<b>Eau du robinet</b><br><span style=""background:maroon;color:#fff;padding:2px 7px;border-radius:4px;font-weight:bold;font-size:0.85em"">Crise</span><br>du 18 sept. 2026 au 31 oct. 2026<br><small>Zone : 8. Secteur Argent-Double et affluents rive gauche de l'Aude sur ce secteur</small>",29 sept. 2026
5718113,6. Secteur Orbieu et affluents rive droite de l'Aude sur ce secteur,11,Aude,AEP,crise,Crise,4,2026-09-18,2026-10-31,DDTM-SAFEB-2026-16,"<b>Eau du robinet</b><br><span style=""background:maroon;color:#fff;padding:2px 7px;border-radius:4px;font-weight:bold;font-size:0.85em"">Crise</span><br>du 18 sept. 2026 au 31 oct. 2026<br><small>Zone : 6. Secteur Orbieu et affluents rive droite de l'Aude sur ce secteur</small>",29 sept. 2026
5716178,Rivières du Haut-Rhône,01,Ain,AEP,crise,Crise,4,2026-08-20,2026-10-31,2026-07,"<b>Eau du robinet</b><br><span style=""background:maroon;color:#fff;padding:2px 7px;border-radius:4px;font-weight:bold;font-size:0.85em"">Crise</span><br>du 20 août 2026 au 31 oct. 2026<br><small>Zone : Rivières du Haut-Rhône</small>",29 sept. 2026
5716179,Rivières du Bugey,01,Ain,AEP,crise,Crise,4,2026-08-20,2026-10-31,2026-07,"<b>Eau du robinet</b><br><span style=""background:maroon;color:#fff;padding:2px 7px;border-radius:4px;font-weight:bold;font-size:0.85em"">Crise</span><br>du 20 août 2026 au 31 oct. 2026<br><small>Zone : Rivières du Bugey</small>",29 sept. 2026
5716177,Saône Aval,01,Ain,AEP,crise,Crise,4,2026-08-20,2026-10-31,2026-07,"<b>Eau du robinet</b><br><span style=""background:maroon;color:#fff;padding:2px 7px;border-radius:4px;font-weight:bold;font-size:0.85em"">Crise</span><br>du 20 août 2026 au 31 oct. 2026<br><small>Zone : Saône Aval</small>",29 sept. 2026
5717030,Bassin du Sichon,03,Allier,AEP,crise,Crise,4,2026-08-29,2026-10-15,2043/2026,"<b>Eau du robinet</b><br><span style=""background:maroon;color:#fff;padding:2px 7px;border-radius:4px;font-weight:bold;font-size:0.85em"">Crise</span><br>du 29 août 2026 au 15 oct. 2026<br><small>Zone : Bassin du Sichon</small>",29 sept. 2026
5723533,B - Socle Combrailles,63,Puy-de-Dôme,AEP,crise,Crise,4,2026-08-20,2026-10-31,63-20261349,"<b>Eau du robinet</b><br><span style=""background:maroon;color:#fff;padding:2px 7px;border-radius:4px;font-weight:bold;font-size:0.85em"">Crise</span><br>du 20 août 2026 au 31 oct. 2026<br><small>Zone : B - Socle Combrailles</small>",29 sept. 2026
5723535,A - Nappe Allier,63,Puy-de-Dôme,AEP,crise,Crise,4,2026-08-20,2026-10-31,63-20261349,"<b>Eau du robinet</b><br><span style=""background:maroon;color:#fff;padding:2px 7px;border-radius:4px;font-weight:bold;font-size:0.85em"">Crise</span><br>du 20 août 2026 au 31 oct. 2026<br><small>Zone : A - Nappe Allier</small>",29 sept. 2026
5723536,E - Socle Dore amont,63,Puy-de-Dôme,AEP,crise,Crise,4,2026-08-20,2026-10-31,63-20261349,"<b>Eau du robinet</b><br><span style=""background:maroon;color:#fff;padding:2px 7px;border-radius:4px;font-weight:bold;font-size:0.85em"">Crise</span><br>du 20 août 2026 au 31 oct. 2026<br><small>Zone : E - Socle Dore amont</small>",29 sept. 2026
5723539,C - Socle Cher amont,63,Puy-de-Dôme,AEP,crise,Crise,4,2026-08-20,2026-10-31,63-20261349,"<b>Eau du robinet</b><br><span style=""background:maroon;color:#fff;padding:2px 7px;border-radius:4px;font-weight:bold;font-size:0.85em"">Crise</span><br>du 20 août 2026 au 31 oct. 2026<br><small>Zone : C - Socle Cher amont</small>",29 sept. 2026
5723540,D - Socle Dore aval,63,Puy-de-Dôme,AEP,crise,Crise,4,2026-08-20,2026-10-31,63-20261349,"<b>Eau du robinet</b><br><span style=""background:maroon;color:#fff;padding:2px 7px;border-radius:4px;font-weight:bold;font-size:0.85em"">Crise</span><br>du 20 août 2026 au 31 oct. 2026<br><small>Zone : D - Socle Dore aval</small>",29 sept. 2026
5723542,F - Socle Forez,63,Puy-de-Dôme,AEP,crise,Crise,4,2026-08-20,2026-10-31,63-20261349,"<b>Eau du robinet</b><br><span style=""background:maroon;color:#fff;padding:2px 7px;border-radius:4px;font-weight:bold;font-size:0.85em"">Crise</span><br>du 20 août 2026 au 31 oct. 2026<br><small>Zone : F - Socle Forez</small>",29 sept. 2026
5718064,Vanne,10,Aube,AEP,crise,Crise,4,2026-09-26,2026-10-31,DDT/SEB/PREMA-2026268-0001,"<b>Eau du robinet</b><br><span style=""background:maroon;color:#fff;padding:2px 7px;border-radius:4px;font-weight:bold;font-size:0.85em"">Crise</span><br>du 26 sept. 2026 au 31 oct. 2026<br><small>Zone : Vanne</small>",29 sept. 2026
5718065,Seine amont,10,Aube,AEP,crise,Crise,4,2026-09-26,2026-10-31,DDT/SEB/PREMA-2026268-0001,"<b>Eau du robinet</b><br><span style=""background:maroon;color:#fff;padding:2px 7px;border-radius:4px;font-weight:bold;font-size:0.85em"">Crise</span><br>du 26 sept. 2026 au 31 oct. 2026<br><small>Zone : Seine amont</small>",29 sept. 2026
5723702,DaFWL ts prélèvements y compris AEP,68,Haut-Rhin,AEP,crise,Crise,4,2026-07-23,2026-11-01,2026-12,"<b>Eau du robinet</b><br><span style=""background:maroon;color:#fff;padding:2px 7px;border-radius:4px;font-weight:bold;font-size:0.85em"">Crise</span><br>du 23 juil. 2026 au 1 nov. 2026<br><small>Zone : DaFWL ts prélèvements y compris AEP</small>",29 sept. 2026
5723704,"bassins de la Bruche, la Mossig, l'Ehn,  l'Andlau, du Giessen et de la Liepvrette-  partie dpt 68",68,Haut-Rhin,AEP,crise,Crise,4,2026-08-19,2026-11-01,2026-16,"<b>Eau du robinet</b><br><span style=""background:maroon;color:#fff;padding:2px 7px;border-radius:4px;font-weight:bold;font-size:0.85em"">Crise</span><br>du 19 août 2026 au 1 nov. 2026<br><small>Zone : bassins de la Bruche, la Mossig, l'Ehn,  l'Andlau, du Giessen et de la Liepvrette-  partie dpt 68</small>",29 sept. 2026
5721148,Oust amont,56,Morbihan,AEP,crise,Crise,4,2026-08-19,2026-11-30,20260819_AP_56_crise,"<b>Eau du robinet</b><br><span style=""background:maroon;color:#fff;padding:2px 7px;border-radius:4px;font-weight:bold;font-size:0.85em"">Crise</span><br>du 19 août 2026 au 30 nov. 2026<br><small>Zone : Oust amont</small>",29 sept. 2026
5721059,SAONE AMONT,52,Haute-Marne,AEP,crise,Crise,4,2026-08-11,2026-10-31,52-2026-08-00045,"<b>Eau du robinet</b><br><span style=""background:maroon;color:#fff;padding:2px 7px;border-radius:4px;font-weight:bold;font-size:0.85em"">Crise</span><br>du 11 août 2026 au 31 oct. 2026<br><small>Zone : SAONE AMONT</small>",29 sept. 2026
5721076,bassin Mayenne amont est,53,Mayenne,AEP,crise,Crise,4,2026-09-23,,AP_N°11_DDT53_22092026,"<b>Eau du robinet</b><br><span style=""background:maroon;color:#fff;padding:2px 7px;border-radius:4px;font-weight:bold;font-size:0.85em"">Crise</span><br>depuis le 23 sept. 2026<br><small>Zone : bassin Mayenne amont est</small>",29 sept. 2026
5721078,bassin Oudon,53,Mayenne,AEP,crise,Crise,4,2026-09-23,,AP_N°11_DDT53_22092026,"<b>Eau du robinet</b><br><span style=""background:maroon;color:#fff;padding:2px 7px;border-radius:4px;font-weight:bold;font-size:0.85em"">Crise</span><br>depuis le 23 sept. 2026<br><small>Zone : bassin Oudon</small>",29 sept. 2026
5721079,bassin Mayenne médiane et aval,53,Mayenne,AEP,crise,Crise,4,2026-09-23,,AP_N°11_DDT53_22092026,"<b>Eau du robinet</b><br><span style=""background:maroon;color:#fff;padding:2px 7px;border-radius:4px;font-weight:bold;font-size:0.85em"">Crise</span><br>depuis le 23 sept. 2026<br><small>Zone : bassin Mayenne médiane et aval</small>",29 sept. 2026
5721080,bassin Sarthe aval,53,Mayenne,AEP,crise,Crise,4,2026-09-23,,AP_N°11_DDT53_22092026,"<b>Eau du robinet</b><br><span style=""background:maroon;color:#fff;padding:2px 7px;border-radius:4px;font-weight:bold;font-size:0.85em"">Crise</span><br>depuis le 23 sept. 2026<br><small>Zone : bassin Sarthe aval</small>",29 sept. 2026
5721081,bassin Mayenne amont ouest,53,Mayenne,AEP,crise,Crise,4,2026-09-23,,AP_N°11_DDT53_22092026,"<b>Eau du robinet</b><br><span style=""background:maroon;color:#fff;padding:2px 7px;border-radius:4px;font-weight:bold;font-size:0.85em"">Crise</span><br>depuis le 23 sept. 2026<br><small>Zone : bassin Mayenne amont ouest</small>",29 sept. 2026
5723718,ZONE 2 - axe Saône,69,Rhône,AEP,crise,Crise,4,2026-08-24,2026-10-31,DDT_SENR_2026_B121,"<b>Eau du robinet</b><br><span style=""background:maroon;color:#fff;padding:2px 7px;border-radius:4px;font-weight:bold;font-size:0.85em"">Crise</span><br>du 24 août 2026 au 31 oct. 2026<br><small>Zone : ZONE 2 - axe Saône</small>",29 sept. 2026
5721151,Littoral,56,Morbihan,AEP,crise,Crise,4,2026-08-19,2026-11-30,20260819_AP_56_crise,"<b>Eau du robinet</b><br><span style=""background:maroon;color:#fff;padding:2px 7px;border-radius:4px;font-weight:bold;font-size:0.85em"">Crise</span><br>du 19 août 2026 au 30 nov. 2026<br><small>Zone : Littoral</small>",29 sept. 2026
5717035,Bassin de la Besbre,03,Allier,AEP,crise,Crise,4,2026-08-29,2026-10-15,2043/2026,"<b>Eau du robinet</b><br><span style=""background:maroon;color:#fff;padding:2px 7px;border-radius:4px;font-weight:bold;font-size:0.85em"">Crise</span><br>du 29 août 2026 au 15 oct. 2026<br><small>Zone : Bassin de la Besbre</small>",29 sept. 2026
5721055,MEUSE AMONT,52,Haute-Marne,AEP,crise,Crise,4,2026-08-11,2026-10-31,52-2026-08-00045,"<b>Eau du robinet</b><br><span style=""background:maroon;color:#fff;padding:2px 7px;border-radius:4px;font-weight:bold;font-size:0.85em"">Crise</span><br>du 11 août 2026 au 31 oct. 2026<br><small>Zone : MEUSE AMONT</small>",29 sept. 2026
5721088,Moselle amont et Meurthe - eaux superficielles,54,Meurthe-et-Moselle,AEP,crise,Crise,4,2026-08-12,2026-09-30,20260812_AP_PREF_MAM_CRISE_SIGNE,"<b>Eau du robinet</b><br><span style=""background:maroon;color:#fff;padding:2px 7px;border-radius:4px;font-weight:bold;font-size:0.85em"">Crise</span><br>du 12 août 2026 au 30 sept. 2026<br><small>Zone : Moselle amont et Meurthe - eaux superficielles</small>",29 sept. 2026
5721089,Meuse aval et Chiers - eaux superficielles,54,Meurthe-et-Moselle,AEP,crise,Crise,4,2026-08-12,2026-09-30,20260812_AP_PREF_MAC_CRISE_SIGNE,"<b>Eau du robinet</b><br><span style=""background:maroon;color:#fff;padding:2px 7px;border-radius:4px;font-weight:bold;font-size:0.85em"">Crise</span><br>du 12 août 2026 au 30 sept. 2026<br><small>Zone : Meuse aval et Chiers - eaux superficielles</small>",29 sept. 2026
5721090,"Moselle aval, Orne, Nied et Seille - eaux superficielles",54,Meurthe-et-Moselle,AEP,crise,Crise,4,2026-08-12,2026-09-30,20260812_AP_PREF_MAONS_CRISE_SIGNE,"<b>Eau du robinet</b><br><span style=""background:maroon;color:#fff;padding:2px 7px;border-radius:4px;font-weight:bold;font-size:0.85em"">Crise</span><br>du 12 août 2026 au 30 sept. 2026<br><small>Zone : Moselle aval, Orne, Nied et Seille - eaux superficielles</small>",29 sept. 2026
5723755,DHEUNE,71,Saône-et-Loire,AEP,crise,Crise,4,2026-09-25,2026-10-31,71-2026-09-24-00001,"<b>Eau du robinet</b><br><span style=""background:maroon;color:#fff;padding:2px 7px;border-radius:4px;font-weight:bold;font-size:0.85em"">Crise</span><br>du 25 sept. 2026 au 31 oct. 2026<br><small>Zone : DHEUNE</small>",29 sept. 2026
5723756,BOURBINCE,71,Saône-et-Loire,AEP,crise,Crise,4,2026-09-25,2026-10-31,71-2026-09-24-00001,"<b>Eau du robinet</b><br><span style=""background:maroon;color:#fff;padding:2px 7px;border-radius:4px;font-weight:bold;font-size:0.85em"">Crise</span><br>du 25 sept. 2026 au 31 oct. 2026<br><small>Zone : BOURBINCE</small>",29 sept. 2026
5723757,VALLÉE DE LA LOIRE,71,Saône-et-Loire,AEP,crise,Crise,4,2026-09-25,2026-10-31,71-2026-09-24-00001,"<b>Eau du robinet</b><br><span style=""background:maroon;color:#fff;padding:2px 7px;border-radius:4px;font-weight:bold;font-size:0.85em"">Crise</span><br>du 25 sept. 2026 au 31 oct. 2026<br><small>Zone : VALLÉE DE LA LOIRE</small>",29 sept. 2026
5723758,ARCONCE ET SORNIN,71,Saône-et-Loire,AEP,crise,Crise,4,2026-09-25,2026-10-31,71-2026-09-24-00001,"<b>Eau du robinet</b><br><span style=""background:maroon;color:#fff;padding:2px 7px;border-radius:4px;font-weight:bold;font-size:0.85em"">Crise</span><br>du 25 sept. 2026 au 31 oct. 2026<br><small>Zone : ARCONCE ET SORNIN</small>",29 sept. 2026
5723759,GROSNE,71,Saône-et-Loire,AEP,crise,Crise,4,2026-09-25,2026-10-31,71-2026-09-24-00001,"<b>Eau du robinet</b><br><span style=""background:maroon;color:#fff;padding:2px 7px;border-radius:4px;font-weight:bold;font-size:0.85em"">Crise</span><br>du 25 sept. 2026 au 31 oct. 2026<br><small>Zone : GROSNE</small>",29 sept. 2026
5723760,SAÔNE AVAL,71,Saône-et-Loire,AEP,crise,Crise,4,2026-09-25,2026-10-31,71-2026-09-24-00001,"<b>Eau du robinet</b><br><span style=""background:maroon;color:#fff;padding:2px 7px;border-radius:4px;font-weight:bold;font-size:0.85em"">Crise</span><br>du 25 sept. 2026 au 31 oct. 2026<br><small>Zone : SAÔNE AVAL</small>",29 sept. 2026
5723761,ARROUX MORVAN,71,Saône-et-Loire,AEP,crise,Crise,4,2026-09-25,2026-10-31,71-2026-09-24-00001,"<b>Eau du robinet</b><br><span style=""background:maroon;color:#fff;padding:2px 7px;border-radius:4px;font-weight:bold;font-size:0.85em"">Crise</span><br>du 25 sept. 2026 au 31 oct. 2026<br><small>Zone : ARROUX MORVAN</small>",29 sept. 2026
5723762,SEILLE ET GUYOTTE,71,Saône-et-Loire,AEP,crise,Crise,4,2026-09-25,2026-10-31,71-2026-09-24-00001,"<b>Eau du robinet</b><br><span style=""background:maroon;color:#fff;padding:2px 7px;border-radius:4px;font-weight:bold;font-size:0.85em"">Crise</span><br>du 25 sept. 2026 au 31 oct. 2026<br><small>Zone : SEILLE ET GUYOTTE</small>",29 sept. 2026
5723763,SAONE AVAL,71,Saône-et-Loire,AEP,crise,Crise,4,2026-09-25,2026-10-31,71-2026-09-24-00001,"<b>Eau du robinet</b><br><span style=""background:maroon;color:#fff;padding:2px 7px;border-radius:4px;font-weight:bold;font-size:0.85em"">Crise</span><br>du 25 sept. 2026 au 31 oct. 2026<br><small>Zone : SAONE AVAL</small>",29 sept. 2026
5723764,DHEUNE,71,Saône-et-Loire,AEP,crise,Crise,4,2026-09-25,2026-10-31,71-2026-09-24-00001,"<b>Eau du robinet</b><br><span style=""background:maroon;color:#fff;padding:2px 7px;border-radius:4px;font-weight:bold;font-size:0.85em"">Crise</span><br>du 25 sept. 2026 au 31 oct. 2026<br><small>Zone : DHEUNE</small>",29 sept. 2026
5717034,Bassin de la Bouble et du Boublon,03,Allier,AEP,crise,Crise,4,2026-08-29,2026-10-15,2043/2026,"<b>Eau du robinet</b><br><span style=""background:maroon;color:#fff;padding:2px 7px;border-radius:4px;font-weight:bold;font-size:0.85em"">Crise</span><br>du 29 août 2026 au 15 oct. 2026<br><small>Zone : Bassin de la Bouble et du Boublon</small>",29 sept. 2026
5717025,Bassin de l'Acolin,03,Allier,AEP,crise,Crise,4,2026-08-29,2026-10-15,2043/2026,"<b>Eau du robinet</b><br><span style=""background:maroon;color:#fff;padding:2px 7px;border-radius:4px;font-weight:bold;font-size:0.85em"">Crise</span><br>du 29 août 2026 au 15 oct. 2026<br><small>Zone : Bassin de l'Acolin</small>",29 sept. 2026
5721058,TILLE VINGEANNE,52,Haute-Marne,AEP,crise,Crise,4,2026-08-11,2026-10-31,52-2026-08-00045,"<b>Eau du robinet</b><br><span style=""background:maroon;color:#fff;padding:2px 7px;border-radius:4px;font-weight:bold;font-size:0.85em"">Crise</span><br>du 11 août 2026 au 31 oct. 2026<br><small>Zone : TILLE VINGEANNE</small>",29 sept. 2026
5723722,ZONE 3,69,Rhône,AEP,crise,Crise,4,2026-08-24,2026-10-31,DDT_SENR_2026_B121,"<b>Eau du robinet</b><br><span style=""background:maroon;color:#fff;padding:2px 7px;border-radius:4px;font-weight:bold;font-size:0.85em"">Crise</span><br>du 24 août 2026 au 31 oct. 2026<br><small>Zone : ZONE 3</small>",29 sept. 2026
5717026,Bassin de l'Andelot,03,Allier,AEP,crise,Crise,4,2026-08-29,2026-10-15,2043/2026,"<b>Eau du robinet</b><br><span style=""background:maroon;color:#fff;padding:2px 7px;border-radius:4px;font-weight:bold;font-size:0.85em"">Crise</span><br>du 29 août 2026 au 15 oct. 2026<br><small>Zone : Bassin de l'Andelot</small>",29 sept. 2026
5717027,Bassin du Cher (en amont de Chambonchard),03,Allier,AEP,crise,Crise,4,2026-08-29,2026-10-15,2043/2026,"<b>Eau du robinet</b><br><span style=""background:maroon;color:#fff;padding:2px 7px;border-radius:4px;font-weight:bold;font-size:0.85em"">Crise</span><br>du 29 août 2026 au 15 oct. 2026<br><small>Zone : Bassin du Cher (en amont de Chambonchard)</small>",29 sept. 2026
5717028,Bassin de la Loire,03,Allier,AEP,crise,Crise,4,2026-08-29,2026-10-15,2043/2026,"<b>Eau du robinet</b><br><span style=""background:maroon;color:#fff;padding:2px 7px;border-radius:4px;font-weight:bold;font-size:0.85em"">Crise</span><br>du 29 août 2026 au 15 oct. 2026<br><small>Zone : Bassin de la Loire</small>",29 sept. 2026
5717029,Bassin de l'Allier,03,Allier,AEP,crise,Crise,4,2026-08-29,2026-10-15,2043/2026,"<b>Eau du robinet</b><br><span style=""background:maroon;color:#fff;padding:2px 7px;border-radius:4px;font-weight:bold;font-size:0.85em"">Crise</span><br>du 29 août 2026 au 15 oct. 2026<br><small>Zone : Bassin de l'Allier</small>",29 sept. 2026
5717032,Bassin de l'Oeil et de l'Aumance,03,Allier,AEP,crise,Crise,4,2026-08-29,2026-10-15,2043/2026,"<b>Eau du robinet</b><br><span style=""background:maroon;color:#fff;padding:2px 7px;border-radius:4px;font-weight:bold;font-size:0.85em"">Crise</span><br>du 29 août 2026 au 15 oct. 2026<br><small>Zone : Bassin de l'Oeil et de l'Aumance</small>",29 sept. 2026
5717033,Bassin du Cher,03,Allier,AEP,crise,Crise,4,2026-08-29,2026-10-15,2043/2026,"<b>Eau du robinet</b><br><span style=""background:maroon;color:#fff;padding:2px 7px;border-radius:4px;font-weight:bold;font-size:0.85em"">Crise</span><br>du 29 août 2026 au 15 oct. 2026<br><small>Zone : Bassin du Cher</small>",29 sept. 2026
5723734,sup_Saône Amont 70,70,Haute-Saône,AEP,crise,Crise,4,2026-07-22,,70-2026-07-22-00005_SaoneAmont,"<b>Eau du robinet</b><br><span style=""background:maroon;color:#fff;padding:2px 7px;border-radius:4px;font-weight:bold;font-size:0.85em"">Crise</span><br>depuis le 22 juil. 2026<br><small>Zone : sup_Saône Amont 70</small>",29 sept. 2026
5723735,sup_Nappes et rivières des basses vallées du Doubs et de l'Ognon,70,Haute-Saône,AEP,crise,Crise,4,2026-07-22,,70-2026-07-22-00004_Vallée Doubs Ognon Loue,"<b>Eau du robinet</b><br><span style=""background:maroon;color:#fff;padding:2px 7px;border-radius:4px;font-weight:bold;font-size:0.85em"">Crise</span><br>depuis le 22 juil. 2026<br><small>Zone : sup_Nappes et rivières des basses vallées du Doubs et de l'Ognon</small>",29 sept. 2026
5723736,sup_Bassin versant de l'Allan_dpt 70,70,Haute-Saône,AEP,crise,Crise,4,2026-07-22,,70-2026-07-22-00003_SousBassin_de_l'Allan,"<b>Eau du robinet</b><br><span style=""background:maroon;color:#fff;padding:2px 7px;border-radius:4px;font-weight:bold;font-size:0.85em"">Crise</span><br>depuis le 22 juil. 2026<br><small>Zone : sup_Bassin versant de l'Allan_dpt 70</small>",29 sept. 2026
5723737,sup_Rivières du plateau haut de saônois,70,Haute-Saône,AEP,crise,Crise,4,2026-08-06,,70-2026-08-06-00003_Plateau_Calcaire_(RM22),"<b>Eau du robinet</b><br><span style=""background:maroon;color:#fff;padding:2px 7px;border-radius:4px;font-weight:bold;font-size:0.85em"">Crise</span><br>depuis le 6 août 2026<br><small>Zone : sup_Rivières du plateau haut de saônois</small>",29 sept. 2026
5723738,sup_Rivières vosgiennes et de la dépression vosgienne,70,Haute-Saône,AEP,crise,Crise,4,2026-07-08,,70-2026-07-08-00019_Vosges_Haut-Saônoises,"<b>Eau du robinet</b><br><span style=""background:maroon;color:#fff;padding:2px 7px;border-radius:4px;font-weight:bold;font-size:0.85em"">Crise</span><br>depuis le 8 juil. 2026<br><small>Zone : sup_Rivières vosgiennes et de la dépression vosgienne</small>",29 sept. 2026
5723717,ZONE 6,69,Rhône,AEP,crise,Crise,4,2026-08-24,2026-10-31,DDT_SENR_2026_B121,"<b>Eau du robinet</b><br><span style=""background:maroon;color:#fff;padding:2px 7px;border-radius:4px;font-weight:bold;font-size:0.85em"">Crise</span><br>du 24 août 2026 au 31 oct. 2026<br><small>Zone : ZONE 6</small>",29 sept. 2026
5723719,ZONE 4,69,Rhône,AEP,crise,Crise,4,2026-08-24,2026-10-31,DDT_SENR_2026_B121,"<b>Eau du robinet</b><br><span style=""background:maroon;color:#fff;padding:2px 7px;border-radius:4px;font-weight:bold;font-size:0.85em"">Crise</span><br>du 24 août 2026 au 31 oct. 2026<br><small>Zone : ZONE 4</small>",29 sept. 2026
5723815,Aune,72,Sarthe,AEP,crise,Crise,4,2026-09-24,,AP n°13 du 22 09 2026,"<b>Eau du robinet</b><br><span style=""background:maroon;color:#fff;padding:2px 7px;border-radius:4px;font-weight:bold;font-size:0.85em"">Crise</span><br>depuis le 24 sept. 2026<br><small>Zone : Aune</small>",29 sept. 2026
5723723,ZONE 1,69,Rhône,AEP,crise,Crise,4,2026-08-24,2026-10-31,DDT_SENR_2026_B121,"<b>Eau du robinet</b><br><span style=""background:maroon;color:#fff;padding:2px 7px;border-radius:4px;font-weight:bold;font-size:0.85em"">Crise</span><br>du 24 août 2026 au 31 oct. 2026<br><small>Zone : ZONE 1</small>",29 sept. 2026
5724688,SECO,79,Deux-Sèvres,AEP,crise,Crise,4,2026-09-12,2026-10-31,20260911_AP_AEP,"<b>Eau du robinet</b><br><span style=""background:maroon;color:#fff;padding:2px 7px;border-radius:4px;font-weight:bold;font-size:0.85em"">Crise</span><br>du 12 sept. 2026 au 31 oct. 2026<br><small>Zone : SECO</small>",29 sept. 2026
5723720,ZONE 5,69,Rhône,AEP,crise,Crise,4,2026-08-24,2026-10-31,DDT_SENR_2026_B121,"<b>Eau du robinet</b><br><span style=""background:maroon;color:#fff;padding:2px 7px;border-radius:4px;font-weight:bold;font-size:0.85em"">Crise</span><br>du 24 août 2026 au 31 oct. 2026<br><small>Zone : ZONE 5</small>",29 sept. 2026
5723765,SEILLE ET GUYOTTE,71,Saône-et-Loire,AEP,crise,Crise,4,2026-09-25,2026-10-31,71-2026-09-24-00001,"<b>Eau du robinet</b><br><span style=""background:maroon;color:#fff;padding:2px 7px;border-radius:4px;font-weight:bold;font-size:0.85em"">Crise</span><br>du 25 sept. 2026 au 31 oct. 2026<br><small>Zone : SEILLE ET GUYOTTE</small>",29 sept. 2026
5723766,ARCONCE ET SORNIN,71,Saône-et-Loire,AEP,crise,Crise,4,2026-09-25,2026-10-31,71-2026-09-24-00001,"<b>Eau du robinet</b><br><span style=""background:maroon;color:#fff;padding:2px 7px;border-radius:4px;font-weight:bold;font-size:0.85em"">Crise</span><br>du 25 sept. 2026 au 31 oct. 2026<br><small>Zone : ARCONCE ET SORNIN</small>",29 sept. 2026
5723767,GROSNE,71,Saône-et-Loire,AEP,crise,Crise,4,2026-09-25,2026-10-31,71-2026-09-24-00001,"<b>Eau du robinet</b><br><span style=""background:maroon;color:#fff;padding:2px 7px;border-radius:4px;font-weight:bold;font-size:0.85em"">Crise</span><br>du 25 sept. 2026 au 31 oct. 2026<br><small>Zone : GROSNE</small>",29 sept. 2026
5723768,VALLEE DE LA LOIRE,71,Saône-et-Loire,AEP,crise,Crise,4,2026-09-25,2026-10-31,71-2026-09-24-00001,"<b>Eau du robinet</b><br><span style=""background:maroon;color:#fff;padding:2px 7px;border-radius:4px;font-weight:bold;font-size:0.85em"">Crise</span><br>du 25 sept. 2026 au 31 oct. 2026<br><small>Zone : VALLEE DE LA LOIRE</small>",29 sept. 2026
5723769,ARROUX MORVAN,71,Saône-et-Loire,AEP,crise,Crise,4,2026-09-25,2026-10-31,71-2026-09-24-00001,"<b>Eau du robinet</b><br><span style=""background:maroon;color:#fff;padding:2px 7px;border-radius:4px;font-weight:bold;font-size:0.85em"">Crise</span><br>du 25 sept. 2026 au 31 oct. 2026<br><small>Zone : ARROUX MORVAN</small>",29 sept. 2026
5723819,Bienne,72,Sarthe,AEP,crise,Crise,4,2026-09-24,,AP n°13 du 22 09 2026,"<b>Eau du robinet</b><br><span style=""background:maroon;color:#fff;padding:2px 7px;border-radius:4px;font-weight:bold;font-size:0.85em"">Crise</span><br>depuis le 24 sept. 2026<br><small>Zone : Bienne</small>",29 sept. 2026
5723816,Affluents de la Sarthe Médiane,72,Sarthe,AEP,crise,Crise,4,2026-09-24,,AP n°13 du 22 09 2026,"<b>Eau du robinet</b><br><span style=""background:maroon;color:#fff;padding:2px 7px;border-radius:4px;font-weight:bold;font-size:0.85em"">Crise</span><br>depuis le 24 sept. 2026<br><small>Zone : Affluents de la Sarthe Médiane</small>",29 sept. 2026
5719069,Zone de gestion bassin du Salat,31,Haute-Garonne,AEP,crise,Crise,4,2026-09-26,2026-10-31,Arrêté entrant en vigueur 26/09/2026,"<b>Eau du robinet</b><br><span style=""background:maroon;color:#fff;padding:2px 7px;border-radius:4px;font-weight:bold;font-size:0.85em"">Crise</span><br>du 26 sept. 2026 au 31 oct. 2026<br><small>Zone : Zone de gestion bassin du Salat</small>",29 sept. 2026
5719103,Zone de gestion Garonne Médiane/ canal Saint-Martory,31,Haute-Garonne,AEP,crise,Crise,4,2026-09-26,2026-10-31,Arrêté entrant en vigueur 26/09/2026,"<b>Eau du robinet</b><br><span style=""background:maroon;color:#fff;padding:2px 7px;border-radius:4px;font-weight:bold;font-size:0.85em"">Crise</span><br>du 26 sept. 2026 au 31 oct. 2026<br><small>Zone : Zone de gestion Garonne Médiane/ canal Saint-Martory</small>",29 sept. 2026
5723805,Argance,72,Sarthe,AEP,crise,Crise,4,2026-09-24,,AP n°13 du 22 09 2026,"<b>Eau du robinet</b><br><span style=""background:maroon;color:#fff;padding:2px 7px;border-radius:4px;font-weight:bold;font-size:0.85em"">Crise</span><br>depuis le 24 sept. 2026<br><small>Zone : Argance</small>",29 sept. 2026
5723807,Vive Parence,72,Sarthe,AEP,crise,Crise,4,2026-09-24,,AP n°13 du 22 09 2026,"<b>Eau du robinet</b><br><span style=""background:maroon;color:#fff;padding:2px 7px;border-radius:4px;font-weight:bold;font-size:0.85em"">Crise</span><br>depuis le 24 sept. 2026<br><small>Zone : Vive Parence</small>",29 sept. 2026
5723812,Vaige-Taude-Erve,72,Sarthe,AEP,crise,Crise,4,2026-09-24,,AP n°13 du 22 09 2026,"<b>Eau du robinet</b><br><span style=""background:maroon;color:#fff;padding:2px 7px;border-radius:4px;font-weight:bold;font-size:0.85em"">Crise</span><br>depuis le 24 sept. 2026<br><small>Zone : Vaige-Taude-Erve</small>",29 sept. 2026
5723837,Chéran,73,Savoie,AEP,crise,Crise,4,2026-09-25,2026-10-30,2026-1220,"<b>Eau du robinet</b><br><span style=""background:maroon;color:#fff;padding:2px 7px;border-radius:4px;font-weight:bold;font-size:0.85em"">Crise</span><br>du 25 sept. 2026 au 30 oct. 2026<br><small>Zone : Chéran</small>",29 sept. 2026
5723863,Chéran,74,Haute-Savoie,AEP,crise,Crise,4,2026-08-20,2026-09-30,DDT-2026-1031,"<b>Eau du robinet</b><br><span style=""background:maroon;color:#fff;padding:2px 7px;border-radius:4px;font-weight:bold;font-size:0.85em"">Crise</span><br>du 20 août 2026 au 30 sept. 2026<br><small>Zone : Chéran</small>",29 sept. 2026
5723864,Usses,74,Haute-Savoie,AEP,crise,Crise,4,2026-08-20,2026-09-30,DDT-2026-1031,"<b>Eau du robinet</b><br><span style=""background:maroon;color:#fff;padding:2px 7px;border-radius:4px;font-weight:bold;font-size:0.85em"">Crise</span><br>du 20 août 2026 au 30 sept. 2026<br><small>Zone : Usses</small>",29 sept. 2026
5723870,Dranses,74,Haute-Savoie,AEP,crise,Crise,4,2026-08-20,2026-09-30,DDT-2026-1031,"<b>Eau du robinet</b><br><span style=""background:maroon;color:#fff;padding:2px 7px;border-radius:4px;font-weight:bold;font-size:0.85em"">Crise</span><br>du 20 août 2026 au 30 sept. 2026<br><small>Zone : Dranses</small>",29 sept. 2026
5721141,Oust Aval,56,Morbihan,AEP,crise,Crise,4,2026-08-19,2026-11-30,20260819_AP_56_crise,"<b>Eau du robinet</b><br><span style=""background:maroon;color:#fff;padding:2px 7px;border-radius:4px;font-weight:bold;font-size:0.85em"">Crise</span><br>du 19 août 2026 au 30 nov. 2026<br><small>Zone : Oust Aval</small>",29 sept. 2026
5725036,AUVEZERE,87,Haute-Vienne,AEP,crise,Crise,4,2026-07-18,2026-10-31,2026-05-crise-dordogne,"<b>Eau du robinet</b><br><span style=""background:maroon;color:#fff;padding:2px 7px;border-radius:4px;font-weight:bold;font-size:0.85em"">Crise</span><br>du 18 juil. 2026 au 31 oct. 2026<br><small>Zone : AUVEZERE</small>",29 sept. 2026
5725037,DRONNE AMONT,87,Haute-Vienne,AEP,crise,Crise,4,2026-07-18,2026-10-31,2026-05-crise-dordogne,"<b>Eau du robinet</b><br><span style=""background:maroon;color:#fff;padding:2px 7px;border-radius:4px;font-weight:bold;font-size:0.85em"">Crise</span><br>du 18 juil. 2026 au 31 oct. 2026<br><small>Zone : DRONNE AMONT</small>",29 sept. 2026
5725038,LOUE,87,Haute-Vienne,AEP,crise,Crise,4,2026-07-18,2026-10-31,2026-05-crise-dordogne,"<b>Eau du robinet</b><br><span style=""background:maroon;color:#fff;padding:2px 7px;border-radius:4px;font-weight:bold;font-size:0.85em"">Crise</span><br>du 18 juil. 2026 au 31 oct. 2026<br><small>Zone : LOUE</small>",29 sept. 2026
5725049,ISLE AMONT,87,Haute-Vienne,AEP,crise,Crise,4,2026-07-18,2026-10-31,2026-05-crise-dordogne,"<b>Eau du robinet</b><br><span style=""background:maroon;color:#fff;padding:2px 7px;border-radius:4px;font-weight:bold;font-size:0.85em"">Crise</span><br>du 18 juil. 2026 au 31 oct. 2026<br><small>Zone : ISLE AMONT</small>",29 sept. 2026
5725055,Bandiat,87,Haute-Vienne,AEP,crise,Crise,4,2026-07-10,2026-10-31,2026_03_CR_Bandiat-Tardoire_V_Charente,"<b>Eau du robinet</b><br><span style=""background:maroon;color:#fff;padding:2px 7px;border-radius:4px;font-weight:bold;font-size:0.85em"">Crise</span><br>du 10 juil. 2026 au 31 oct. 2026<br><small>Zone : Bandiat</small>",29 sept. 2026
5725057,Tardoire,87,Haute-Vienne,AEP,crise,Crise,4,2026-07-10,2026-10-31,2026_03_CR_Bandiat-Tardoire_V_Charente,"<b>Eau du robinet</b><br><span style=""background:maroon;color:#fff;padding:2px 7px;border-radius:4px;font-weight:bold;font-size:0.85em"">Crise</span><br>du 10 juil. 2026 au 31 oct. 2026<br><small>Zone : Tardoire</small>",29 sept. 2026
5725061,Vienne amont,87,Haute-Vienne,AEP,crise,Crise,4,2026-07-02,2026-10-31,2026_03_CR_Vienne-amont,"<b>Eau du robinet</b><br><span style=""background:maroon;color:#fff;padding:2px 7px;border-radius:4px;font-weight:bold;font-size:0.85em"">Crise</span><br>du 2 juil. 2026 au 31 oct. 2026<br><small>Zone : Vienne amont</small>",29 sept. 2026
5725064,Gartempe,87,Haute-Vienne,AEP,crise,Crise,4,2026-07-02,2026-10-31,2026_03_CR_Gartempe,"<b>Eau du robinet</b><br><span style=""background:maroon;color:#fff;padding:2px 7px;border-radius:4px;font-weight:bold;font-size:0.85em"">Crise</span><br>du 2 juil. 2026 au 31 oct. 2026<br><small>Zone : Gartempe</small>",29 sept. 2026
5725071,Saône amont,88,Vosges,AEP,crise,Crise,4,2026-07-16,2026-09-30,Arrêté n° 282/2026 du 16 juillet,"<b>Eau du robinet</b><br><span style=""background:maroon;color:#fff;padding:2px 7px;border-radius:4px;font-weight:bold;font-size:0.85em"">Crise</span><br>du 16 juil. 2026 au 30 sept. 2026<br><small>Zone : Saône amont</small>",29 sept. 2026
5725072,Moselle amont et Meurthe partie du département 88,88,Vosges,AEP,crise,Crise,4,2026-07-16,2026-09-30,Arrêté n° 281/2026 du 16 juillet,"<b>Eau du robinet</b><br><span style=""background:maroon;color:#fff;padding:2px 7px;border-radius:4px;font-weight:bold;font-size:0.85em"">Crise</span><br>du 16 juil. 2026 au 30 sept. 2026<br><small>Zone : Moselle amont et Meurthe partie du département 88</small>",29 sept. 2026
5725073,Meuse amont et médiane partie du département 88,88,Vosges,AEP,crise,Crise,4,2026-07-16,2026-09-30,Arrêté n° 280/2026 du 16 juillet,"<b>Eau du robinet</b><br><span style=""background:maroon;color:#fff;padding:2px 7px;border-radius:4px;font-weight:bold;font-size:0.85em"">Crise</span><br>du 16 juil. 2026 au 30 sept. 2026<br><small>Zone : Meuse amont et médiane partie du département 88</small>",29 sept. 2026
5717093,Asse,04,Alpes-de-Haute-Provence,AEP,crise,Crise,4,2026-09-25,2026-10-31,2026-268-007,"<b>Eau du robinet</b><br><span style=""background:maroon;color:#fff;padding:2px 7px;border-radius:4px;font-weight:bold;font-size:0.85em"">Crise</span><br>du 25 sept. 2026 au 31 oct. 2026<br><small>Zone : Asse</small>",29 sept. 2026
5721105,"Moselle aval, Orne, Nied et Seille partie du département 55",55,Meuse,AEP,crise,Crise,4,2026-09-02,2026-11-02,11640-2026-DDT-SE,"<b>Eau du robinet</b><br><span style=""background:maroon;color:#fff;padding:2px 7px;border-radius:4px;font-weight:bold;font-size:0.85em"">Crise</span><br>du 2 sept. 2026 au 2 nov. 2026<br><small>Zone : Moselle aval, Orne, Nied et Seille partie du département 55</small>",29 sept. 2026
5718503,Serein amont,21,Côte-d'Or,AEP,crise,Crise,4,2026-08-03,,1283*,"<b>Eau du robinet</b><br><span style=""background:maroon;color:#fff;padding:2px 7px;border-radius:4px;font-weight:bold;font-size:0.85em"">Crise</span><br>depuis le 3 août 2026<br><small>Zone : Serein amont</small>",29 sept. 2026
5718504,Bouzaise,21,Côte-d'Or,AEP,crise,Crise,4,2026-08-03,,1283*,"<b>Eau du robinet</b><br><span style=""background:maroon;color:#fff;padding:2px 7px;border-radius:4px;font-weight:bold;font-size:0.85em"">Crise</span><br>depuis le 3 août 2026<br><small>Zone : Bouzaise</small>",29 sept. 2026
5718505,Ouche aval,21,Côte-d'Or,AEP,crise,Crise,4,2026-08-03,,1283*,"<b>Eau du robinet</b><br><span style=""background:maroon;color:#fff;padding:2px 7px;border-radius:4px;font-weight:bold;font-size:0.85em"">Crise</span><br>depuis le 3 août 2026<br><small>Zone : Ouche aval</small>",29 sept. 2026
5718506,Arroux,21,Côte-d'Or,AEP,crise,Crise,4,2026-08-03,,1283*,"<b>Eau du robinet</b><br><span style=""background:maroon;color:#fff;padding:2px 7px;border-radius:4px;font-weight:bold;font-size:0.85em"">Crise</span><br>depuis le 3 août 2026<br><small>Zone : Arroux</small>",29 sept. 2026
5718507,Tille aval,21,Côte-d'Or,AEP,crise,Crise,4,2026-08-03,,1283*,"<b>Eau du robinet</b><br><span style=""background:maroon;color:#fff;padding:2px 7px;border-radius:4px;font-weight:bold;font-size:0.85em"">Crise</span><br>depuis le 3 août 2026<br><small>Zone : Tille aval</small>",29 sept. 2026
5718508,Vingeanne,21,Côte-d'Or,AEP,crise,Crise,4,2026-08-03,,1283*,"<b>Eau du robinet</b><br><span style=""background:maroon;color:#fff;padding:2px 7px;border-radius:4px;font-weight:bold;font-size:0.85em"">Crise</span><br>depuis le 3 août 2026<br><small>Zone : Vingeanne</small>",29 sept. 2026
5718509,Ouche amont,21,Côte-d'Or,AEP,crise,Crise,4,2026-08-03,,1283*,"<b>Eau du robinet</b><br><span style=""background:maroon;color:#fff;padding:2px 7px;border-radius:4px;font-weight:bold;font-size:0.85em"">Crise</span><br>depuis le 3 août 2026<br><small>Zone : Ouche amont</small>",29 sept. 2026
5721143,Blavet rive droite,56,Morbihan,AEP,crise,Crise,4,2026-08-19,2026-11-30,20260819_AP_56_crise,"<b>Eau du robinet</b><br><span style=""background:maroon;color:#fff;padding:2px 7px;border-radius:4px;font-weight:bold;font-size:0.85em"">Crise</span><br>du 19 août 2026 au 30 nov. 2026<br><small>Zone : Blavet rive droite</small>",29 sept. 2026
5718406,"Bassin du Colin, de l'Ouatier et du Langis",18,Cher,AEP,crise,Crise,4,2026-09-17,, DDT-2026-360,"<b>Eau du robinet</b><br><span style=""background:maroon;color:#fff;padding:2px 7px;border-radius:4px;font-weight:bold;font-size:0.85em"">Crise</span><br>depuis le 17 sept. 2026<br><small>Zone : Bassin du Colin, de l'Ouatier et du Langis</small>",29 sept. 2026
5718414,Bassin de la Loire et de ses affluents,18,Cher,AEP,crise,Crise,4,2026-09-17,, DDT-2026-360,"<b>Eau du robinet</b><br><span style=""background:maroon;color:#fff;padding:2px 7px;border-radius:4px;font-weight:bold;font-size:0.85em"">Crise</span><br>depuis le 17 sept. 2026<br><small>Zone : Bassin de la Loire et de ses affluents</small>",29 sept. 2026
5718416,"Bassin de l'Auron, de l'Airain et des Rampennes",18,Cher,AEP,crise,Crise,4,2026-09-17,, DDT-2026-360,"<b>Eau du robinet</b><br><span style=""background:maroon;color:#fff;padding:2px 7px;border-radius:4px;font-weight:bold;font-size:0.85em"">Crise</span><br>depuis le 17 sept. 2026<br><small>Zone : Bassin de l'Auron, de l'Airain et des Rampennes</small>",29 sept. 2026
5721144,Blavet rive gauche,56,Morbihan,AEP,crise,Crise,4,2026-08-19,2026-11-30,20260819_AP_56_crise,"<b>Eau du robinet</b><br><span style=""background:maroon;color:#fff;padding:2px 7px;border-radius:4px;font-weight:bold;font-size:0.85em"">Crise</span><br>du 19 août 2026 au 30 nov. 2026<br><small>Zone : Blavet rive gauche</small>",29 sept. 2026
5718373,SIAEP Marche-Boischaut,18,Cher,AEP,crise,Crise,4,2026-06-11,,Arrêté n°2026-227,"<b>Eau du robinet</b><br><span style=""background:maroon;color:#fff;padding:2px 7px;border-radius:4px;font-weight:bold;font-size:0.85em"">Crise</span><br>depuis le 11 juin 2026<br><small>Zone : SIAEP Marche-Boischaut</small>",29 sept. 2026
5718404,Bassin de l'Yèvre amont,18,Cher,AEP,crise,Crise,4,2026-09-17,, DDT-2026-360,"<b>Eau du robinet</b><br><span style=""background:maroon;color:#fff;padding:2px 7px;border-radius:4px;font-weight:bold;font-size:0.85em"">Crise</span><br>depuis le 17 sept. 2026<br><small>Zone : Bassin de l'Yèvre amont</small>",29 sept. 2026
5718458,zone Corrèze aval,19,Corrèze,AEP,crise,Crise,4,2026-08-29,2026-10-31,Arrete_Correze_semaine_35,"<b>Eau du robinet</b><br><span style=""background:maroon;color:#fff;padding:2px 7px;border-radius:4px;font-weight:bold;font-size:0.85em"">Crise</span><br>du 29 août 2026 au 31 oct. 2026<br><small>Zone : zone Corrèze aval</small>",29 sept. 2026
5718459,zone Elle (19),19,Corrèze,AEP,crise,Crise,4,2026-08-29,2026-10-31,Arrete_Correze_semaine_35,"<b>Eau du robinet</b><br><span style=""background:maroon;color:#fff;padding:2px 7px;border-radius:4px;font-weight:bold;font-size:0.85em"">Crise</span><br>du 29 août 2026 au 31 oct. 2026<br><small>Zone : zone Elle (19)</small>",29 sept. 2026
5718460,zone Vézère cristalline amont (19),19,Corrèze,AEP,crise,Crise,4,2026-08-29,2026-10-31,Arrete_Correze_semaine_35,"<b>Eau du robinet</b><br><span style=""background:maroon;color:#fff;padding:2px 7px;border-radius:4px;font-weight:bold;font-size:0.85em"">Crise</span><br>du 29 août 2026 au 31 oct. 2026<br><small>Zone : zone Vézère cristalline amont (19)</small>",29 sept. 2026
5718461,zone Corrèze amont,19,Corrèze,AEP,crise,Crise,4,2026-08-29,2026-10-31,Arrete_Correze_semaine_35,"<b>Eau du robinet</b><br><span style=""background:maroon;color:#fff;padding:2px 7px;border-radius:4px;font-weight:bold;font-size:0.85em"">Crise</span><br>du 29 août 2026 au 31 oct. 2026<br><small>Zone : zone Corrèze amont</small>",29 sept. 2026
5718462,zone Dordogne karstique (19),19,Corrèze,AEP,crise,Crise,4,2026-08-29,2026-10-31,Arrete_Correze_semaine_35,"<b>Eau du robinet</b><br><span style=""background:maroon;color:#fff;padding:2px 7px;border-radius:4px;font-weight:bold;font-size:0.85em"">Crise</span><br>du 29 août 2026 au 31 oct. 2026<br><small>Zone : zone Dordogne karstique (19)</small>",29 sept. 2026
5718464,zone Couze,19,Corrèze,AEP,crise,Crise,4,2026-08-29,2026-10-31,Arrete_Correze_semaine_35,"<b>Eau du robinet</b><br><span style=""background:maroon;color:#fff;padding:2px 7px;border-radius:4px;font-weight:bold;font-size:0.85em"">Crise</span><br>du 29 août 2026 au 31 oct. 2026<br><small>Zone : zone Couze</small>",29 sept. 2026
5718465,zone Vézère cristalline aval rive gauche,19,Corrèze,AEP,crise,Crise,4,2026-08-29,2026-10-31,Arrete_Correze_semaine_35,"<b>Eau du robinet</b><br><span style=""background:maroon;color:#fff;padding:2px 7px;border-radius:4px;font-weight:bold;font-size:0.85em"">Crise</span><br>du 29 août 2026 au 31 oct. 2026<br><small>Zone : zone Vézère cristalline aval rive gauche</small>",29 sept. 2026
5718466,zone Vézère cristalline aval rive droite,19,Corrèze,AEP,crise,Crise,4,2026-08-29,2026-10-31,Arrete_Correze_semaine_35,"<b>Eau du robinet</b><br><span style=""background:maroon;color:#fff;padding:2px 7px;border-radius:4px;font-weight:bold;font-size:0.85em"">Crise</span><br>du 29 août 2026 au 31 oct. 2026<br><small>Zone : zone Vézère cristalline aval rive droite</small>",29 sept. 2026
5718467,zone Auvézère (19),19,Corrèze,AEP,crise,Crise,4,2026-08-29,2026-10-31,Arrete_Correze_semaine_35,"<b>Eau du robinet</b><br><span style=""background:maroon;color:#fff;padding:2px 7px;border-radius:4px;font-weight:bold;font-size:0.85em"">Crise</span><br>du 29 août 2026 au 31 oct. 2026<br><small>Zone : zone Auvézère (19)</small>",29 sept. 2026
5718468,zone Vienne amont (19),19,Corrèze,AEP,crise,Crise,4,2026-08-29,2026-10-31,Arrete_Correze_semaine_35,"<b>Eau du robinet</b><br><span style=""background:maroon;color:#fff;padding:2px 7px;border-radius:4px;font-weight:bold;font-size:0.85em"">Crise</span><br>du 29 août 2026 au 31 oct. 2026<br><small>Zone : zone Vienne amont (19)</small>",29 sept. 2026
5718266,Secteur Bessin - ESU,14,Calvados,AEP,crise,Crise,4,2026-09-11,2026-10-31,2026_06,"<b>Eau du robinet</b><br><span style=""background:maroon;color:#fff;padding:2px 7px;border-radius:4px;font-weight:bold;font-size:0.85em"">Crise</span><br>du 11 sept. 2026 au 31 oct. 2026<br><small>Zone : Secteur Bessin - ESU</small>",29 sept. 2026
5718267,Secteur Virois - ESU,14,Calvados,AEP,crise,Crise,4,2026-09-11,2026-10-31,2026_06,"<b>Eau du robinet</b><br><span style=""background:maroon;color:#fff;padding:2px 7px;border-radius:4px;font-weight:bold;font-size:0.85em"">Crise</span><br>du 11 sept. 2026 au 31 oct. 2026<br><small>Zone : Secteur Virois - ESU</small>",29 sept. 2026
5718407,Bassin de l'Aubois,18,Cher,AEP,crise,Crise,4,2026-09-17,, DDT-2026-360,"<b>Eau du robinet</b><br><span style=""background:maroon;color:#fff;padding:2px 7px;border-radius:4px;font-weight:bold;font-size:0.85em"">Crise</span><br>depuis le 17 sept. 2026<br><small>Zone : Bassin de l'Aubois</small>",29 sept. 2026
5718409,Bassin de l'Yèvre aval,18,Cher,AEP,crise,Crise,4,2026-09-17,, DDT-2026-360,"<b>Eau du robinet</b><br><span style=""background:maroon;color:#fff;padding:2px 7px;border-radius:4px;font-weight:bold;font-size:0.85em"">Crise</span><br>depuis le 17 sept. 2026<br><small>Zone : Bassin de l'Yèvre aval</small>",29 sept. 2026
5718415,Bassin du Fouzon,18,Cher,AEP,crise,Crise,4,2026-09-17,, DDT-2026-360,"<b>Eau du robinet</b><br><span style=""background:maroon;color:#fff;padding:2px 7px;border-radius:4px;font-weight:bold;font-size:0.85em"">Crise</span><br>depuis le 17 sept. 2026<br><small>Zone : Bassin du Fouzon</small>",29 sept. 2026
5718117,10. Bassin versant du Fresquel,11,Aude,AEP,crise,Crise,4,2026-09-18,2026-10-31,DDTM-SAFEB-2026-16,"<b>Eau du robinet</b><br><span style=""background:maroon;color:#fff;padding:2px 7px;border-radius:4px;font-weight:bold;font-size:0.85em"">Crise</span><br>du 18 sept. 2026 au 31 oct. 2026<br><small>Zone : 10. Bassin versant du Fresquel</small>",29 sept. 2026
5718121,3. Secteur Aude amont (hors axe réalimenté),11,Aude,AEP,crise,Crise,4,2026-09-18,2026-10-31,DDTM-SAFEB-2026-16,"<b>Eau du robinet</b><br><span style=""background:maroon;color:#fff;padding:2px 7px;border-radius:4px;font-weight:bold;font-size:0.85em"">Crise</span><br>du 18 sept. 2026 au 31 oct. 2026<br><small>Zone : 3. Secteur Aude amont (hors axe réalimenté)</small>",29 sept. 2026
5718294,Sumene,15,Cantal,AEP,crise,Crise,4,2026-09-18,,2026-199,"<b>Eau du robinet</b><br><span style=""background:maroon;color:#fff;padding:2px 7px;border-radius:4px;font-weight:bold;font-size:0.85em"">Crise</span><br>depuis le 18 sept. 2026<br><small>Zone : Sumene</small>",29 sept. 2026
5721145,Ellé,56,Morbihan,AEP,crise,Crise,4,2026-08-19,2026-11-30,20260819_AP_56_crise,"<b>Eau du robinet</b><br><span style=""background:maroon;color:#fff;padding:2px 7px;border-radius:4px;font-weight:bold;font-size:0.85em"">Crise</span><br>du 19 août 2026 au 30 nov. 2026<br><small>Zone : Ellé</small>",29 sept. 2026
5721147,Aff,56,Morbihan,AEP,crise,Crise,4,2026-08-19,2026-11-30,20260819_AP_56_crise,"<b>Eau du robinet</b><br><span style=""background:maroon;color:#fff;padding:2px 7px;border-radius:4px;font-weight:bold;font-size:0.85em"">Crise</span><br>du 19 août 2026 au 30 nov. 2026<br><small>Zone : Aff</small>",29 sept. 2026
5718405,Bassin de la Théols,18,Cher,AEP,crise,Crise,4,2026-09-17,, DDT-2026-360,"<b>Eau du robinet</b><br><span style=""background:maroon;color:#fff;padding:2px 7px;border-radius:4px;font-weight:bold;font-size:0.85em"">Crise</span><br>depuis le 17 sept. 2026<br><small>Zone : Bassin de la Théols</small>",29 sept. 2026
5718408,Bassin de la Vauvise,18,Cher,AEP,crise,Crise,4,2026-09-17,, DDT-2026-360,"<b>Eau du robinet</b><br><span style=""background:maroon;color:#fff;padding:2px 7px;border-radius:4px;font-weight:bold;font-size:0.85em"">Crise</span><br>depuis le 17 sept. 2026<br><small>Zone : Bassin de la Vauvise</small>",29 sept. 2026
5718411,Bassin de l'Arnon amont,18,Cher,AEP,crise,Crise,4,2026-09-17,, DDT-2026-360,"<b>Eau du robinet</b><br><span style=""background:maroon;color:#fff;padding:2px 7px;border-radius:4px;font-weight:bold;font-size:0.85em"">Crise</span><br>depuis le 17 sept. 2026<br><small>Zone : Bassin de l'Arnon amont</small>",29 sept. 2026
5718412,Bassin du Cher,18,Cher,AEP,crise,Crise,4,2026-09-17,, DDT-2026-360,"<b>Eau du robinet</b><br><span style=""background:maroon;color:#fff;padding:2px 7px;border-radius:4px;font-weight:bold;font-size:0.85em"">Crise</span><br>depuis le 17 sept. 2026<br><small>Zone : Bassin du Cher</small>",29 sept. 2026
5721142,Yvel,56,Morbihan,AEP,crise,Crise,4,2026-08-19,2026-11-30,20260819_AP_56_crise,"<b>Eau du robinet</b><br><span style=""background:maroon;color:#fff;padding:2px 7px;border-radius:4px;font-weight:bold;font-size:0.85em"">Crise</span><br>du 19 août 2026 au 30 nov. 2026<br><small>Zone : Yvel</small>",29 sept. 2026
5721146,Scorff,56,Morbihan,AEP,crise,Crise,4,2026-08-19,2026-11-30,20260819_AP_56_crise,"<b>Eau du robinet</b><br><span style=""background:maroon;color:#fff;padding:2px 7px;border-radius:4px;font-weight:bold;font-size:0.85em"">Crise</span><br>du 19 août 2026 au 30 nov. 2026<br><small>Zone : Scorff</small>",29 sept. 2026
5719099,Zone de gestion Fleuve Garonne Sud,31,Haute-Garonne,AEP,crise,Crise,4,2026-09-26,2026-10-31,Arrêté entrant en vigueur 26/09/2026,"<b>Eau du robinet</b><br><span style=""background:maroon;color:#fff;padding:2px 7px;border-radius:4px;font-weight:bold;font-size:0.85em"">Crise</span><br>du 26 sept. 2026 au 31 oct. 2026<br><small>Zone : Zone de gestion Fleuve Garonne Sud</small>",29 sept. 2026
5725105,Zone de gestion Cure,89,Yonne,AEP,crise,Crise,4,2026-09-04,2026-12-31,DDT/SEE/2026/0072,"<b>Eau du robinet</b><br><span style=""background:maroon;color:#fff;padding:2px 7px;border-radius:4px;font-weight:bold;font-size:0.85em"">Crise</span><br>du 4 sept. 2026 au 31 déc. 2026<br><small>Zone : Zone de gestion Cure</small>",29 sept. 2026
5725109,Zone de gestion Armançon Aval,89,Yonne,AEP,crise,Crise,4,2026-09-04,2026-12-31,DDT/SEE/2026/0072,"<b>Eau du robinet</b><br><span style=""background:maroon;color:#fff;padding:2px 7px;border-radius:4px;font-weight:bold;font-size:0.85em"">Crise</span><br>du 4 sept. 2026 au 31 déc. 2026<br><small>Zone : Zone de gestion Armançon Aval</small>",29 sept. 2026
5725111,Zone de gestion Serein,89,Yonne,AEP,crise,Crise,4,2026-09-04,2026-12-31,DDT/SEE/2026/0072,"<b>Eau du robinet</b><br><span style=""background:maroon;color:#fff;padding:2px 7px;border-radius:4px;font-weight:bold;font-size:0.85em"">Crise</span><br>du 4 sept. 2026 au 31 déc. 2026<br><small>Zone : Zone de gestion Serein</small>",29 sept. 2026
5725112,Zone de gestion de la Vrille,89,Yonne,AEP,crise,Crise,4,2026-09-04,2026-12-31,DDT/SEE/2026/0072,"<b>Eau du robinet</b><br><span style=""background:maroon;color:#fff;padding:2px 7px;border-radius:4px;font-weight:bold;font-size:0.85em"">Crise</span><br>du 4 sept. 2026 au 31 déc. 2026<br><small>Zone : Zone de gestion de la Vrille</small>",29 sept. 2026
5725114,Zone de gestion Cousin,89,Yonne,AEP,crise,Crise,4,2026-09-04,2026-12-31,DDT/SEE/2026/0072,"<b>Eau du robinet</b><br><span style=""background:maroon;color:#fff;padding:2px 7px;border-radius:4px;font-weight:bold;font-size:0.85em"">Crise</span><br>du 4 sept. 2026 au 31 déc. 2026<br><small>Zone : Zone de gestion Cousin</small>",29 sept. 2026
5725118,Zone de gestion Tholon-Ravillon-Vrin-d'Ocques,89,Yonne,AEP,crise,Crise,4,2026-09-04,2026-12-31,DDT/SEE/2026/0072,"<b>Eau du robinet</b><br><span style=""background:maroon;color:#fff;padding:2px 7px;border-radius:4px;font-weight:bold;font-size:0.85em"">Crise</span><br>du 4 sept. 2026 au 31 déc. 2026<br><small>Zone : Zone de gestion Tholon-Ravillon-Vrin-d'Ocques</small>",29 sept. 2026
5718110,19. Bassin versant du Sor,11,Aude,AEP,crise,Crise,4,2026-09-18,2026-10-31,DDTM-SAFEB-2026-16,"<b>Eau du robinet</b><br><span style=""background:maroon;color:#fff;padding:2px 7px;border-radius:4px;font-weight:bold;font-size:0.85em"">Crise</span><br>du 18 sept. 2026 au 31 oct. 2026<br><small>Zone : 19. Bassin versant du Sor</small>",29 sept. 2026
5718115,17. Bassin versant de l'Hers Mort,11,Aude,AEP,crise,Crise,4,2026-09-18,2026-10-31,DDTM-SAFEB-2026-16,"<b>Eau du robinet</b><br><span style=""background:maroon;color:#fff;padding:2px 7px;border-radius:4px;font-weight:bold;font-size:0.85em"">Crise</span><br>du 18 sept. 2026 au 31 oct. 2026<br><small>Zone : 17. Bassin versant de l'Hers Mort</small>",29 sept. 2026
5718418,Bassin de l'Indre amont,18,Cher,AEP,crise,Crise,4,2026-09-17,, DDT-2026-360,"<b>Eau du robinet</b><br><span style=""background:maroon;color:#fff;padding:2px 7px;border-radius:4px;font-weight:bold;font-size:0.85em"">Crise</span><br>depuis le 17 sept. 2026<br><small>Zone : Bassin de l'Indre amont</small>",29 sept. 2026
5718109,18. Bassin versant du Thoré,11,Aude,AEP,crise,Crise,4,2026-09-18,2026-10-31,DDTM-SAFEB-2026-16,"<b>Eau du robinet</b><br><span style=""background:maroon;color:#fff;padding:2px 7px;border-radius:4px;font-weight:bold;font-size:0.85em"">Crise</span><br>du 18 sept. 2026 au 31 oct. 2026<br><small>Zone : 18. Bassin versant du Thoré</small>",29 sept. 2026
5718298,Ander_Margeride,15,Cantal,AEP,crise,Crise,4,2026-09-18,,2026-199,"<b>Eau du robinet</b><br><span style=""background:maroon;color:#fff;padding:2px 7px;border-radius:4px;font-weight:bold;font-size:0.85em"">Crise</span><br>depuis le 18 sept. 2026<br><small>Zone : Ander_Margeride</small>",29 sept. 2026
5717214,Doux,07,Ardèche,AEP,crise,Crise,4,2026-09-21,2026-10-31,07-2026-09-21-00005,"<b>Eau du robinet</b><br><span style=""background:maroon;color:#fff;padding:2px 7px;border-radius:4px;font-weight:bold;font-size:0.85em"">Crise</span><br>du 21 sept. 2026 au 31 oct. 2026<br><small>Zone : Doux</small>",29 sept. 2026
5717215,Cance,07,Ardèche,AEP,crise,Crise,4,2026-09-21,2026-10-31,07-2026-09-21-00005,"<b>Eau du robinet</b><br><span style=""background:maroon;color:#fff;padding:2px 7px;border-radius:4px;font-weight:bold;font-size:0.85em"">Crise</span><br>du 21 sept. 2026 au 31 oct. 2026<br><small>Zone : Cance</small>",29 sept. 2026
5717216,Eyrieux,07,Ardèche,AEP,crise,Crise,4,2026-09-21,2026-10-31,07-2026-09-21-00005,"<b>Eau du robinet</b><br><span style=""background:maroon;color:#fff;padding:2px 7px;border-radius:4px;font-weight:bold;font-size:0.85em"">Crise</span><br>du 21 sept. 2026 au 31 oct. 2026<br><small>Zone : Eyrieux</small>",29 sept. 2026
5717220,Allier,07,Ardèche,AEP,crise,Crise,4,2026-09-21,2026-10-31,07-2026-09-21-00005,"<b>Eau du robinet</b><br><span style=""background:maroon;color:#fff;padding:2px 7px;border-radius:4px;font-weight:bold;font-size:0.85em"">Crise</span><br>du 21 sept. 2026 au 31 oct. 2026<br><small>Zone : Allier</small>",29 sept. 2026
5717221,Cèze,07,Ardèche,AEP,crise,Crise,4,2026-09-21,2026-10-31,07-2026-09-21-00005,"<b>Eau du robinet</b><br><span style=""background:maroon;color:#fff;padding:2px 7px;border-radius:4px;font-weight:bold;font-size:0.85em"">Crise</span><br>du 21 sept. 2026 au 31 oct. 2026<br><small>Zone : Cèze</small>",29 sept. 2026
5717222,Loire,07,Ardèche,AEP,crise,Crise,4,2026-09-21,2026-10-31,07-2026-09-21-00005,"<b>Eau du robinet</b><br><span style=""background:maroon;color:#fff;padding:2px 7px;border-radius:4px;font-weight:bold;font-size:0.85em"">Crise</span><br>du 21 sept. 2026 au 31 oct. 2026<br><small>Zone : Loire</small>",29 sept. 2026
5717122,Cagne eau potable,06,Alpes-Maritimes,AEP,crise,Crise,4,2026-08-14,2026-10-31,AP-2026-110,"<b>Eau du robinet</b><br><span style=""background:maroon;color:#fff;padding:2px 7px;border-radius:4px;font-weight:bold;font-size:0.85em"">Crise</span><br>du 14 août 2026 au 31 oct. 2026<br><small>Zone : Cagne eau potable</small>",29 sept. 2026
5718052,UDI_crise,09,Ariège,AEP,crise,Crise,4,2026-09-21,2026-10-31,20260918,"<b>Eau du robinet</b><br><span style=""background:maroon;color:#fff;padding:2px 7px;border-radius:4px;font-weight:bold;font-size:0.85em"">Crise</span><br>du 21 sept. 2026 au 31 oct. 2026<br><small>Zone : UDI_crise</small>",29 sept. 2026
5717230,Oise,08,Ardennes,AEP,crise,Crise,4,2026-08-25,2026-10-31,Arrêté N°2026/619 OISE - CRISE,"<b>Eau du robinet</b><br><span style=""background:maroon;color:#fff;padding:2px 7px;border-radius:4px;font-weight:bold;font-size:0.85em"">Crise</span><br>du 25 août 2026 au 31 oct. 2026<br><small>Zone : Oise</small>",29 sept. 2026
5718153,Carladez,12,Aveyron,AEP,crise,Crise,4,2026-07-13,2026-10-31,2026_Communes_AEP_03,"<b>Eau du robinet</b><br><span style=""background:maroon;color:#fff;padding:2px 7px;border-radius:4px;font-weight:bold;font-size:0.85em"">Crise</span><br>du 13 juil. 2026 au 31 oct. 2026<br><small>Zone : Carladez</small>",29 sept. 2026
5718469,zone Logne,19,Corrèze,AEP,crise,Crise,4,2026-08-29,2026-10-31,Arrete_Correze_semaine_35,"<b>Eau du robinet</b><br><span style=""background:maroon;color:#fff;padding:2px 7px;border-radius:4px;font-weight:bold;font-size:0.85em"">Crise</span><br>du 29 août 2026 au 31 oct. 2026<br><small>Zone : zone Logne</small>",29 sept. 2026
5718470,zone Dordogne des grands barrages rive gauche (19),19,Corrèze,AEP,crise,Crise,4,2026-08-29,2026-10-31,Arrete_Correze_semaine_35,"<b>Eau du robinet</b><br><span style=""background:maroon;color:#fff;padding:2px 7px;border-radius:4px;font-weight:bold;font-size:0.85em"">Crise</span><br>du 29 août 2026 au 31 oct. 2026<br><small>Zone : zone Dordogne des grands barrages rive gauche (19)</small>",29 sept. 2026
5718471,zone Dordogne des grands barrages rive droite (19),19,Corrèze,AEP,crise,Crise,4,2026-08-29,2026-10-31,Arrete_Correze_semaine_35,"<b>Eau du robinet</b><br><span style=""background:maroon;color:#fff;padding:2px 7px;border-radius:4px;font-weight:bold;font-size:0.85em"">Crise</span><br>du 29 août 2026 au 31 oct. 2026<br><small>Zone : zone Dordogne des grands barrages rive droite (19)</small>",29 sept. 2026
5725123,CCVS ET GBCA,90,Territoire de Belfort,AEP,crise,Crise,4,2026-07-17,,90-2026-09-17-00003,"<b>Eau du robinet</b><br><span style=""background:maroon;color:#fff;padding:2px 7px;border-radius:4px;font-weight:bold;font-size:0.85em"">Crise</span><br>depuis le 17 juil. 2026<br><small>Zone : CCVS ET GBCA</small>",29 sept. 2026
5718560,Dordogne,23,Creuse,AEP,crise,Crise,4,2026-07-30,2026-10-30,23-2026-07-29-00002,"<b>Eau du robinet</b><br><span style=""background:maroon;color:#fff;padding:2px 7px;border-radius:4px;font-weight:bold;font-size:0.85em"">Crise</span><br>du 30 juil. 2026 au 30 oct. 2026<br><small>Zone : Dordogne</small>",29 sept. 2026
5718512,Saône moyenne,21,Côte-d'Or,AEP,crise,Crise,4,2026-08-03,,1283*,"<b>Eau du robinet</b><br><span style=""background:maroon;color:#fff;padding:2px 7px;border-radius:4px;font-weight:bold;font-size:0.85em"">Crise</span><br>depuis le 3 août 2026<br><small>Zone : Saône moyenne</small>",29 sept. 2026
5718513,Châtillonnais,21,Côte-d'Or,AEP,crise,Crise,4,2026-08-03,,1283*,"<b>Eau du robinet</b><br><span style=""background:maroon;color:#fff;padding:2px 7px;border-radius:4px;font-weight:bold;font-size:0.85em"">Crise</span><br>depuis le 3 août 2026<br><small>Zone : Châtillonnais</small>",29 sept. 2026
5718514,"Vouge, Biètre, Cent-Fonts",21,Côte-d'Or,AEP,crise,Crise,4,2026-08-03,,1283*,"<b>Eau du robinet</b><br><span style=""background:maroon;color:#fff;padding:2px 7px;border-radius:4px;font-weight:bold;font-size:0.85em"">Crise</span><br>depuis le 3 août 2026<br><small>Zone : Vouge, Biètre, Cent-Fonts</small>",29 sept. 2026
5718516,Tille amont,21,Côte-d'Or,AEP,crise,Crise,4,2026-08-03,,1283*,"<b>Eau du robinet</b><br><span style=""background:maroon;color:#fff;padding:2px 7px;border-radius:4px;font-weight:bold;font-size:0.85em"">Crise</span><br>depuis le 3 août 2026<br><small>Zone : Tille amont</small>",29 sept. 2026
5718523,Zone sud-ouest,22,Côtes-d'Armor,AEP,crise,Crise,4,2026-08-14,,20260814_AP-CRISE-DEP,"<b>Eau du robinet</b><br><span style=""background:maroon;color:#fff;padding:2px 7px;border-radius:4px;font-weight:bold;font-size:0.85em"">Crise</span><br>depuis le 14 août 2026<br><small>Zone : Zone sud-ouest</small>",29 sept. 2026
5718524,Zone sud,22,Côtes-d'Armor,AEP,crise,Crise,4,2026-08-14,,20260814_AP-CRISE-DEP,"<b>Eau du robinet</b><br><span style=""background:maroon;color:#fff;padding:2px 7px;border-radius:4px;font-weight:bold;font-size:0.85em"">Crise</span><br>depuis le 14 août 2026<br><small>Zone : Zone sud</small>",29 sept. 2026
5718525,Zone centre,22,Côtes-d'Armor,AEP,crise,Crise,4,2026-08-14,,20260814_AP-CRISE-DEP,"<b>Eau du robinet</b><br><span style=""background:maroon;color:#fff;padding:2px 7px;border-radius:4px;font-weight:bold;font-size:0.85em"">Crise</span><br>depuis le 14 août 2026<br><small>Zone : Zone centre</small>",29 sept. 2026
5718526,Zone est,22,Côtes-d'Armor,AEP,crise,Crise,4,2026-08-14,,20260814_AP-CRISE-DEP,"<b>Eau du robinet</b><br><span style=""background:maroon;color:#fff;padding:2px 7px;border-radius:4px;font-weight:bold;font-size:0.85em"">Crise</span><br>depuis le 14 août 2026<br><small>Zone : Zone est</small>",29 sept. 2026
5718527,Zone ouest,22,Côtes-d'Armor,AEP,crise,Crise,4,2026-08-14,,20260814_AP-CRISE-DEP,"<b>Eau du robinet</b><br><span style=""background:maroon;color:#fff;padding:2px 7px;border-radius:4px;font-weight:bold;font-size:0.85em"">Crise</span><br>depuis le 14 août 2026<br><small>Zone : Zone ouest</small>",29 sept. 2026
5718528,zone non couverte par l'arrêté cadre,22,Côtes-d'Armor,AEP,crise,Crise,4,2026-08-14,,20260814_AP-CRISE-DEP,"<b>Eau du robinet</b><br><span style=""background:maroon;color:#fff;padding:2px 7px;border-radius:4px;font-weight:bold;font-size:0.85em"">Crise</span><br>depuis le 14 août 2026<br><small>Zone : zone non couverte par l'arrêté cadre</small>",29 sept. 2026
5718539,Vienne,23,Creuse,AEP,crise,Crise,4,2026-07-30,2026-10-30,23-2026-07-29-00002,"<b>Eau du robinet</b><br><span style=""background:maroon;color:#fff;padding:2px 7px;border-radius:4px;font-weight:bold;font-size:0.85em"">Crise</span><br>du 30 juil. 2026 au 30 oct. 2026<br><small>Zone : Vienne</small>",29 sept. 2026
5718540,Cher,23,Creuse,AEP,crise,Crise,4,2026-07-30,2026-10-30,23-2026-07-29-00002,"<b>Eau du robinet</b><br><span style=""background:maroon;color:#fff;padding:2px 7px;border-radius:4px;font-weight:bold;font-size:0.85em"">Crise</span><br>du 30 juil. 2026 au 30 oct. 2026<br><small>Zone : Cher</small>",29 sept. 2026
5718541,Creuse amont,23,Creuse,AEP,crise,Crise,4,2026-07-30,2026-10-30,23-2026-07-29-00002,"<b>Eau du robinet</b><br><span style=""background:maroon;color:#fff;padding:2px 7px;border-radius:4px;font-weight:bold;font-size:0.85em"">Crise</span><br>du 30 juil. 2026 au 30 oct. 2026<br><small>Zone : Creuse amont</small>",29 sept. 2026
5718544,Creuse aval,23,Creuse,AEP,crise,Crise,4,2026-07-30,2026-10-30,23-2026-07-29-00002,"<b>Eau du robinet</b><br><span style=""background:maroon;color:#fff;padding:2px 7px;border-radius:4px;font-weight:bold;font-size:0.85em"">Crise</span><br>du 30 juil. 2026 au 30 oct. 2026<br><small>Zone : Creuse aval</small>",29 sept. 2026
5718887,Valloire,26,Drôme,AEP,crise,Crise,4,2026-08-24,2026-10-31,26-2026-08-21-00002_BLV,"<b>Eau du robinet</b><br><span style=""background:maroon;color:#fff;padding:2px 7px;border-radius:4px;font-weight:bold;font-size:0.85em"">Crise</span><br>du 24 août 2026 au 31 oct. 2026<br><small>Zone : Valloire</small>",29 sept. 2026
5718924,ITON AMONT,27,Eure,AEP,crise,Crise,4,2026-09-14,2026-11-30,DDTM/SEBF/2026-283,"<b>Eau du robinet</b><br><span style=""background:maroon;color:#fff;padding:2px 7px;border-radius:4px;font-weight:bold;font-size:0.85em"">Crise</span><br>du 14 sept. 2026 au 30 nov. 2026<br><small>Zone : ITON AMONT</small>",29 sept. 2026
5718930,AVRE AMONT,27,Eure,AEP,crise,Crise,4,2026-09-14,2026-11-30,DDTM/SEBF/2026-283,"<b>Eau du robinet</b><br><span style=""background:maroon;color:#fff;padding:2px 7px;border-radius:4px;font-weight:bold;font-size:0.85em"">Crise</span><br>du 14 sept. 2026 au 30 nov. 2026<br><small>Zone : AVRE AMONT</small>",29 sept. 2026
5717273,Calcaires de l'Oxfordien des Ardennes,08,Ardennes,AEP,crise,Crise,4,2026-07-29,2026-10-31,Arrêté n°2026 / 553 - OXFORDIEN - CRISE,"<b>Eau du robinet</b><br><span style=""background:maroon;color:#fff;padding:2px 7px;border-radius:4px;font-weight:bold;font-size:0.85em"">Crise</span><br>du 29 juil. 2026 au 31 oct. 2026<br><small>Zone : Calcaires de l'Oxfordien des Ardennes</small>",29 sept. 2026
5718141,Naussac,12,Aveyron,AEP,crise,Crise,4,2026-07-13,2026-10-31,2026_Communes_AEP_03,"<b>Eau du robinet</b><br><span style=""background:maroon;color:#fff;padding:2px 7px;border-radius:4px;font-weight:bold;font-size:0.85em"">Crise</span><br>du 13 juil. 2026 au 31 oct. 2026<br><small>Zone : Naussac</small>",29 sept. 2026
5719154,Neste,32,Gers,AEP,crise,Crise,4,2026-09-12,2026-10-31,32-2026-09-11-00004_AEP,"<b>Eau du robinet</b><br><span style=""background:maroon;color:#fff;padding:2px 7px;border-radius:4px;font-weight:bold;font-size:0.85em"">Crise</span><br>du 12 sept. 2026 au 31 oct. 2026<br><small>Zone : Neste</small>",29 sept. 2026
5718302,Maronne,15,Cantal,AEP,crise,Crise,4,2026-09-18,,2026-199,"<b>Eau du robinet</b><br><span style=""background:maroon;color:#fff;padding:2px 7px;border-radius:4px;font-weight:bold;font-size:0.85em"">Crise</span><br>depuis le 18 sept. 2026<br><small>Zone : Maronne</small>",29 sept. 2026
5718296,Haut-Allier,15,Cantal,AEP,crise,Crise,4,2026-09-18,,2026-199,"<b>Eau du robinet</b><br><span style=""background:maroon;color:#fff;padding:2px 7px;border-radius:4px;font-weight:bold;font-size:0.85em"">Crise</span><br>depuis le 18 sept. 2026<br><small>Zone : Haut-Allier</small>",29 sept. 2026
5718297,Rhue,15,Cantal,AEP,crise,Crise,4,2026-09-18,,2026-199,"<b>Eau du robinet</b><br><span style=""background:maroon;color:#fff;padding:2px 7px;border-radius:4px;font-weight:bold;font-size:0.85em"">Crise</span><br>depuis le 18 sept. 2026<br><small>Zone : Rhue</small>",29 sept. 2026
5718299,Affluents_Lot,15,Cantal,AEP,crise,Crise,4,2026-09-18,,2026-199,"<b>Eau du robinet</b><br><span style=""background:maroon;color:#fff;padding:2px 7px;border-radius:4px;font-weight:bold;font-size:0.85em"">Crise</span><br>depuis le 18 sept. 2026<br><small>Zone : Affluents_Lot</small>",29 sept. 2026
5718300,Veyre,15,Cantal,AEP,crise,Crise,4,2026-09-18,,2026-199,"<b>Eau du robinet</b><br><span style=""background:maroon;color:#fff;padding:2px 7px;border-radius:4px;font-weight:bold;font-size:0.85em"">Crise</span><br>depuis le 18 sept. 2026<br><small>Zone : Veyre</small>",29 sept. 2026
5718303,Alagnon,15,Cantal,AEP,crise,Crise,4,2026-09-18,,2026-199,"<b>Eau du robinet</b><br><span style=""background:maroon;color:#fff;padding:2px 7px;border-radius:4px;font-weight:bold;font-size:0.85em"">Crise</span><br>depuis le 18 sept. 2026<br><small>Zone : Alagnon</small>",29 sept. 2026
5719001,OUESSANT,29,Finistère,AEP,crise,Crise,4,2026-08-07,2026-11-15,29-2026-07-02-00005,"<b>Eau du robinet</b><br><span style=""background:maroon;color:#fff;padding:2px 7px;border-radius:4px;font-weight:bold;font-size:0.85em"">Crise</span><br>du 7 août 2026 au 15 nov. 2026<br><small>Zone : OUESSANT</small>",29 sept. 2026
5718976,LOIR Amont,28,Eure-et-Loir,AEP,crise,Crise,4,2026-09-21,,AP_SGREB_2026_255_restrictions_usages_eau,"<b>Eau du robinet</b><br><span style=""background:maroon;color:#fff;padding:2px 7px;border-radius:4px;font-weight:bold;font-size:0.85em"">Crise</span><br>depuis le 21 sept. 2026<br><small>Zone : LOIR Amont</small>",29 sept. 2026
5718963,VESGRE,28,Eure-et-Loir,AEP,crise,Crise,4,2026-09-21,,AP_SGREB_2026_255_restrictions_usages_eau,"<b>Eau du robinet</b><br><span style=""background:maroon;color:#fff;padding:2px 7px;border-radius:4px;font-weight:bold;font-size:0.85em"">Crise</span><br>depuis le 21 sept. 2026<br><small>Zone : VESGRE</small>",29 sept. 2026
5718973,OZANNE,28,Eure-et-Loir,AEP,crise,Crise,4,2026-09-21,,AP_SGREB_2026_255_restrictions_usages_eau,"<b>Eau du robinet</b><br><span style=""background:maroon;color:#fff;padding:2px 7px;border-radius:4px;font-weight:bold;font-size:0.85em"">Crise</span><br>depuis le 21 sept. 2026<br><small>Zone : OZANNE</small>",29 sept. 2026
5719007,BAIE DE DOUARNENEZ - OUEST CORNOUAILLE,29,Finistère,AEP,crise,Crise,4,2026-08-07,2026-11-15,29-2026-07-02-00005,"<b>Eau du robinet</b><br><span style=""background:maroon;color:#fff;padding:2px 7px;border-radius:4px;font-weight:bold;font-size:0.85em"">Crise</span><br>du 7 août 2026 au 15 nov. 2026<br><small>Zone : BAIE DE DOUARNENEZ - OUEST CORNOUAILLE</small>",29 sept. 2026
5719222,Bassin versant du Jaur,34,Hérault,AEP,crise,Crise,4,2026-09-24,2026-10-31,DDTM34-2026-09-17516,"<b>Eau du robinet</b><br><span style=""background:maroon;color:#fff;padding:2px 7px;border-radius:4px;font-weight:bold;font-size:0.85em"">Crise</span><br>du 24 sept. 2026 au 31 oct. 2026<br><small>Zone : Bassin versant du Jaur</small>",29 sept. 2026
5719228,Bassin versant du Thoré amont,34,Hérault,AEP,crise,Crise,4,2026-09-24,2026-10-31,DDTM34-2026-09-17516,"<b>Eau du robinet</b><br><span style=""background:maroon;color:#fff;padding:2px 7px;border-radius:4px;font-weight:bold;font-size:0.85em"">Crise</span><br>du 24 sept. 2026 au 31 oct. 2026<br><small>Zone : Bassin versant du Thoré amont</small>",29 sept. 2026
5719230,Bassin versant du Vidourle,34,Hérault,AEP,crise,Crise,4,2026-09-24,2026-10-31,DDTM34-2026-09-17516,"<b>Eau du robinet</b><br><span style=""background:maroon;color:#fff;padding:2px 7px;border-radius:4px;font-weight:bold;font-size:0.85em"">Crise</span><br>du 24 sept. 2026 au 31 oct. 2026<br><small>Zone : Bassin versant du Vidourle</small>",29 sept. 2026
5719232,Bassin versant de l’Argent double et de l’Ognon,34,Hérault,AEP,crise,Crise,4,2026-09-24,2026-10-31,DDTM34-2026-09-17516,"<b>Eau du robinet</b><br><span style=""background:maroon;color:#fff;padding:2px 7px;border-radius:4px;font-weight:bold;font-size:0.85em"">Crise</span><br>du 24 sept. 2026 au 31 oct. 2026<br><small>Zone : Bassin versant de l’Argent double et de l’Ognon</small>",29 sept. 2026
5719233,Affluents de l'Orb de la confluence avec le Jaur jusqu'à l'embouchure,34,Hérault,AEP,crise,Crise,4,2026-09-24,2026-10-31,DDTM34-2026-09-17516,"<b>Eau du robinet</b><br><span style=""background:maroon;color:#fff;padding:2px 7px;border-radius:4px;font-weight:bold;font-size:0.85em"">Crise</span><br>du 24 sept. 2026 au 31 oct. 2026<br><small>Zone : Affluents de l'Orb de la confluence avec le Jaur jusqu'à l'embouchure</small>",29 sept. 2026
5719234,Bassin versant de l'Orb de la Source à l’amont de la confluence avec le Jaur hors axe Orb soutenu,34,Hérault,AEP,crise,Crise,4,2026-09-24,2026-10-31,DDTM34-2026-09-17516,"<b>Eau du robinet</b><br><span style=""background:maroon;color:#fff;padding:2px 7px;border-radius:4px;font-weight:bold;font-size:0.85em"">Crise</span><br>du 24 sept. 2026 au 31 oct. 2026<br><small>Zone : Bassin versant de l'Orb de la Source à l’amont de la confluence avec le Jaur hors axe Orb soutenu</small>",29 sept. 2026
5719263,Secteur milieux aquatiques 4 - Bassin de la Vilaine en amont de Rennes_ZA_ESO,35,Ille-et-Vilaine,AEP,crise,Crise,4,2026-08-15,,35-2026-08-14-00002,"<b>Eau du robinet</b><br><span style=""background:maroon;color:#fff;padding:2px 7px;border-radius:4px;font-weight:bold;font-size:0.85em"">Crise</span><br>depuis le 15 août 2026<br><small>Zone : Secteur milieux aquatiques 4 - Bassin de la Vilaine en amont de Rennes_ZA_ESO</small>",29 sept. 2026
5719259,Secteur milieux aquatiques 6 - Bassin de l'Aff_ZA_ESO,35,Ille-et-Vilaine,AEP,crise,Crise,4,2026-08-15,,35-2026-08-14-00002,"<b>Eau du robinet</b><br><span style=""background:maroon;color:#fff;padding:2px 7px;border-radius:4px;font-weight:bold;font-size:0.85em"">Crise</span><br>depuis le 15 août 2026<br><small>Zone : Secteur milieux aquatiques 6 - Bassin de l'Aff_ZA_ESO</small>",29 sept. 2026
5719260,Secteur milieux aquatiques 1 - Bassin Côtier_ZA_ESO,35,Ille-et-Vilaine,AEP,crise,Crise,4,2026-08-15,,35-2026-08-14-00002,"<b>Eau du robinet</b><br><span style=""background:maroon;color:#fff;padding:2px 7px;border-radius:4px;font-weight:bold;font-size:0.85em"">Crise</span><br>depuis le 15 août 2026<br><small>Zone : Secteur milieux aquatiques 1 - Bassin Côtier_ZA_ESO</small>",29 sept. 2026
5719265,Secteur milieux aquatiques 3 - Bassin de la Vilaine Nord-Meu_ZA_ESO,35,Ille-et-Vilaine,AEP,crise,Crise,4,2026-08-15,,35-2026-08-14-00002,"<b>Eau du robinet</b><br><span style=""background:maroon;color:#fff;padding:2px 7px;border-radius:4px;font-weight:bold;font-size:0.85em"">Crise</span><br>depuis le 15 août 2026<br><small>Zone : Secteur milieux aquatiques 3 - Bassin de la Vilaine Nord-Meu_ZA_ESO</small>",29 sept. 2026
5719261,Secteur milieux aquatiques 5 - Bassin de la rive gauche de la Vilaine_ZA_ESO,35,Ille-et-Vilaine,AEP,crise,Crise,4,2026-08-15,,35-2026-08-14-00002,"<b>Eau du robinet</b><br><span style=""background:maroon;color:#fff;padding:2px 7px;border-radius:4px;font-weight:bold;font-size:0.85em"">Crise</span><br>depuis le 15 août 2026<br><small>Zone : Secteur milieux aquatiques 5 - Bassin de la rive gauche de la Vilaine_ZA_ESO</small>",29 sept. 2026
5719262,Secteur milieux aquatiques 7 - Bassin de la Chère_ZA_ESO,35,Ille-et-Vilaine,AEP,crise,Crise,4,2026-08-15,,35-2026-08-14-00002,"<b>Eau du robinet</b><br><span style=""background:maroon;color:#fff;padding:2px 7px;border-radius:4px;font-weight:bold;font-size:0.85em"">Crise</span><br>depuis le 15 août 2026<br><small>Zone : Secteur milieux aquatiques 7 - Bassin de la Chère_ZA_ESO</small>",29 sept. 2026
5719264,Secteur milieux aquatiques 2 - Bassin du Couesnon_ZA_ESO,35,Ille-et-Vilaine,AEP,crise,Crise,4,2026-08-15,,35-2026-08-14-00002,"<b>Eau du robinet</b><br><span style=""background:maroon;color:#fff;padding:2px 7px;border-radius:4px;font-weight:bold;font-size:0.85em"">Crise</span><br>depuis le 15 août 2026<br><small>Zone : Secteur milieux aquatiques 2 - Bassin du Couesnon_ZA_ESO</small>",29 sept. 2026
5719010,HAUT LEON - TREGOR,29,Finistère,AEP,crise,Crise,4,2026-08-07,2026-11-15,29-2026-07-02-00005,"<b>Eau du robinet</b><br><span style=""background:maroon;color:#fff;padding:2px 7px;border-radius:4px;font-weight:bold;font-size:0.85em"">Crise</span><br>du 7 août 2026 au 15 nov. 2026<br><small>Zone : HAUT LEON - TREGOR</small>",29 sept. 2026
5719009,AULNE,29,Finistère,AEP,crise,Crise,4,2026-08-07,2026-11-15,29-2026-07-02-00005,"<b>Eau du robinet</b><br><span style=""background:maroon;color:#fff;padding:2px 7px;border-radius:4px;font-weight:bold;font-size:0.85em"">Crise</span><br>du 7 août 2026 au 15 nov. 2026<br><small>Zone : AULNE</small>",29 sept. 2026
5719000,SUD CORNOUAILLE - ISOLE,29,Finistère,AEP,crise,Crise,4,2026-08-07,2026-11-15,29-2026-07-02-00005,"<b>Eau du robinet</b><br><span style=""background:maroon;color:#fff;padding:2px 7px;border-radius:4px;font-weight:bold;font-size:0.85em"">Crise</span><br>du 7 août 2026 au 15 nov. 2026<br><small>Zone : SUD CORNOUAILLE - ISOLE</small>",29 sept. 2026
5719005,ELORN,29,Finistère,AEP,crise,Crise,4,2026-08-07,2026-11-15,29-2026-07-02-00005,"<b>Eau du robinet</b><br><span style=""background:maroon;color:#fff;padding:2px 7px;border-radius:4px;font-weight:bold;font-size:0.85em"">Crise</span><br>du 7 août 2026 au 15 nov. 2026<br><small>Zone : ELORN</small>",29 sept. 2026
5719006,BAS LEON,29,Finistère,AEP,crise,Crise,4,2026-08-07,2026-11-15,29-2026-07-02-00005,"<b>Eau du robinet</b><br><span style=""background:maroon;color:#fff;padding:2px 7px;border-radius:4px;font-weight:bold;font-size:0.85em"">Crise</span><br>du 7 août 2026 au 15 nov. 2026<br><small>Zone : BAS LEON</small>",29 sept. 2026
5719008,ODET,29,Finistère,AEP,crise,Crise,4,2026-08-07,2026-11-15,29-2026-07-02-00005,"<b>Eau du robinet</b><br><span style=""background:maroon;color:#fff;padding:2px 7px;border-radius:4px;font-weight:bold;font-size:0.85em"">Crise</span><br>du 7 août 2026 au 15 nov. 2026<br><small>Zone : ODET</small>",29 sept. 2026
5719002,ILE-DE-SEIN,29,Finistère,AEP,crise,Crise,4,2026-08-07,2026-11-15,29-2026-07-02-00005,"<b>Eau du robinet</b><br><span style=""background:maroon;color:#fff;padding:2px 7px;border-radius:4px;font-weight:bold;font-size:0.85em"">Crise</span><br>du 7 août 2026 au 15 nov. 2026<br><small>Zone : ILE-DE-SEIN</small>",29 sept. 2026
5719003,ILE-MOLENE,29,Finistère,AEP,crise,Crise,4,2026-08-07,2026-11-15,29-2026-07-02-00005,"<b>Eau du robinet</b><br><span style=""background:maroon;color:#fff;padding:2px 7px;border-radius:4px;font-weight:bold;font-size:0.85em"">Crise</span><br>du 7 août 2026 au 15 nov. 2026<br><small>Zone : ILE-MOLENE</small>",29 sept. 2026
5719004,ILE-DE-BATZ,29,Finistère,AEP,crise,Crise,4,2026-08-07,2026-11-15,29-2026-07-02-00005,"<b>Eau du robinet</b><br><span style=""background:maroon;color:#fff;padding:2px 7px;border-radius:4px;font-weight:bold;font-size:0.85em"">Crise</span><br>du 7 août 2026 au 15 nov. 2026<br><small>Zone : ILE-DE-BATZ</small>",29 sept. 2026
5719034,Zone hydrographique Plaine Orientale,2B,Haute-Corse,AEP,crise,Crise,4,2026-09-18,,2B-2026-09-18-00002,"<b>Eau du robinet</b><br><span style=""background:maroon;color:#fff;padding:2px 7px;border-radius:4px;font-weight:bold;font-size:0.85em"">Crise</span><br>depuis le 18 sept. 2026<br><small>Zone : Zone hydrographique Plaine Orientale</small>",29 sept. 2026
5717375,Aisne et Aire,08,Ardennes,AEP,crise,Crise,4,2026-08-25,2026-10-31,Arrêté n°2026/621 AISNE ET AIRE - CRISE,"<b>Eau du robinet</b><br><span style=""background:maroon;color:#fff;padding:2px 7px;border-radius:4px;font-weight:bold;font-size:0.85em"">Crise</span><br>du 25 août 2026 au 31 oct. 2026<br><small>Zone : Aisne et Aire</small>",29 sept. 2026
5725483,Bassins du Réveillon et du Morbras,94,Val-de-Marne,AEP,crise,Crise,4,2026-07-06,2026-10-31,2026/02562,"<b>Eau du robinet</b><br><span style=""background:maroon;color:#fff;padding:2px 7px;border-radius:4px;font-weight:bold;font-size:0.85em"">Crise</span><br>du 6 juil. 2026 au 31 oct. 2026<br><small>Zone : Bassins du Réveillon et du Morbras</small>",29 sept. 2026
5719659,Bassin de la Bresme,37,Indre-et-Loire,AEP,crise,Crise,4,2026-09-27,2026-10-31,Arrêté du 25 SEPTEMBRE 2026,"<b>Eau du robinet</b><br><span style=""background:maroon;color:#fff;padding:2px 7px;border-radius:4px;font-weight:bold;font-size:0.85em"">Crise</span><br>du 27 sept. 2026 au 31 oct. 2026<br><small>Zone : Bassin de la Bresme</small>",29 sept. 2026
5719660,Bassin de la Roumer,37,Indre-et-Loire,AEP,crise,Crise,4,2026-09-27,2026-10-31,Arrêté du 25 SEPTEMBRE 2026,"<b>Eau du robinet</b><br><span style=""background:maroon;color:#fff;padding:2px 7px;border-radius:4px;font-weight:bold;font-size:0.85em"">Crise</span><br>du 27 sept. 2026 au 31 oct. 2026<br><small>Zone : Bassin de la Roumer</small>",29 sept. 2026
5719662,Bassin du Cher (Ch1),37,Indre-et-Loire,AEP,crise,Crise,4,2026-09-27,2026-10-31,Arrêté du 25 SEPTEMBRE 2026,"<b>Eau du robinet</b><br><span style=""background:maroon;color:#fff;padding:2px 7px;border-radius:4px;font-weight:bold;font-size:0.85em"">Crise</span><br>du 27 sept. 2026 au 31 oct. 2026<br><small>Zone : Bassin du Cher (Ch1)</small>",29 sept. 2026
5719300,Indre amont,36,Indre,AEP,crise,Crise,4,2026-08-08,,36-2026-08-06-00002 ,"<b>Eau du robinet</b><br><span style=""background:maroon;color:#fff;padding:2px 7px;border-radius:4px;font-weight:bold;font-size:0.85em"">Crise</span><br>depuis le 8 août 2026<br><small>Zone : Indre amont</small>",29 sept. 2026
5719301,Théols,36,Indre,AEP,crise,Crise,4,2026-08-08,,36-2026-08-06-00002 ,"<b>Eau du robinet</b><br><span style=""background:maroon;color:#fff;padding:2px 7px;border-radius:4px;font-weight:bold;font-size:0.85em"">Crise</span><br>depuis le 8 août 2026<br><small>Zone : Théols</small>",29 sept. 2026
5719302,Arnon,36,Indre,AEP,crise,Crise,4,2026-08-08,,36-2026-08-06-00002 ,"<b>Eau du robinet</b><br><span style=""background:maroon;color:#fff;padding:2px 7px;border-radius:4px;font-weight:bold;font-size:0.85em"">Crise</span><br>depuis le 8 août 2026<br><small>Zone : Arnon</small>",29 sept. 2026
5719317,Anglin aval,36,Indre,AEP,crise,Crise,4,2026-08-08,,36-2026-08-06-00002 ,"<b>Eau du robinet</b><br><span style=""background:maroon;color:#fff;padding:2px 7px;border-radius:4px;font-weight:bold;font-size:0.85em"">Crise</span><br>depuis le 8 août 2026<br><small>Zone : Anglin aval</small>",29 sept. 2026
5719318,Anglin amont,36,Indre,AEP,crise,Crise,4,2026-08-08,,36-2026-08-06-00002 ,"<b>Eau du robinet</b><br><span style=""background:maroon;color:#fff;padding:2px 7px;border-radius:4px;font-weight:bold;font-size:0.85em"">Crise</span><br>depuis le 8 août 2026<br><small>Zone : Anglin amont</small>",29 sept. 2026
5719323,Creuse,36,Indre,AEP,crise,Crise,4,2026-08-08,,36-2026-08-06-00002 ,"<b>Eau du robinet</b><br><span style=""background:maroon;color:#fff;padding:2px 7px;border-radius:4px;font-weight:bold;font-size:0.85em"">Crise</span><br>depuis le 8 août 2026<br><small>Zone : Creuse</small>",29 sept. 2026
5719341,Claise,36,Indre,AEP,crise,Crise,4,2026-08-08,,36-2026-08-06-00002 ,"<b>Eau du robinet</b><br><span style=""background:maroon;color:#fff;padding:2px 7px;border-radius:4px;font-weight:bold;font-size:0.85em"">Crise</span><br>depuis le 8 août 2026<br><small>Zone : Claise</small>",29 sept. 2026
5720635,Bassin du Cosson,41,Loir-et-Cher,AEP,crise,Crise,4,2026-09-25,,41-2026-09-24-00004,"<b>Eau du robinet</b><br><span style=""background:maroon;color:#fff;padding:2px 7px;border-radius:4px;font-weight:bold;font-size:0.85em"">Crise</span><br>depuis le 25 sept. 2026<br><small>Zone : Bassin du Cosson</small>",29 sept. 2026
5719358,Bouzanne,36,Indre,AEP,crise,Crise,4,2026-08-08,,36-2026-08-06-00002 ,"<b>Eau du robinet</b><br><span style=""background:maroon;color:#fff;padding:2px 7px;border-radius:4px;font-weight:bold;font-size:0.85em"">Crise</span><br>depuis le 8 août 2026<br><small>Zone : Bouzanne</small>",29 sept. 2026
5720644,Bassin du Cher,41,Loir-et-Cher,AEP,crise,Crise,4,2026-09-25,,41-2026-09-24-00004,"<b>Eau du robinet</b><br><span style=""background:maroon;color:#fff;padding:2px 7px;border-radius:4px;font-weight:bold;font-size:0.85em"">Crise</span><br>depuis le 25 sept. 2026<br><small>Zone : Bassin du Cher</small>",29 sept. 2026
5720645,Affluents Loire amont,41,Loir-et-Cher,AEP,crise,Crise,4,2026-09-25,,41-2026-09-24-00004,"<b>Eau du robinet</b><br><span style=""background:maroon;color:#fff;padding:2px 7px;border-radius:4px;font-weight:bold;font-size:0.85em"">Crise</span><br>depuis le 25 sept. 2026<br><small>Zone : Affluents Loire amont</small>",29 sept. 2026
5720638,AXE_LOIRE41,41,Loir-et-Cher,AEP,crise,Crise,4,2026-09-25,,41-2026-09-24-00004,"<b>Eau du robinet</b><br><span style=""background:maroon;color:#fff;padding:2px 7px;border-radius:4px;font-weight:bold;font-size:0.85em"">Crise</span><br>depuis le 25 sept. 2026<br><small>Zone : AXE_LOIRE41</small>",29 sept. 2026
5720641,Bassin du Fouzon,41,Loir-et-Cher,AEP,crise,Crise,4,2026-09-25,,41-2026-09-24-00004,"<b>Eau du robinet</b><br><span style=""background:maroon;color:#fff;padding:2px 7px;border-radius:4px;font-weight:bold;font-size:0.85em"">Crise</span><br>depuis le 25 sept. 2026<br><small>Zone : Bassin du Fouzon</small>",29 sept. 2026
5720684,Fleuve Loire amont,42,Loire,AEP,crise,Crise,4,2026-09-14,2026-10-31,DT-42-26-0606,"<b>Eau du robinet</b><br><span style=""background:maroon;color:#fff;padding:2px 7px;border-radius:4px;font-weight:bold;font-size:0.85em"">Crise</span><br>du 14 sept. 2026 au 31 oct. 2026<br><small>Zone : Fleuve Loire amont</small>",29 sept. 2026
5720679,Fleuve Loire aval,42,Loire,AEP,crise,Crise,4,2026-09-14,2026-10-31,DT-42-26-0606,"<b>Eau du robinet</b><br><span style=""background:maroon;color:#fff;padding:2px 7px;border-radius:4px;font-weight:bold;font-size:0.85em"">Crise</span><br>du 14 sept. 2026 au 31 oct. 2026<br><small>Zone : Fleuve Loire aval</small>",29 sept. 2026
5720702,DORETTE,43,Haute-Loire,AEP,crise,Crise,4,2026-09-22,2026-12-31,DDT-SEF-2026-538,"<b>Eau du robinet</b><br><span style=""background:maroon;color:#fff;padding:2px 7px;border-radius:4px;font-weight:bold;font-size:0.85em"">Crise</span><br>du 22 sept. 2026 au 31 déc. 2026<br><small>Zone : DORETTE</small>",29 sept. 2026
5720941,bassin du Tarn,48,Lozère,AEP,crise,Crise,4,2026-09-26,2026-11-24,DDT-SEB-2026-267-0001,"<b>Eau du robinet</b><br><span style=""background:maroon;color:#fff;padding:2px 7px;border-radius:4px;font-weight:bold;font-size:0.85em"">Crise</span><br>du 26 sept. 2026 au 24 nov. 2026<br><small>Zone : bassin du Tarn</small>",29 sept. 2026
5720942,bassin du Chassezac,48,Lozère,AEP,crise,Crise,4,2026-09-26,2026-11-24,DDT-SEB-2026-267-0001,"<b>Eau du robinet</b><br><span style=""background:maroon;color:#fff;padding:2px 7px;border-radius:4px;font-weight:bold;font-size:0.85em"">Crise</span><br>du 26 sept. 2026 au 24 nov. 2026<br><small>Zone : bassin du Chassezac</small>",29 sept. 2026
5720943,bassin de la Truyère,48,Lozère,AEP,crise,Crise,4,2026-09-26,2026-11-24,DDT-SEB-2026-267-0001,"<b>Eau du robinet</b><br><span style=""background:maroon;color:#fff;padding:2px 7px;border-radius:4px;font-weight:bold;font-size:0.85em"">Crise</span><br>du 26 sept. 2026 au 24 nov. 2026<br><small>Zone : bassin de la Truyère</small>",29 sept. 2026
5720944,bassin de l'Allier moyen,48,Lozère,AEP,crise,Crise,4,2026-09-26,2026-11-24,DDT-SEB-2026-267-0001,"<b>Eau du robinet</b><br><span style=""background:maroon;color:#fff;padding:2px 7px;border-radius:4px;font-weight:bold;font-size:0.85em"">Crise</span><br>du 26 sept. 2026 au 24 nov. 2026<br><small>Zone : bassin de l'Allier moyen</small>",29 sept. 2026
5720946,cours d'eau Colagne,48,Lozère,AEP,crise,Crise,4,2026-09-26,2026-11-24,DDT-SEB-2026-267-0001,"<b>Eau du robinet</b><br><span style=""background:maroon;color:#fff;padding:2px 7px;border-radius:4px;font-weight:bold;font-size:0.85em"">Crise</span><br>du 26 sept. 2026 au 24 nov. 2026<br><small>Zone : cours d'eau Colagne</small>",29 sept. 2026
5720947,bassin de l'Allier amont,48,Lozère,AEP,crise,Crise,4,2026-09-26,2026-11-24,DDT-SEB-2026-267-0001,"<b>Eau du robinet</b><br><span style=""background:maroon;color:#fff;padding:2px 7px;border-radius:4px;font-weight:bold;font-size:0.85em"">Crise</span><br>du 26 sept. 2026 au 24 nov. 2026<br><small>Zone : bassin de l'Allier amont</small>",29 sept. 2026
5720948,bassin de l'Allier (source),48,Lozère,AEP,crise,Crise,4,2026-09-26,2026-11-24,DDT-SEB-2026-267-0001,"<b>Eau du robinet</b><br><span style=""background:maroon;color:#fff;padding:2px 7px;border-radius:4px;font-weight:bold;font-size:0.85em"">Crise</span><br>du 26 sept. 2026 au 24 nov. 2026<br><small>Zone : bassin de l'Allier (source)</small>",29 sept. 2026
5720949,bassin du Tarnon,48,Lozère,AEP,crise,Crise,4,2026-09-26,2026-11-24,DDT-SEB-2026-267-0001,"<b>Eau du robinet</b><br><span style=""background:maroon;color:#fff;padding:2px 7px;border-radius:4px;font-weight:bold;font-size:0.85em"">Crise</span><br>du 26 sept. 2026 au 24 nov. 2026<br><small>Zone : bassin du Tarnon</small>",29 sept. 2026
5720950,bassin du Lot,48,Lozère,AEP,crise,Crise,4,2026-09-26,2026-11-24,DDT-SEB-2026-267-0001,"<b>Eau du robinet</b><br><span style=""background:maroon;color:#fff;padding:2px 7px;border-radius:4px;font-weight:bold;font-size:0.85em"">Crise</span><br>du 26 sept. 2026 au 24 nov. 2026<br><small>Zone : bassin du Lot</small>",29 sept. 2026
5720951,cours d'eau Allier axe,48,Lozère,AEP,crise,Crise,4,2026-09-26,2026-11-24,DDT-SEB-2026-267-0001,"<b>Eau du robinet</b><br><span style=""background:maroon;color:#fff;padding:2px 7px;border-radius:4px;font-weight:bold;font-size:0.85em"">Crise</span><br>du 26 sept. 2026 au 24 nov. 2026<br><small>Zone : cours d'eau Allier axe</small>",29 sept. 2026
5720682,Forez Lignon - Vizezy,42,Loire,AEP,crise,Crise,4,2026-09-14,2026-10-31,DT-42-26-0606,"<b>Eau du robinet</b><br><span style=""background:maroon;color:#fff;padding:2px 7px;border-radius:4px;font-weight:bold;font-size:0.85em"">Crise</span><br>du 14 sept. 2026 au 31 oct. 2026<br><small>Zone : Forez Lignon - Vizezy</small>",29 sept. 2026
5720685,Pilat Sud,42,Loire,AEP,crise,Crise,4,2026-09-14,2026-10-31,DT-42-26-0606,"<b>Eau du robinet</b><br><span style=""background:maroon;color:#fff;padding:2px 7px;border-radius:4px;font-weight:bold;font-size:0.85em"">Crise</span><br>du 14 sept. 2026 au 31 oct. 2026<br><small>Zone : Pilat Sud</small>",29 sept. 2026
5720676,Isable Aix,42,Loire,AEP,crise,Crise,4,2026-09-14,2026-10-31,DT-42-26-0606,"<b>Eau du robinet</b><br><span style=""background:maroon;color:#fff;padding:2px 7px;border-radius:4px;font-weight:bold;font-size:0.85em"">Crise</span><br>du 14 sept. 2026 au 31 oct. 2026<br><small>Zone : Isable Aix</small>",29 sept. 2026
5720678,Rhins Sornin,42,Loire,AEP,crise,Crise,4,2026-09-14,2026-10-31,DT-42-26-0606,"<b>Eau du robinet</b><br><span style=""background:maroon;color:#fff;padding:2px 7px;border-radius:4px;font-weight:bold;font-size:0.85em"">Crise</span><br>du 14 sept. 2026 au 31 oct. 2026<br><small>Zone : Rhins Sornin</small>",29 sept. 2026
5720681,Forez Ance - Mare - Bonson,42,Loire,AEP,crise,Crise,4,2026-09-14,2026-10-31,DT-42-26-0606,"<b>Eau du robinet</b><br><span style=""background:maroon;color:#fff;padding:2px 7px;border-radius:4px;font-weight:bold;font-size:0.85em"">Crise</span><br>du 14 sept. 2026 au 31 oct. 2026<br><small>Zone : Forez Ance - Mare - Bonson</small>",29 sept. 2026
5720704,ALLIER (lit mineur + 100m),43,Haute-Loire,AEP,crise,Crise,4,2026-09-22,2026-12-31,DDT-SEF-2026-538,"<b>Eau du robinet</b><br><span style=""background:maroon;color:#fff;padding:2px 7px;border-radius:4px;font-weight:bold;font-size:0.85em"">Crise</span><br>du 22 sept. 2026 au 31 déc. 2026<br><small>Zone : ALLIER (lit mineur + 100m)</small>",29 sept. 2026
5720706,ALAGNON,43,Haute-Loire,AEP,crise,Crise,4,2026-09-22,2026-12-31,DDT-SEF-2026-538,"<b>Eau du robinet</b><br><span style=""background:maroon;color:#fff;padding:2px 7px;border-radius:4px;font-weight:bold;font-size:0.85em"">Crise</span><br>du 22 sept. 2026 au 31 déc. 2026<br><small>Zone : ALAGNON</small>",29 sept. 2026
5720710,LOIRE (lit mineur + 100m),43,Haute-Loire,AEP,crise,Crise,4,2026-09-22,2026-12-31,DDT-SEF-2026-538,"<b>Eau du robinet</b><br><span style=""background:maroon;color:#fff;padding:2px 7px;border-radius:4px;font-weight:bold;font-size:0.85em"">Crise</span><br>du 22 sept. 2026 au 31 déc. 2026<br><small>Zone : LOIRE (lit mineur + 100m)</small>",29 sept. 2026
5720737,Zone AEP départementale,44,Loire-Atlantique,AEP,crise,Crise,4,2026-09-24,2026-10-31,2026/SEE/0217,"<b>Eau du robinet</b><br><span style=""background:maroon;color:#fff;padding:2px 7px;border-radius:4px;font-weight:bold;font-size:0.85em"">Crise</span><br>du 24 sept. 2026 au 31 oct. 2026<br><small>Zone : Zone AEP départementale</small>",29 sept. 2026
5719421,Fouzon,36,Indre,AEP,crise,Crise,4,2026-08-08,,36-2026-08-06-00002 ,"<b>Eau du robinet</b><br><span style=""background:maroon;color:#fff;padding:2px 7px;border-radius:4px;font-weight:bold;font-size:0.85em"">Crise</span><br>depuis le 8 août 2026<br><small>Zone : Fouzon</small>",29 sept. 2026
5719425,Modon,36,Indre,AEP,crise,Crise,4,2026-08-08,,36-2026-08-06-00002 ,"<b>Eau du robinet</b><br><span style=""background:maroon;color:#fff;padding:2px 7px;border-radius:4px;font-weight:bold;font-size:0.85em"">Crise</span><br>depuis le 8 août 2026<br><small>Zone : Modon</small>",29 sept. 2026
5723577,Niveau_crise,64,Pyrénées-Atlantiques,AEP,crise,Crise,4,2026-09-28,2026-10-31,64-2026-09-25-00013_eau_potable,"<b>Eau du robinet</b><br><span style=""background:maroon;color:#fff;padding:2px 7px;border-radius:4px;font-weight:bold;font-size:0.85em"">Crise</span><br>du 28 sept. 2026 au 31 oct. 2026<br><small>Zone : Niveau_crise</small>",29 sept. 2026
5719431,Indrois-Tourmente,36,Indre,AEP,crise,Crise,4,2026-08-08,,36-2026-08-06-00002 ,"<b>Eau du robinet</b><br><span style=""background:maroon;color:#fff;padding:2px 7px;border-radius:4px;font-weight:bold;font-size:0.85em"">Crise</span><br>depuis le 8 août 2026<br><small>Zone : Indrois-Tourmente</small>",29 sept. 2026
5719432,Ringoire,36,Indre,AEP,crise,Crise,4,2026-08-08,,36-2026-08-06-00002 ,"<b>Eau du robinet</b><br><span style=""background:maroon;color:#fff;padding:2px 7px;border-radius:4px;font-weight:bold;font-size:0.85em"">Crise</span><br>depuis le 8 août 2026<br><small>Zone : Ringoire</small>",29 sept. 2026
5723465,MAYENNE AMONT,61,Orne,AEP,crise,Crise,4,2026-09-17,2026-10-31,2350-26-00093,"<b>Eau du robinet</b><br><span style=""background:maroon;color:#fff;padding:2px 7px;border-radius:4px;font-weight:bold;font-size:0.85em"">Crise</span><br>du 17 sept. 2026 au 31 oct. 2026<br><small>Zone : MAYENNE AMONT</small>",29 sept. 2026
5723468,SARTHE,61,Orne,AEP,crise,Crise,4,2026-09-17,2026-10-31,2350-26-00093,"<b>Eau du robinet</b><br><span style=""background:maroon;color:#fff;padding:2px 7px;border-radius:4px;font-weight:bold;font-size:0.85em"">Crise</span><br>du 17 sept. 2026 au 31 oct. 2026<br><small>Zone : SARTHE</small>",29 sept. 2026
5723469,EGRENNE - VARENNE,61,Orne,AEP,crise,Crise,4,2026-09-17,2026-10-31,2350-26-00093,"<b>Eau du robinet</b><br><span style=""background:maroon;color:#fff;padding:2px 7px;border-radius:4px;font-weight:bold;font-size:0.85em"">Crise</span><br>du 17 sept. 2026 au 31 oct. 2026<br><small>Zone : EGRENNE - VARENNE</small>",29 sept. 2026
5723459,ITON,61,Orne,AEP,crise,Crise,4,2026-09-17,2026-10-31,2350-26-00093,"<b>Eau du robinet</b><br><span style=""background:maroon;color:#fff;padding:2px 7px;border-radius:4px;font-weight:bold;font-size:0.85em"">Crise</span><br>du 17 sept. 2026 au 31 oct. 2026<br><small>Zone : ITON</small>",29 sept. 2026
5723460,AVRE,61,Orne,AEP,crise,Crise,4,2026-09-17,2026-10-31,2350-26-00093,"<b>Eau du robinet</b><br><span style=""background:maroon;color:#fff;padding:2px 7px;border-radius:4px;font-weight:bold;font-size:0.85em"">Crise</span><br>du 17 sept. 2026 au 31 oct. 2026<br><small>Zone : AVRE</small>",29 sept. 2026
5723461,ORNE MOYENNE,61,Orne,AEP,crise,Crise,4,2026-09-17,2026-10-31,2350-26-00093,"<b>Eau du robinet</b><br><span style=""background:maroon;color:#fff;padding:2px 7px;border-radius:4px;font-weight:bold;font-size:0.85em"">Crise</span><br>du 17 sept. 2026 au 31 oct. 2026<br><small>Zone : ORNE MOYENNE</small>",29 sept. 2026
5723476,Zone d'alerte ORNE MOYENNE,61,Orne,AEP,crise,Crise,4,2026-09-17,2026-10-31,2350-26-00093,"<b>Eau du robinet</b><br><span style=""background:maroon;color:#fff;padding:2px 7px;border-radius:4px;font-weight:bold;font-size:0.85em"">Crise</span><br>du 17 sept. 2026 au 31 oct. 2026<br><small>Zone : Zone d'alerte ORNE MOYENNE</small>",29 sept. 2026
5723633,Neste,65,Hautes-Pyrénées,AEP,crise,Crise,4,2026-09-12,2026-10-31,65-2026-09-11-00004-Neste,"<b>Eau du robinet</b><br><span style=""background:maroon;color:#fff;padding:2px 7px;border-radius:4px;font-weight:bold;font-size:0.85em"">Crise</span><br>du 12 sept. 2026 au 31 oct. 2026<br><small>Zone : Neste</small>",29 sept. 2026
5720982,Zone AEP départementale,49,Maine-et-Loire,AEP,crise,Crise,4,2026-09-17,,DDT-SEEB-PPE-ETIAGE-49 n°2026-12,"<b>Eau du robinet</b><br><span style=""background:maroon;color:#fff;padding:2px 7px;border-radius:4px;font-weight:bold;font-size:0.85em"">Crise</span><br>depuis le 17 sept. 2026<br><small>Zone : Zone AEP départementale</small>",29 sept. 2026
5720805,Vernisson,45,Loiret,AEP,crise,Crise,4,2026-09-23,,DDT-SEEF-2026-210,"<b>Eau du robinet</b><br><span style=""background:maroon;color:#fff;padding:2px 7px;border-radius:4px;font-weight:bold;font-size:0.85em"">Crise</span><br>depuis le 23 sept. 2026<br><small>Zone : Vernisson</small>",29 sept. 2026
5720817,Montargois,45,Loiret,AEP,crise,Crise,4,2026-09-23,,DDT-SEEF-2026-210,"<b>Eau du robinet</b><br><span style=""background:maroon;color:#fff;padding:2px 7px;border-radius:4px;font-weight:bold;font-size:0.85em"">Crise</span><br>depuis le 23 sept. 2026<br><small>Zone : Montargois</small>",29 sept. 2026
5720785,Bezonde,45,Loiret,AEP,crise,Crise,4,2026-09-23,,DDT-SEEF-2026-210,"<b>Eau du robinet</b><br><span style=""background:maroon;color:#fff;padding:2px 7px;border-radius:4px;font-weight:bold;font-size:0.85em"">Crise</span><br>depuis le 23 sept. 2026<br><small>Zone : Bezonde</small>",29 sept. 2026
5720786,Fusain,45,Loiret,AEP,crise,Crise,4,2026-09-23,,DDT-SEEF-2026-210,"<b>Eau du robinet</b><br><span style=""background:maroon;color:#fff;padding:2px 7px;border-radius:4px;font-weight:bold;font-size:0.85em"">Crise</span><br>depuis le 23 sept. 2026<br><small>Zone : Fusain</small>",29 sept. 2026
5720787,Bonnée,45,Loiret,AEP,crise,Crise,4,2026-09-23,,DDT-SEEF-2026-210,"<b>Eau du robinet</b><br><span style=""background:maroon;color:#fff;padding:2px 7px;border-radius:4px;font-weight:bold;font-size:0.85em"">Crise</span><br>depuis le 23 sept. 2026<br><small>Zone : Bonnée</small>",29 sept. 2026
5720788,Avenelle-Ethelin,45,Loiret,AEP,crise,Crise,4,2026-09-23,,DDT-SEEF-2026-210,"<b>Eau du robinet</b><br><span style=""background:maroon;color:#fff;padding:2px 7px;border-radius:4px;font-weight:bold;font-size:0.85em"">Crise</span><br>depuis le 23 sept. 2026<br><small>Zone : Avenelle-Ethelin</small>",29 sept. 2026
5720789,Ru de Pont Chevron,45,Loiret,AEP,crise,Crise,4,2026-09-23,,DDT-SEEF-2026-210,"<b>Eau du robinet</b><br><span style=""background:maroon;color:#fff;padding:2px 7px;border-radius:4px;font-weight:bold;font-size:0.85em"">Crise</span><br>depuis le 23 sept. 2026<br><small>Zone : Ru de Pont Chevron</small>",29 sept. 2026
5720792,Loire amont,45,Loiret,AEP,crise,Crise,4,2026-09-23,,DDT-SEEF-2026-210,"<b>Eau du robinet</b><br><span style=""background:maroon;color:#fff;padding:2px 7px;border-radius:4px;font-weight:bold;font-size:0.85em"">Crise</span><br>depuis le 23 sept. 2026<br><small>Zone : Loire amont</small>",29 sept. 2026
5720794,Cosson,45,Loiret,AEP,crise,Crise,4,2026-09-23,,DDT-SEEF-2026-210,"<b>Eau du robinet</b><br><span style=""background:maroon;color:#fff;padding:2px 7px;border-radius:4px;font-weight:bold;font-size:0.85em"">Crise</span><br>depuis le 23 sept. 2026<br><small>Zone : Cosson</small>",29 sept. 2026
5720795,Ardoux,45,Loiret,AEP,crise,Crise,4,2026-09-23,,DDT-SEEF-2026-210,"<b>Eau du robinet</b><br><span style=""background:maroon;color:#fff;padding:2px 7px;border-radius:4px;font-weight:bold;font-size:0.85em"">Crise</span><br>depuis le 23 sept. 2026<br><small>Zone : Ardoux</small>",29 sept. 2026
5720798,Bec d'Able,45,Loiret,AEP,crise,Crise,4,2026-09-23,,DDT-SEEF-2026-210,"<b>Eau du robinet</b><br><span style=""background:maroon;color:#fff;padding:2px 7px;border-radius:4px;font-weight:bold;font-size:0.85em"">Crise</span><br>depuis le 23 sept. 2026<br><small>Zone : Bec d'Able</small>",29 sept. 2026
5720800,Loiret-Dhuy,45,Loiret,AEP,crise,Crise,4,2026-09-23,,DDT-SEEF-2026-210,"<b>Eau du robinet</b><br><span style=""background:maroon;color:#fff;padding:2px 7px;border-radius:4px;font-weight:bold;font-size:0.85em"">Crise</span><br>depuis le 23 sept. 2026<br><small>Zone : Loiret-Dhuy</small>",29 sept. 2026
5720804,La Loire,45,Loiret,AEP,crise,Crise,4,2026-09-23,,DDT-SEEF-2026-210,"<b>Eau du robinet</b><br><span style=""background:maroon;color:#fff;padding:2px 7px;border-radius:4px;font-weight:bold;font-size:0.85em"">Crise</span><br>depuis le 23 sept. 2026<br><small>Zone : La Loire</small>",29 sept. 2026
5720808,Puiseaux,45,Loiret,AEP,crise,Crise,4,2026-09-23,,DDT-SEEF-2026-210,"<b>Eau du robinet</b><br><span style=""background:maroon;color:#fff;padding:2px 7px;border-radius:4px;font-weight:bold;font-size:0.85em"">Crise</span><br>depuis le 23 sept. 2026<br><small>Zone : Puiseaux</small>",29 sept. 2026
5720809,Sange,45,Loiret,AEP,crise,Crise,4,2026-09-23,,DDT-SEEF-2026-210,"<b>Eau du robinet</b><br><span style=""background:maroon;color:#fff;padding:2px 7px;border-radius:4px;font-weight:bold;font-size:0.85em"">Crise</span><br>depuis le 23 sept. 2026<br><small>Zone : Sange</small>",29 sept. 2026
5720810,Solin,45,Loiret,AEP,crise,Crise,4,2026-09-23,,DDT-SEEF-2026-210,"<b>Eau du robinet</b><br><span style=""background:maroon;color:#fff;padding:2px 7px;border-radius:4px;font-weight:bold;font-size:0.85em"">Crise</span><br>depuis le 23 sept. 2026<br><small>Zone : Solin</small>",29 sept. 2026
5720811,Milleron,45,Loiret,AEP,crise,Crise,4,2026-09-23,,DDT-SEEF-2026-210,"<b>Eau du robinet</b><br><span style=""background:maroon;color:#fff;padding:2px 7px;border-radius:4px;font-weight:bold;font-size:0.85em"">Crise</span><br>depuis le 23 sept. 2026<br><small>Zone : Milleron</small>",29 sept. 2026
5719499,Cher,36,Indre,AEP,crise,Crise,4,2026-08-08,,36-2026-08-06-00002 ,"<b>Eau du robinet</b><br><span style=""background:maroon;color:#fff;padding:2px 7px;border-radius:4px;font-weight:bold;font-size:0.85em"">Crise</span><br>depuis le 8 août 2026<br><small>Zone : Cher</small>",29 sept. 2026
5719339,Indre aval,36,Indre,AEP,crise,Crise,4,2026-08-08,,36-2026-08-06-00002 ,"<b>Eau du robinet</b><br><span style=""background:maroon;color:#fff;padding:2px 7px;border-radius:4px;font-weight:bold;font-size:0.85em"">Crise</span><br>depuis le 8 août 2026<br><small>Zone : Indre aval</small>",29 sept. 2026
5719467,Trégonce,36,Indre,AEP,crise,Crise,4,2026-08-08,,36-2026-08-06-00002 ,"<b>Eau du robinet</b><br><span style=""background:maroon;color:#fff;padding:2px 7px;border-radius:4px;font-weight:bold;font-size:0.85em"">Crise</span><br>depuis le 8 août 2026<br><small>Zone : Trégonce</small>",29 sept. 2026
5720907,Nazareth,47,Lot-et-Garonne,AEP,crise,Crise,4,2026-09-12,2026-10-31,47-2026-09-11-00002,"<b>Eau du robinet</b><br><span style=""background:maroon;color:#fff;padding:2px 7px;border-radius:4px;font-weight:bold;font-size:0.85em"">Crise</span><br>du 12 sept. 2026 au 31 oct. 2026<br><small>Zone : Nazareth</small>",29 sept. 2026
5720952,bassin de l'Hérault,48,Lozère,AEP,crise,Crise,4,2026-09-26,2026-11-24,DDT-SEB-2026-267-0001,"<b>Eau du robinet</b><br><span style=""background:maroon;color:#fff;padding:2px 7px;border-radius:4px;font-weight:bold;font-size:0.85em"">Crise</span><br>du 26 sept. 2026 au 24 nov. 2026<br><small>Zone : bassin de l'Hérault</small>",29 sept. 2026
5720953,bassin du Bramont,48,Lozère,AEP,crise,Crise,4,2026-09-26,2026-11-24,DDT-SEB-2026-267-0001,"<b>Eau du robinet</b><br><span style=""background:maroon;color:#fff;padding:2px 7px;border-radius:4px;font-weight:bold;font-size:0.85em"">Crise</span><br>du 26 sept. 2026 au 24 nov. 2026<br><small>Zone : bassin du Bramont</small>",29 sept. 2026
5720954,bassin de la Cèze,48,Lozère,AEP,crise,Crise,4,2026-09-26,2026-11-24,DDT-SEB-2026-267-0001,"<b>Eau du robinet</b><br><span style=""background:maroon;color:#fff;padding:2px 7px;border-radius:4px;font-weight:bold;font-size:0.85em"">Crise</span><br>du 26 sept. 2026 au 24 nov. 2026<br><small>Zone : bassin de la Cèze</small>",29 sept. 2026
5720955,bassin des Gardons,48,Lozère,AEP,crise,Crise,4,2026-09-26,2026-11-24,DDT-SEB-2026-267-0001,"<b>Eau du robinet</b><br><span style=""background:maroon;color:#fff;padding:2px 7px;border-radius:4px;font-weight:bold;font-size:0.85em"">Crise</span><br>du 26 sept. 2026 au 24 nov. 2026<br><small>Zone : bassin des Gardons</small>",29 sept. 2026
5720956,bassin de la Colagne,48,Lozère,AEP,crise,Crise,4,2026-09-26,2026-11-24,DDT-SEB-2026-267-0001,"<b>Eau du robinet</b><br><span style=""background:maroon;color:#fff;padding:2px 7px;border-radius:4px;font-weight:bold;font-size:0.85em"">Crise</span><br>du 26 sept. 2026 au 24 nov. 2026<br><small>Zone : bassin de la Colagne</small>",29 sept. 2026
5719679,Bassin de la Veude,37,Indre-et-Loire,AEP,crise,Crise,4,2026-09-27,2026-10-31,Arrêté du 25 SEPTEMBRE 2026,"<b>Eau du robinet</b><br><span style=""background:maroon;color:#fff;padding:2px 7px;border-radius:4px;font-weight:bold;font-size:0.85em"">Crise</span><br>du 27 sept. 2026 au 31 oct. 2026<br><small>Zone : Bassin de la Veude</small>",29 sept. 2026
5719664,Bassin de l'Indre (In2),37,Indre-et-Loire,AEP,crise,Crise,4,2026-09-27,2026-10-31,Arrêté du 25 SEPTEMBRE 2026,"<b>Eau du robinet</b><br><span style=""background:maroon;color:#fff;padding:2px 7px;border-radius:4px;font-weight:bold;font-size:0.85em"">Crise</span><br>du 27 sept. 2026 au 31 oct. 2026<br><small>Zone : Bassin de l'Indre (In2)</small>",29 sept. 2026
5719665,Bassin de la Loire (Lre1),37,Indre-et-Loire,AEP,crise,Crise,4,2026-09-27,2026-10-31,Arrêté du 25 SEPTEMBRE 2026,"<b>Eau du robinet</b><br><span style=""background:maroon;color:#fff;padding:2px 7px;border-radius:4px;font-weight:bold;font-size:0.85em"">Crise</span><br>du 27 sept. 2026 au 31 oct. 2026<br><small>Zone : Bassin de la Loire (Lre1)</small>",29 sept. 2026
5719666,Bassin du Negron,37,Indre-et-Loire,AEP,crise,Crise,4,2026-09-27,2026-10-31,Arrêté du 25 SEPTEMBRE 2026,"<b>Eau du robinet</b><br><span style=""background:maroon;color:#fff;padding:2px 7px;border-radius:4px;font-weight:bold;font-size:0.85em"">Crise</span><br>du 27 sept. 2026 au 31 oct. 2026<br><small>Zone : Bassin du Negron</small>",29 sept. 2026
5719668,Bassin de la Loire (Lre2),37,Indre-et-Loire,AEP,crise,Crise,4,2026-09-27,2026-10-31,Arrêté du 25 SEPTEMBRE 2026,"<b>Eau du robinet</b><br><span style=""background:maroon;color:#fff;padding:2px 7px;border-radius:4px;font-weight:bold;font-size:0.85em"">Crise</span><br>du 27 sept. 2026 au 31 oct. 2026<br><small>Zone : Bassin de la Loire (Lre2)</small>",29 sept. 2026
5719669,Bassin de l'Indrois,37,Indre-et-Loire,AEP,crise,Crise,4,2026-09-27,2026-10-31,Arrêté du 25 SEPTEMBRE 2026,"<b>Eau du robinet</b><br><span style=""background:maroon;color:#fff;padding:2px 7px;border-radius:4px;font-weight:bold;font-size:0.85em"">Crise</span><br>du 27 sept. 2026 au 31 oct. 2026<br><small>Zone : Bassin de l'Indrois</small>",29 sept. 2026
5719672,Bassin du ruisseau de Parcay,37,Indre-et-Loire,AEP,crise,Crise,4,2026-09-27,2026-10-31,Arrêté du 25 SEPTEMBRE 2026,"<b>Eau du robinet</b><br><span style=""background:maroon;color:#fff;padding:2px 7px;border-radius:4px;font-weight:bold;font-size:0.85em"">Crise</span><br>du 27 sept. 2026 au 31 oct. 2026<br><small>Zone : Bassin du ruisseau de Parcay</small>",29 sept. 2026
5719674,Bassin de l'Echandon,37,Indre-et-Loire,AEP,crise,Crise,4,2026-09-27,2026-10-31,Arrêté du 25 SEPTEMBRE 2026,"<b>Eau du robinet</b><br><span style=""background:maroon;color:#fff;padding:2px 7px;border-radius:4px;font-weight:bold;font-size:0.85em"">Crise</span><br>du 27 sept. 2026 au 31 oct. 2026<br><small>Zone : Bassin de l'Echandon</small>",29 sept. 2026
5719675,Bassin du ruisseau de Rigny,37,Indre-et-Loire,AEP,crise,Crise,4,2026-09-27,2026-10-31,Arrêté du 25 SEPTEMBRE 2026,"<b>Eau du robinet</b><br><span style=""background:maroon;color:#fff;padding:2px 7px;border-radius:4px;font-weight:bold;font-size:0.85em"">Crise</span><br>du 27 sept. 2026 au 31 oct. 2026<br><small>Zone : Bassin du ruisseau de Rigny</small>",29 sept. 2026
5719676,Bassin du ruisseau de Chantereine,37,Indre-et-Loire,AEP,crise,Crise,4,2026-09-27,2026-10-31,Arrêté du 25 SEPTEMBRE 2026,"<b>Eau du robinet</b><br><span style=""background:maroon;color:#fff;padding:2px 7px;border-radius:4px;font-weight:bold;font-size:0.85em"">Crise</span><br>du 27 sept. 2026 au 31 oct. 2026<br><small>Zone : Bassin du ruisseau de Chantereine</small>",29 sept. 2026
5719680,Bassin du ruisseau de Panzoult,37,Indre-et-Loire,AEP,crise,Crise,4,2026-09-27,2026-10-31,Arrêté du 25 SEPTEMBRE 2026,"<b>Eau du robinet</b><br><span style=""background:maroon;color:#fff;padding:2px 7px;border-radius:4px;font-weight:bold;font-size:0.85em"">Crise</span><br>du 27 sept. 2026 au 31 oct. 2026<br><small>Zone : Bassin du ruisseau de Panzoult</small>",29 sept. 2026
5719682,Bassin du ruisseau de Vitray,37,Indre-et-Loire,AEP,crise,Crise,4,2026-09-27,2026-10-31,Arrêté du 25 SEPTEMBRE 2026,"<b>Eau du robinet</b><br><span style=""background:maroon;color:#fff;padding:2px 7px;border-radius:4px;font-weight:bold;font-size:0.85em"">Crise</span><br>du 27 sept. 2026 au 31 oct. 2026<br><small>Zone : Bassin du ruisseau de Vitray</small>",29 sept. 2026
5717281,Aisne Ardennaise,08,Ardennes,AEP,crise,Crise,4,2026-08-25,2026-10-31,Arrêté n)2026/620 AISNE-ARDENNAISE - CRISE,"<b>Eau du robinet</b><br><span style=""background:maroon;color:#fff;padding:2px 7px;border-radius:4px;font-weight:bold;font-size:0.85em"">Crise</span><br>du 25 août 2026 au 31 oct. 2026<br><small>Zone : Aisne Ardennaise</small>",29 sept. 2026
5719683,Bassin du ruisseau de Chezelles,37,Indre-et-Loire,AEP,crise,Crise,4,2026-09-27,2026-10-31,Arrêté du 25 SEPTEMBRE 2026,"<b>Eau du robinet</b><br><span style=""background:maroon;color:#fff;padding:2px 7px;border-radius:4px;font-weight:bold;font-size:0.85em"">Crise</span><br>du 27 sept. 2026 au 31 oct. 2026<br><small>Zone : Bassin du ruisseau de Chezelles</small>",29 sept. 2026
5719684,Bassin de la Veude De Poncay,37,Indre-et-Loire,AEP,crise,Crise,4,2026-09-27,2026-10-31,Arrêté du 25 SEPTEMBRE 2026,"<b>Eau du robinet</b><br><span style=""background:maroon;color:#fff;padding:2px 7px;border-radius:4px;font-weight:bold;font-size:0.85em"">Crise</span><br>du 27 sept. 2026 au 31 oct. 2026<br><small>Zone : Bassin de la Veude De Poncay</small>",29 sept. 2026
5719685,Bassin de la Bourouse,37,Indre-et-Loire,AEP,crise,Crise,4,2026-09-27,2026-10-31,Arrêté du 25 SEPTEMBRE 2026,"<b>Eau du robinet</b><br><span style=""background:maroon;color:#fff;padding:2px 7px;border-radius:4px;font-weight:bold;font-size:0.85em"">Crise</span><br>du 27 sept. 2026 au 31 oct. 2026<br><small>Zone : Bassin de la Bourouse</small>",29 sept. 2026
5719686,Bassin du ruisseau de Verneuil,37,Indre-et-Loire,AEP,crise,Crise,4,2026-09-27,2026-10-31,Arrêté du 25 SEPTEMBRE 2026,"<b>Eau du robinet</b><br><span style=""background:maroon;color:#fff;padding:2px 7px;border-radius:4px;font-weight:bold;font-size:0.85em"">Crise</span><br>du 27 sept. 2026 au 31 oct. 2026<br><small>Zone : Bassin du ruisseau de Verneuil</small>",29 sept. 2026
5719687,Bassin du ruisseau d'Aubigny,37,Indre-et-Loire,AEP,crise,Crise,4,2026-09-27,2026-10-31,Arrêté du 25 SEPTEMBRE 2026,"<b>Eau du robinet</b><br><span style=""background:maroon;color:#fff;padding:2px 7px;border-radius:4px;font-weight:bold;font-size:0.85em"">Crise</span><br>du 27 sept. 2026 au 31 oct. 2026<br><small>Zone : Bassin du ruisseau d'Aubigny</small>",29 sept. 2026
5719689,Bassin du ruisseau d'Olivet,37,Indre-et-Loire,AEP,crise,Crise,4,2026-09-27,2026-10-31,Arrêté du 25 SEPTEMBRE 2026,"<b>Eau du robinet</b><br><span style=""background:maroon;color:#fff;padding:2px 7px;border-radius:4px;font-weight:bold;font-size:0.85em"">Crise</span><br>du 27 sept. 2026 au 31 oct. 2026<br><small>Zone : Bassin du ruisseau d'Olivet</small>",29 sept. 2026
5719690,Bassin de la Muanne,37,Indre-et-Loire,AEP,crise,Crise,4,2026-09-27,2026-10-31,Arrêté du 25 SEPTEMBRE 2026,"<b>Eau du robinet</b><br><span style=""background:maroon;color:#fff;padding:2px 7px;border-radius:4px;font-weight:bold;font-size:0.85em"">Crise</span><br>du 27 sept. 2026 au 31 oct. 2026<br><small>Zone : Bassin de la Muanne</small>",29 sept. 2026
5719691,Bassin du ruisseau de Montison,37,Indre-et-Loire,AEP,crise,Crise,4,2026-09-27,2026-10-31,Arrêté du 25 SEPTEMBRE 2026,"<b>Eau du robinet</b><br><span style=""background:maroon;color:#fff;padding:2px 7px;border-radius:4px;font-weight:bold;font-size:0.85em"">Crise</span><br>du 27 sept. 2026 au 31 oct. 2026<br><small>Zone : Bassin du ruisseau de Montison</small>",29 sept. 2026
5719692,Bassin du Vieux Cher,37,Indre-et-Loire,AEP,crise,Crise,4,2026-09-27,2026-10-31,Arrêté du 25 SEPTEMBRE 2026,"<b>Eau du robinet</b><br><span style=""background:maroon;color:#fff;padding:2px 7px;border-radius:4px;font-weight:bold;font-size:0.85em"">Crise</span><br>du 27 sept. 2026 au 31 oct. 2026<br><small>Zone : Bassin du Vieux Cher</small>",29 sept. 2026
5719693,Bassin du ruisseau de la Coulee,37,Indre-et-Loire,AEP,crise,Crise,4,2026-09-27,2026-10-31,Arrêté du 25 SEPTEMBRE 2026,"<b>Eau du robinet</b><br><span style=""background:maroon;color:#fff;padding:2px 7px;border-radius:4px;font-weight:bold;font-size:0.85em"">Crise</span><br>du 27 sept. 2026 au 31 oct. 2026<br><small>Zone : Bassin du ruisseau de la Coulee</small>",29 sept. 2026
5719694,Bassin du ruisseau de Boutineau,37,Indre-et-Loire,AEP,crise,Crise,4,2026-09-27,2026-10-31,Arrêté du 25 SEPTEMBRE 2026,"<b>Eau du robinet</b><br><span style=""background:maroon;color:#fff;padding:2px 7px;border-radius:4px;font-weight:bold;font-size:0.85em"">Crise</span><br>du 27 sept. 2026 au 31 oct. 2026<br><small>Zone : Bassin du ruisseau de Boutineau</small>",29 sept. 2026
5719695,Bassin du ruisseau des Vallees,37,Indre-et-Loire,AEP,crise,Crise,4,2026-09-27,2026-10-31,Arrêté du 25 SEPTEMBRE 2026,"<b>Eau du robinet</b><br><span style=""background:maroon;color:#fff;padding:2px 7px;border-radius:4px;font-weight:bold;font-size:0.85em"">Crise</span><br>du 27 sept. 2026 au 31 oct. 2026<br><small>Zone : Bassin du ruisseau des Vallees</small>",29 sept. 2026
5719696,Bassin du ruisseau du Doigt,37,Indre-et-Loire,AEP,crise,Crise,4,2026-09-27,2026-10-31,Arrêté du 25 SEPTEMBRE 2026,"<b>Eau du robinet</b><br><span style=""background:maroon;color:#fff;padding:2px 7px;border-radius:4px;font-weight:bold;font-size:0.85em"">Crise</span><br>du 27 sept. 2026 au 31 oct. 2026<br><small>Zone : Bassin du ruisseau du Doigt</small>",29 sept. 2026
5719697,Bassin du ruisseau de Roche,37,Indre-et-Loire,AEP,crise,Crise,4,2026-09-27,2026-10-31,Arrêté du 25 SEPTEMBRE 2026,"<b>Eau du robinet</b><br><span style=""background:maroon;color:#fff;padding:2px 7px;border-radius:4px;font-weight:bold;font-size:0.85em"">Crise</span><br>du 27 sept. 2026 au 31 oct. 2026<br><small>Zone : Bassin du ruisseau de Roche</small>",29 sept. 2026
5719698,Bassin du ruisseau Sennevieres,37,Indre-et-Loire,AEP,crise,Crise,4,2026-09-27,2026-10-31,Arrêté du 25 SEPTEMBRE 2026,"<b>Eau du robinet</b><br><span style=""background:maroon;color:#fff;padding:2px 7px;border-radius:4px;font-weight:bold;font-size:0.85em"">Crise</span><br>du 27 sept. 2026 au 31 oct. 2026<br><small>Zone : Bassin du ruisseau Sennevieres</small>",29 sept. 2026
5719700,Bassin du ruisseau d'Azay,37,Indre-et-Loire,AEP,crise,Crise,4,2026-09-27,2026-10-31,Arrêté du 25 SEPTEMBRE 2026,"<b>Eau du robinet</b><br><span style=""background:maroon;color:#fff;padding:2px 7px;border-radius:4px;font-weight:bold;font-size:0.85em"">Crise</span><br>du 27 sept. 2026 au 31 oct. 2026<br><small>Zone : Bassin du ruisseau d'Azay</small>",29 sept. 2026
5719701,Bassin du ruisseau de Cleret,37,Indre-et-Loire,AEP,crise,Crise,4,2026-09-27,2026-10-31,Arrêté du 25 SEPTEMBRE 2026,"<b>Eau du robinet</b><br><span style=""background:maroon;color:#fff;padding:2px 7px;border-radius:4px;font-weight:bold;font-size:0.85em"">Crise</span><br>du 27 sept. 2026 au 31 oct. 2026<br><small>Zone : Bassin du ruisseau de Cleret</small>",29 sept. 2026
5719703,Bassin du ruisseau de Rochette,37,Indre-et-Loire,AEP,crise,Crise,4,2026-09-27,2026-10-31,Arrêté du 25 SEPTEMBRE 2026,"<b>Eau du robinet</b><br><span style=""background:maroon;color:#fff;padding:2px 7px;border-radius:4px;font-weight:bold;font-size:0.85em"">Crise</span><br>du 27 sept. 2026 au 31 oct. 2026<br><small>Zone : Bassin du ruisseau de Rochette</small>",29 sept. 2026
5719705,Bassin de la Fontaine Menard,37,Indre-et-Loire,AEP,crise,Crise,4,2026-09-27,2026-10-31,Arrêté du 25 SEPTEMBRE 2026,"<b>Eau du robinet</b><br><span style=""background:maroon;color:#fff;padding:2px 7px;border-radius:4px;font-weight:bold;font-size:0.85em"">Crise</span><br>du 27 sept. 2026 au 31 oct. 2026<br><small>Zone : Bassin de la Fontaine Menard</small>",29 sept. 2026
5719706,Bassin de l'Indrois Amont,37,Indre-et-Loire,AEP,crise,Crise,4,2026-09-27,2026-10-31,Arrêté du 25 SEPTEMBRE 2026,"<b>Eau du robinet</b><br><span style=""background:maroon;color:#fff;padding:2px 7px;border-radius:4px;font-weight:bold;font-size:0.85em"">Crise</span><br>du 27 sept. 2026 au 31 oct. 2026<br><small>Zone : Bassin de l'Indrois Amont</small>",29 sept. 2026
5719712,Bassin de l'Indre (In1),37,Indre-et-Loire,AEP,crise,Crise,4,2026-09-27,2026-10-31,Arrêté du 25 SEPTEMBRE 2026,"<b>Eau du robinet</b><br><span style=""background:maroon;color:#fff;padding:2px 7px;border-radius:4px;font-weight:bold;font-size:0.85em"">Crise</span><br>du 27 sept. 2026 au 31 oct. 2026<br><small>Zone : Bassin de l'Indre (In1)</small>",29 sept. 2026
5719797,Chartreuse-Guiers (sout.),38,Isère,AEP,crise,Crise,4,2026-08-20,2026-09-30,38-2026-08-20-00004 [Isère],"<b>Eau du robinet</b><br><span style=""background:maroon;color:#fff;padding:2px 7px;border-radius:4px;font-weight:bold;font-size:0.85em"">Crise</span><br>du 20 août 2026 au 30 sept. 2026<br><small>Zone : Chartreuse-Guiers (sout.)</small>",29 sept. 2026
5719803,Paladru-Fure (sout.),38,Isère,AEP,crise,Crise,4,2026-08-20,2026-09-30,38-2026-08-20-00004 [Isère],"<b>Eau du robinet</b><br><span style=""background:maroon;color:#fff;padding:2px 7px;border-radius:4px;font-weight:bold;font-size:0.85em"">Crise</span><br>du 20 août 2026 au 30 sept. 2026<br><small>Zone : Paladru-Fure (sout.)</small>",29 sept. 2026
5719853,Bièvre-Liers-Valloire,38,Isère,AEP,crise,Crise,4,2026-08-24,2026-09-30,38-2026-08-20-00010_et_26-2026-08-21-00002 [BLV],"<b>Eau du robinet</b><br><span style=""background:maroon;color:#fff;padding:2px 7px;border-radius:4px;font-weight:bold;font-size:0.85em"">Crise</span><br>du 24 août 2026 au 30 sept. 2026<br><small>Zone : Bièvre-Liers-Valloire</small>",29 sept. 2026
5722392,DRAGNE,58,Nièvre,AEP,crise,Crise,4,2026-08-17,2026-11-30,58-2026-08-13-00003,"<b>Eau du robinet</b><br><span style=""background:maroon;color:#fff;padding:2px 7px;border-radius:4px;font-weight:bold;font-size:0.85em"">Crise</span><br>du 17 août 2026 au 30 nov. 2026<br><small>Zone : DRAGNE</small>",29 sept. 2026
5722393,ALENE - CRESSONNE,58,Nièvre,AEP,crise,Crise,4,2026-08-17,2026-11-30,58-2026-08-13-00003,"<b>Eau du robinet</b><br><span style=""background:maroon;color:#fff;padding:2px 7px;border-radius:4px;font-weight:bold;font-size:0.85em"">Crise</span><br>du 17 août 2026 au 30 nov. 2026<br><small>Zone : ALENE - CRESSONNE</small>",29 sept. 2026
5722380,VRILLE,58,Nièvre,AEP,crise,Crise,4,2026-08-17,2026-11-30,58-2026-08-13-00003,"<b>Eau du robinet</b><br><span style=""background:maroon;color:#fff;padding:2px 7px;border-radius:4px;font-weight:bold;font-size:0.85em"">Crise</span><br>du 17 août 2026 au 30 nov. 2026<br><small>Zone : VRILLE</small>",29 sept. 2026
5722381,NIEVRE,58,Nièvre,AEP,crise,Crise,4,2026-08-17,2026-11-30,58-2026-08-13-00003,"<b>Eau du robinet</b><br><span style=""background:maroon;color:#fff;padding:2px 7px;border-radius:4px;font-weight:bold;font-size:0.85em"">Crise</span><br>du 17 août 2026 au 30 nov. 2026<br><small>Zone : NIEVRE</small>",29 sept. 2026
5722382,IXEURE - CANNE,58,Nièvre,AEP,crise,Crise,4,2026-08-17,2026-11-30,58-2026-08-13-00003,"<b>Eau du robinet</b><br><span style=""background:maroon;color:#fff;padding:2px 7px;border-radius:4px;font-weight:bold;font-size:0.85em"">Crise</span><br>du 17 août 2026 au 30 nov. 2026<br><small>Zone : IXEURE - CANNE</small>",29 sept. 2026
5722385,ACOLIN - COLATRE,58,Nièvre,AEP,crise,Crise,4,2026-08-17,2026-11-30,58-2026-08-13-00003,"<b>Eau du robinet</b><br><span style=""background:maroon;color:#fff;padding:2px 7px;border-radius:4px;font-weight:bold;font-size:0.85em"">Crise</span><br>du 17 août 2026 au 30 nov. 2026<br><small>Zone : ACOLIN - COLATRE</small>",29 sept. 2026
5722386,SAUZAY,58,Nièvre,AEP,crise,Crise,4,2026-08-17,2026-11-30,58-2026-08-13-00003,"<b>Eau du robinet</b><br><span style=""background:maroon;color:#fff;padding:2px 7px;border-radius:4px;font-weight:bold;font-size:0.85em"">Crise</span><br>du 17 août 2026 au 30 nov. 2026<br><small>Zone : SAUZAY</small>",29 sept. 2026
5722387,YONNE amont,58,Nièvre,AEP,crise,Crise,4,2026-08-17,2026-11-30,58-2026-08-13-00003,"<b>Eau du robinet</b><br><span style=""background:maroon;color:#fff;padding:2px 7px;border-radius:4px;font-weight:bold;font-size:0.85em"">Crise</span><br>du 17 août 2026 au 30 nov. 2026<br><small>Zone : YONNE amont</small>",29 sept. 2026
5722389,LOIRE amont,58,Nièvre,AEP,crise,Crise,4,2026-08-17,2026-11-30,58-2026-08-13-00003,"<b>Eau du robinet</b><br><span style=""background:maroon;color:#fff;padding:2px 7px;border-radius:4px;font-weight:bold;font-size:0.85em"">Crise</span><br>du 17 août 2026 au 30 nov. 2026<br><small>Zone : LOIRE amont</small>",29 sept. 2026
5722390,CHALAUX - CURE,58,Nièvre,AEP,crise,Crise,4,2026-08-17,2026-11-30,58-2026-08-13-00003,"<b>Eau du robinet</b><br><span style=""background:maroon;color:#fff;padding:2px 7px;border-radius:4px;font-weight:bold;font-size:0.85em"">Crise</span><br>du 17 août 2026 au 30 nov. 2026<br><small>Zone : CHALAUX - CURE</small>",29 sept. 2026
5722394,LOIRE aval,58,Nièvre,AEP,crise,Crise,4,2026-08-17,2026-11-30,58-2026-08-13-00003,"<b>Eau du robinet</b><br><span style=""background:maroon;color:#fff;padding:2px 7px;border-radius:4px;font-weight:bold;font-size:0.85em"">Crise</span><br>du 17 août 2026 au 30 nov. 2026<br><small>Zone : LOIRE aval</small>",29 sept. 2026
5722395,ALLIER,58,Nièvre,AEP,crise,Crise,4,2026-08-17,2026-11-30,58-2026-08-13-00003,"<b>Eau du robinet</b><br><span style=""background:maroon;color:#fff;padding:2px 7px;border-radius:4px;font-weight:bold;font-size:0.85em"">Crise</span><br>du 17 août 2026 au 30 nov. 2026<br><small>Zone : ALLIER</small>",29 sept. 2026
5722727,Bassin versant de l'Yser,59,Nord,AEP,crise,Crise,4,2026-08-15,2026-10-31,Arrêté préfectoral du 14 août 2026,"<b>Eau du robinet</b><br><span style=""background:maroon;color:#fff;padding:2px 7px;border-radius:4px;font-weight:bold;font-size:0.85em"">Crise</span><br>du 15 août 2026 au 31 oct. 2026<br><small>Zone : Bassin versant de l'Yser</small>",29 sept. 2026
