id,nom,departement_code,departement_nom,type_zone,niveau,niveau_label,severity,debut,fin,arrete_numero,detail,date_maj
5646054,Bassin Souloise-Severaisse,05,Hautes-Alpes,SOU,vigilance,Vigilance,1,2026-09-02,2026-10-31,AP sécheresse  Levée des mesures sécheresse,"<b>Eaux souterraines</b><br><span style=""background:#fff9bd;color:#333;padding:2px 7px;border-radius:4px;font-weight:bold;font-size:0.85em"">Vigilance</span><br>du 2 sept. 2026 au 31 oct. 2026<br><small>Zone : Bassin Souloise-Severaisse</small>",27 sept. 2026
5646056,Bassin du Drac-Gapencais,05,Hautes-Alpes,SOU,vigilance,Vigilance,1,2026-09-02,2026-10-31,AP sécheresse  Levée des mesures sécheresse,"<b>Eaux souterraines</b><br><span style=""background:#fff9bd;color:#333;padding:2px 7px;border-radius:4px;font-weight:bold;font-size:0.85em"">Vigilance</span><br>du 2 sept. 2026 au 31 oct. 2026<br><small>Zone : Bassin du Drac-Gapencais</small>",27 sept. 2026
5646058,Bassin du Buech partie 05,05,Hautes-Alpes,SOU,vigilance,Vigilance,1,2026-09-02,2026-10-31,AP sécheresse  Levée des mesures sécheresse,"<b>Eaux souterraines</b><br><span style=""background:#fff9bd;color:#333;padding:2px 7px;border-radius:4px;font-weight:bold;font-size:0.85em"">Vigilance</span><br>du 2 sept. 2026 au 31 oct. 2026<br><small>Zone : Bassin du Buech partie 05</small>",27 sept. 2026
5645114,Dombes - Certines - Nord,01,Ain,SOU,vigilance,Vigilance,1,2026-08-20,2026-10-31,2026-07,"<b>Eaux souterraines</b><br><span style=""background:#fff9bd;color:#333;padding:2px 7px;border-radius:4px;font-weight:bold;font-size:0.85em"">Vigilance</span><br>du 20 août 2026 au 31 oct. 2026<br><small>Zone : Dombes - Certines - Nord</small>",27 sept. 2026
5649500,Bassin du Bas,40,Landes,SOU,vigilance,Vigilance,1,2026-09-26,2026-10-31,AP ACI ADOUR 2026-1246,"<b>Eaux souterraines</b><br><span style=""background:#fff9bd;color:#333;padding:2px 7px;border-radius:4px;font-weight:bold;font-size:0.85em"">Vigilance</span><br>du 26 sept. 2026 au 31 oct. 2026<br><small>Zone : Bassin du Bas</small>",27 sept. 2026
5649536,Bassin AG6b,40,Landes,SOU,vigilance,Vigilance,1,2026-09-19,2026-10-31,AP ACD Landes 2026-1227,"<b>Eaux souterraines</b><br><span style=""background:#fff9bd;color:#333;padding:2px 7px;border-radius:4px;font-weight:bold;font-size:0.85em"">Vigilance</span><br>du 19 sept. 2026 au 31 oct. 2026<br><small>Zone : Bassin AG6b</small>",27 sept. 2026
5649537,Bassin AG1,40,Landes,SOU,vigilance,Vigilance,1,2026-09-19,2026-10-31,AP ACD Landes 2026-1227,"<b>Eaux souterraines</b><br><span style=""background:#fff9bd;color:#333;padding:2px 7px;border-radius:4px;font-weight:bold;font-size:0.85em"">Vigilance</span><br>du 19 sept. 2026 au 31 oct. 2026<br><small>Zone : Bassin AG1</small>",27 sept. 2026
5647207,Secteur Dives Amont - ESO,14,Calvados,SOU,vigilance,Vigilance,1,2026-09-11,2026-10-31,2026_06,"<b>Eaux souterraines</b><br><span style=""background:#fff9bd;color:#333;padding:2px 7px;border-radius:4px;font-weight:bold;font-size:0.85em"">Vigilance</span><br>du 11 sept. 2026 au 31 oct. 2026<br><small>Zone : Secteur Dives Amont - ESO</small>",27 sept. 2026
5647198,Secteur Dives Aval - ESO,14,Calvados,SOU,vigilance,Vigilance,1,2026-09-11,2026-10-31,2026_06,"<b>Eaux souterraines</b><br><span style=""background:#fff9bd;color:#333;padding:2px 7px;border-radius:4px;font-weight:bold;font-size:0.85em"">Vigilance</span><br>du 11 sept. 2026 au 31 oct. 2026<br><small>Zone : Secteur Dives Aval - ESO</small>",27 sept. 2026
5647221,Riviere_Lot,15,Cantal,SOU,vigilance,Vigilance,1,2026-09-18,,2026-199,"<b>Eaux souterraines</b><br><span style=""background:#fff9bd;color:#333;padding:2px 7px;border-radius:4px;font-weight:bold;font-size:0.85em"">Vigilance</span><br>depuis le 18 sept. 2026<br><small>Zone : Riviere_Lot</small>",27 sept. 2026
5645145,Somme souterraine,02,Aisne,SOU,vigilance,Vigilance,1,2026-08-26,,ENV/PE/2026/046,"<b>Eaux souterraines</b><br><span style=""background:#fff9bd;color:#333;padding:2px 7px;border-radius:4px;font-weight:bold;font-size:0.85em"">Vigilance</span><br>depuis le 26 août 2026<br><small>Zone : Somme souterraine</small>",27 sept. 2026
5653661,BASSIN DE LA NIEVRE-HALLUE,80,Somme,SOU,vigilance,Vigilance,1,2026-08-21,,Vigi-Authie-Nièvre_Alerte-TsSecteurs_AR-Maye,"<b>Eaux souterraines</b><br><span style=""background:#fff9bd;color:#333;padding:2px 7px;border-radius:4px;font-weight:bold;font-size:0.85em"">Vigilance</span><br>depuis le 21 août 2026<br><small>Zone : BASSIN DE LA NIEVRE-HALLUE</small>",27 sept. 2026
5653662,BASSIN DE L AUTHIE,80,Somme,SOU,vigilance,Vigilance,1,2026-08-21,,Vigi-Authie-Nièvre_Alerte-TsSecteurs_AR-Maye,"<b>Eaux souterraines</b><br><span style=""background:#fff9bd;color:#333;padding:2px 7px;border-radius:4px;font-weight:bold;font-size:0.85em"">Vigilance</span><br>depuis le 21 août 2026<br><small>Zone : BASSIN DE L AUTHIE</small>",27 sept. 2026
5646108,Bassin versant du Var amont,06,Alpes-Maritimes,SOU,vigilance,Vigilance,1,2026-08-14,2026-10-31,AP-2026-110,"<b>Eaux souterraines</b><br><span style=""background:#fff9bd;color:#333;padding:2px 7px;border-radius:4px;font-weight:bold;font-size:0.85em"">Vigilance</span><br>du 14 août 2026 au 31 oct. 2026<br><small>Zone : Bassin versant du Var amont</small>",27 sept. 2026
5645131,Automne souterraine,02,Aisne,SOU,vigilance,Vigilance,1,2026-08-26,,ENV/PE/2026/046,"<b>Eaux souterraines</b><br><span style=""background:#fff9bd;color:#333;padding:2px 7px;border-radius:4px;font-weight:bold;font-size:0.85em"">Vigilance</span><br>depuis le 26 août 2026<br><small>Zone : Automne souterraine</small>",27 sept. 2026
5652823,Bassins de la Marne et de la Seine,75,Paris,SOU,vigilance,Vigilance,1,2026-06-25,2026-10-31,75-2026-06-25-00005,"<b>Eaux souterraines</b><br><span style=""background:#fff9bd;color:#333;padding:2px 7px;border-radius:4px;font-weight:bold;font-size:0.85em"">Vigilance</span><br>du 25 juin 2026 au 31 oct. 2026<br><small>Zone : Bassins de la Marne et de la Seine</small>",27 sept. 2026
5652741,Braye Anille,72,Sarthe,SOU,vigilance,Vigilance,1,2026-09-24,,AP n°13 du 22 09 2026,"<b>Eaux souterraines</b><br><span style=""background:#fff9bd;color:#333;padding:2px 7px;border-radius:4px;font-weight:bold;font-size:0.85em"">Vigilance</span><br>depuis le 24 sept. 2026<br><small>Zone : Braye Anille</small>",27 sept. 2026
5652742,Dué-Narais,72,Sarthe,SOU,vigilance,Vigilance,1,2026-09-24,,AP n°13 du 22 09 2026,"<b>Eaux souterraines</b><br><span style=""background:#fff9bd;color:#333;padding:2px 7px;border-radius:4px;font-weight:bold;font-size:0.85em"">Vigilance</span><br>depuis le 24 sept. 2026<br><small>Zone : Dué-Narais</small>",27 sept. 2026
5652747,Végre,72,Sarthe,SOU,vigilance,Vigilance,1,2026-09-24,,AP n°13 du 22 09 2026,"<b>Eaux souterraines</b><br><span style=""background:#fff9bd;color:#333;padding:2px 7px;border-radius:4px;font-weight:bold;font-size:0.85em"">Vigilance</span><br>depuis le 24 sept. 2026<br><small>Zone : Végre</small>",27 sept. 2026
5652748,Huisne,72,Sarthe,SOU,vigilance,Vigilance,1,2026-09-24,,AP n°13 du 22 09 2026,"<b>Eaux souterraines</b><br><span style=""background:#fff9bd;color:#333;padding:2px 7px;border-radius:4px;font-weight:bold;font-size:0.85em"">Vigilance</span><br>depuis le 24 sept. 2026<br><small>Zone : Huisne</small>",27 sept. 2026
5652752,Sarthe aval,72,Sarthe,SOU,vigilance,Vigilance,1,2026-09-24,,AP n°13 du 22 09 2026,"<b>Eaux souterraines</b><br><span style=""background:#fff9bd;color:#333;padding:2px 7px;border-radius:4px;font-weight:bold;font-size:0.85em"">Vigilance</span><br>depuis le 24 sept. 2026<br><small>Zone : Sarthe aval</small>",27 sept. 2026
5652753,Loir,72,Sarthe,SOU,vigilance,Vigilance,1,2026-09-24,,AP n°13 du 22 09 2026,"<b>Eaux souterraines</b><br><span style=""background:#fff9bd;color:#333;padding:2px 7px;border-radius:4px;font-weight:bold;font-size:0.85em"">Vigilance</span><br>depuis le 24 sept. 2026<br><small>Zone : Loir</small>",27 sept. 2026
5649393,Bassin des Luys1-b,40,Landes,SOU,vigilance,Vigilance,1,2026-09-26,2026-10-31,AP ACI ADOUR 2026-1246,"<b>Eaux souterraines</b><br><span style=""background:#fff9bd;color:#333;padding:2px 7px;border-radius:4px;font-weight:bold;font-size:0.85em"">Vigilance</span><br>du 26 sept. 2026 au 31 oct. 2026<br><small>Zone : Bassin des Luys1-b</small>",27 sept. 2026
5645132,Serre souterraine,02,Aisne,SOU,vigilance,Vigilance,1,2026-08-26,,ENV/PE/2026/046,"<b>Eaux souterraines</b><br><span style=""background:#fff9bd;color:#333;padding:2px 7px;border-radius:4px;font-weight:bold;font-size:0.85em"">Vigilance</span><br>depuis le 26 août 2026<br><small>Zone : Serre souterraine</small>",27 sept. 2026
5654051,Zone de gestion Seine,89,Yonne,SOU,vigilance,Vigilance,1,2026-09-04,2026-12-31,DDT/SEE/2026/0072,"<b>Eaux souterraines</b><br><span style=""background:#fff9bd;color:#333;padding:2px 7px;border-radius:4px;font-weight:bold;font-size:0.85em"">Vigilance</span><br>du 4 sept. 2026 au 31 déc. 2026<br><small>Zone : Zone de gestion Seine</small>",27 sept. 2026
5649402,Bassin du Lespontes,40,Landes,SOU,vigilance,Vigilance,1,2026-09-26,2026-10-31,AP ACI ADOUR 2026-1246,"<b>Eaux souterraines</b><br><span style=""background:#fff9bd;color:#333;padding:2px 7px;border-radius:4px;font-weight:bold;font-size:0.85em"">Vigilance</span><br>du 26 sept. 2026 au 31 oct. 2026<br><small>Zone : Bassin du Lespontes</small>",27 sept. 2026
5649407,Bassin de la Douze (Douze7),40,Landes,SOU,vigilance,Vigilance,1,2026-09-26,2026-10-31,AP ACI ADOUR 2026-1246,"<b>Eaux souterraines</b><br><span style=""background:#fff9bd;color:#333;padding:2px 7px;border-radius:4px;font-weight:bold;font-size:0.85em"">Vigilance</span><br>du 26 sept. 2026 au 31 oct. 2026<br><small>Zone : Bassin de la Douze (Douze7)</small>",27 sept. 2026
5649409,Bassin du Retjons,40,Landes,SOU,vigilance,Vigilance,1,2026-09-26,2026-10-31,AP ACI ADOUR 2026-1246,"<b>Eaux souterraines</b><br><span style=""background:#fff9bd;color:#333;padding:2px 7px;border-radius:4px;font-weight:bold;font-size:0.85em"">Vigilance</span><br>du 26 sept. 2026 au 31 oct. 2026<br><small>Zone : Bassin du Retjons</small>",27 sept. 2026
5646103,Bassin versant du Var central,06,Alpes-Maritimes,SOU,vigilance,Vigilance,1,2026-08-14,2026-10-31,AP-2026-110,"<b>Eaux souterraines</b><br><span style=""background:#fff9bd;color:#333;padding:2px 7px;border-radius:4px;font-weight:bold;font-size:0.85em"">Vigilance</span><br>du 14 août 2026 au 31 oct. 2026<br><small>Zone : Bassin versant du Var central</small>",27 sept. 2026
5646109,Bassin versant du Var aval,06,Alpes-Maritimes,SOU,vigilance,Vigilance,1,2026-08-14,2026-10-31,AP-2026-110,"<b>Eaux souterraines</b><br><span style=""background:#fff9bd;color:#333;padding:2px 7px;border-radius:4px;font-weight:bold;font-size:0.85em"">Vigilance</span><br>du 14 août 2026 au 31 oct. 2026<br><small>Zone : Bassin versant du Var aval</small>",27 sept. 2026
5652825,EPTE HORS ZONE 10 BRAY,76,Seine-Maritime,SOU,vigilance,Vigilance,1,2026-06-04,2026-12-31,76_20260604_Toutes_zones_Vigilance_ESU_ESO,"<b>Eaux souterraines</b><br><span style=""background:#fff9bd;color:#333;padding:2px 7px;border-radius:4px;font-weight:bold;font-size:0.85em"">Vigilance</span><br>du 4 juin 2026 au 31 déc. 2026<br><small>Zone : EPTE HORS ZONE 10 BRAY</small>",27 sept. 2026
5649446,Bassin de Saint-Vincent des Gaves,40,Landes,SOU,vigilance,Vigilance,1,2026-09-26,2026-10-31,AP ACI ADOUR 2026-1246,"<b>Eaux souterraines</b><br><span style=""background:#fff9bd;color:#333;padding:2px 7px;border-radius:4px;font-weight:bold;font-size:0.85em"">Vigilance</span><br>du 26 sept. 2026 au 31 oct. 2026<br><small>Zone : Bassin de Saint-Vincent des Gaves</small>",27 sept. 2026
5649457,Bassin du Louts (Louts3-40),40,Landes,SOU,vigilance,Vigilance,1,2026-09-26,2026-10-31,AP ACI ADOUR 2026-1246,"<b>Eaux souterraines</b><br><span style=""background:#fff9bd;color:#333;padding:2px 7px;border-radius:4px;font-weight:bold;font-size:0.85em"">Vigilance</span><br>du 26 sept. 2026 au 31 oct. 2026<br><small>Zone : Bassin du Louts (Louts3-40)</small>",27 sept. 2026
5649458,Midou réalimenté Charros,40,Landes,SOU,vigilance,Vigilance,1,2026-09-26,2026-10-31,AP ACI ADOUR 2026-1246,"<b>Eaux souterraines</b><br><span style=""background:#fff9bd;color:#333;padding:2px 7px;border-radius:4px;font-weight:bold;font-size:0.85em"">Vigilance</span><br>du 26 sept. 2026 au 31 oct. 2026<br><small>Zone : Midou réalimenté Charros</small>",27 sept. 2026
5649459,Douze - Réalimentation Tailluret,40,Landes,SOU,vigilance,Vigilance,1,2026-09-26,2026-10-31,AP ACI ADOUR 2026-1246,"<b>Eaux souterraines</b><br><span style=""background:#fff9bd;color:#333;padding:2px 7px;border-radius:4px;font-weight:bold;font-size:0.85em"">Vigilance</span><br>du 26 sept. 2026 au 31 oct. 2026<br><small>Zone : Douze - Réalimentation Tailluret</small>",27 sept. 2026
5649460,Bassin de Mont de Marsan (MDM4-b-40),40,Landes,SOU,vigilance,Vigilance,1,2026-09-26,2026-10-31,AP ACI ADOUR 2026-1246,"<b>Eaux souterraines</b><br><span style=""background:#fff9bd;color:#333;padding:2px 7px;border-radius:4px;font-weight:bold;font-size:0.85em"">Vigilance</span><br>du 26 sept. 2026 au 31 oct. 2026<br><small>Zone : Bassin de Mont de Marsan (MDM4-b-40)</small>",27 sept. 2026
5649463,Bassin du Louts (Louts1),40,Landes,SOU,vigilance,Vigilance,1,2026-09-26,2026-10-31,AP ACI ADOUR 2026-1246,"<b>Eaux souterraines</b><br><span style=""background:#fff9bd;color:#333;padding:2px 7px;border-radius:4px;font-weight:bold;font-size:0.85em"">Vigilance</span><br>du 26 sept. 2026 au 31 oct. 2026<br><small>Zone : Bassin du Louts (Louts1)</small>",27 sept. 2026
5649508,Bassin de Mont de Marsan (MDM4-a),40,Landes,SOU,vigilance,Vigilance,1,2026-09-26,2026-10-31,AP ACI ADOUR 2026-1246,"<b>Eaux souterraines</b><br><span style=""background:#fff9bd;color:#333;padding:2px 7px;border-radius:4px;font-weight:bold;font-size:0.85em"">Vigilance</span><br>du 26 sept. 2026 au 31 oct. 2026<br><small>Zone : Bassin de Mont de Marsan (MDM4-a)</small>",27 sept. 2026
5649509,Bassin de l'Adour (Adour1-40),40,Landes,SOU,vigilance,Vigilance,1,2026-09-26,2026-10-31,AP ACI ADOUR 2026-1246,"<b>Eaux souterraines</b><br><span style=""background:#fff9bd;color:#333;padding:2px 7px;border-radius:4px;font-weight:bold;font-size:0.85em"">Vigilance</span><br>du 26 sept. 2026 au 31 oct. 2026<br><small>Zone : Bassin de l'Adour (Adour1-40)</small>",27 sept. 2026
5647134,Lot domanial amont,12,Aveyron,SOU,vigilance,Vigilance,1,2026-08-15,2026-10-31,MN-12-2026-10,"<b>Eaux souterraines</b><br><span style=""background:#fff9bd;color:#333;padding:2px 7px;border-radius:4px;font-weight:bold;font-size:0.85em"">Vigilance</span><br>du 15 août 2026 au 31 oct. 2026<br><small>Zone : Lot domanial amont</small>",27 sept. 2026
5647142,Dourdou de Camares aval et Sorgues,12,Aveyron,SOU,vigilance,Vigilance,1,2026-08-15,2026-10-31,MN-12-2026-10,"<b>Eaux souterraines</b><br><span style=""background:#fff9bd;color:#333;padding:2px 7px;border-radius:4px;font-weight:bold;font-size:0.85em"">Vigilance</span><br>du 15 août 2026 au 31 oct. 2026<br><small>Zone : Dourdou de Camares aval et Sorgues</small>",27 sept. 2026
5647152,Lot amont et Truyère,12,Aveyron,SOU,vigilance,Vigilance,1,2026-08-15,2026-10-31,MN-12-2026-10,"<b>Eaux souterraines</b><br><span style=""background:#fff9bd;color:#333;padding:2px 7px;border-radius:4px;font-weight:bold;font-size:0.85em"">Vigilance</span><br>du 15 août 2026 au 31 oct. 2026<br><small>Zone : Lot amont et Truyère</small>",27 sept. 2026
5647180,Littoral,13,Bouches-du-Rhône,SOU,vigilance,Vigilance,1,2026-07-31,2026-10-15,2026-424-SE,"<b>Eaux souterraines</b><br><span style=""background:#fff9bd;color:#333;padding:2px 7px;border-radius:4px;font-weight:bold;font-size:0.85em"">Vigilance</span><br>du 31 juil. 2026 au 15 oct. 2026<br><small>Zone : Littoral</small>",27 sept. 2026
5647182,Huveaune,13,Bouches-du-Rhône,SOU,vigilance,Vigilance,1,2026-07-31,2026-10-15,2026-424-SE,"<b>Eaux souterraines</b><br><span style=""background:#fff9bd;color:#333;padding:2px 7px;border-radius:4px;font-weight:bold;font-size:0.85em"">Vigilance</span><br>du 31 juil. 2026 au 15 oct. 2026<br><small>Zone : Huveaune</small>",27 sept. 2026
5647162,Crau Alpilles,13,Bouches-du-Rhône,SOU,vigilance,Vigilance,1,2026-07-31,2026-10-15,2026-424-SE,"<b>Eaux souterraines</b><br><span style=""background:#fff9bd;color:#333;padding:2px 7px;border-radius:4px;font-weight:bold;font-size:0.85em"">Vigilance</span><br>du 31 juil. 2026 au 15 oct. 2026<br><small>Zone : Crau Alpilles</small>",27 sept. 2026
5647166,Durance,13,Bouches-du-Rhône,SOU,vigilance,Vigilance,1,2026-07-31,2026-10-15,2026-424-SE,"<b>Eaux souterraines</b><br><span style=""background:#fff9bd;color:#333;padding:2px 7px;border-radius:4px;font-weight:bold;font-size:0.85em"">Vigilance</span><br>du 31 juil. 2026 au 15 oct. 2026<br><small>Zone : Durance</small>",27 sept. 2026
5647169,Crau,13,Bouches-du-Rhône,SOU,vigilance,Vigilance,1,2026-07-31,2026-10-15,2026-424-SE,"<b>Eaux souterraines</b><br><span style=""background:#fff9bd;color:#333;padding:2px 7px;border-radius:4px;font-weight:bold;font-size:0.85em"">Vigilance</span><br>du 31 juil. 2026 au 15 oct. 2026<br><small>Zone : Crau</small>",27 sept. 2026
5647176,Touloubre aval,13,Bouches-du-Rhône,SOU,vigilance,Vigilance,1,2026-07-31,2026-10-15,2026-424-SE,"<b>Eaux souterraines</b><br><span style=""background:#fff9bd;color:#333;padding:2px 7px;border-radius:4px;font-weight:bold;font-size:0.85em"">Vigilance</span><br>du 31 juil. 2026 au 15 oct. 2026<br><small>Zone : Touloubre aval</small>",27 sept. 2026
5647177,Rhône Camargue,13,Bouches-du-Rhône,SOU,vigilance,Vigilance,1,2026-07-31,2026-10-15,2026-424-SE,"<b>Eaux souterraines</b><br><span style=""background:#fff9bd;color:#333;padding:2px 7px;border-radius:4px;font-weight:bold;font-size:0.85em"">Vigilance</span><br>du 31 juil. 2026 au 15 oct. 2026<br><small>Zone : Rhône Camargue</small>",27 sept. 2026
5647178,Touloubre amont,13,Bouches-du-Rhône,SOU,vigilance,Vigilance,1,2026-07-31,2026-10-15,2026-424-SE,"<b>Eaux souterraines</b><br><span style=""background:#fff9bd;color:#333;padding:2px 7px;border-radius:4px;font-weight:bold;font-size:0.85em"">Vigilance</span><br>du 31 juil. 2026 au 15 oct. 2026<br><small>Zone : Touloubre amont</small>",27 sept. 2026
5649373,Bassin des Luys1-f,40,Landes,SOU,vigilance,Vigilance,1,2026-09-26,2026-10-31,AP ACI ADOUR 2026-1246,"<b>Eaux souterraines</b><br><span style=""background:#fff9bd;color:#333;padding:2px 7px;border-radius:4px;font-weight:bold;font-size:0.85em"">Vigilance</span><br>du 26 sept. 2026 au 31 oct. 2026<br><small>Zone : Bassin des Luys1-f</small>",27 sept. 2026
5649374,Bassin de l'Adour (Adour5),40,Landes,SOU,vigilance,Vigilance,1,2026-09-26,2026-10-31,AP ACI ADOUR 2026-1246,"<b>Eaux souterraines</b><br><span style=""background:#fff9bd;color:#333;padding:2px 7px;border-radius:4px;font-weight:bold;font-size:0.85em"">Vigilance</span><br>du 26 sept. 2026 au 31 oct. 2026<br><small>Zone : Bassin de l'Adour (Adour5)</small>",27 sept. 2026
5649375,Bassin de la Douze (Douze4),40,Landes,SOU,vigilance,Vigilance,1,2026-09-26,2026-10-31,AP ACI ADOUR 2026-1246,"<b>Eaux souterraines</b><br><span style=""background:#fff9bd;color:#333;padding:2px 7px;border-radius:4px;font-weight:bold;font-size:0.85em"">Vigilance</span><br>du 26 sept. 2026 au 31 oct. 2026<br><small>Zone : Bassin de la Douze (Douze4)</small>",27 sept. 2026
5649378,Bassin de la Douze (Douze3-b),40,Landes,SOU,vigilance,Vigilance,1,2026-09-26,2026-10-31,AP ACI ADOUR 2026-1246,"<b>Eaux souterraines</b><br><span style=""background:#fff9bd;color:#333;padding:2px 7px;border-radius:4px;font-weight:bold;font-size:0.85em"">Vigilance</span><br>du 26 sept. 2026 au 31 oct. 2026<br><small>Zone : Bassin de la Douze (Douze3-b)</small>",27 sept. 2026
5649379,Bassin du Bès1,40,Landes,SOU,vigilance,Vigilance,1,2026-09-26,2026-10-31,AP ACI ADOUR 2026-1246,"<b>Eaux souterraines</b><br><span style=""background:#fff9bd;color:#333;padding:2px 7px;border-radius:4px;font-weight:bold;font-size:0.85em"">Vigilance</span><br>du 26 sept. 2026 au 31 oct. 2026<br><small>Zone : Bassin du Bès1</small>",27 sept. 2026
5649381,Bassin de l'Estrigon1,40,Landes,SOU,vigilance,Vigilance,1,2026-09-26,2026-10-31,AP ACI ADOUR 2026-1246,"<b>Eaux souterraines</b><br><span style=""background:#fff9bd;color:#333;padding:2px 7px;border-radius:4px;font-weight:bold;font-size:0.85em"">Vigilance</span><br>du 26 sept. 2026 au 31 oct. 2026<br><small>Zone : Bassin de l'Estrigon1</small>",27 sept. 2026
5649386,Bassin du Grauche,40,Landes,SOU,vigilance,Vigilance,1,2026-09-26,2026-10-31,AP ACI ADOUR 2026-1246,"<b>Eaux souterraines</b><br><span style=""background:#fff9bd;color:#333;padding:2px 7px;border-radius:4px;font-weight:bold;font-size:0.85em"">Vigilance</span><br>du 26 sept. 2026 au 31 oct. 2026<br><small>Zone : Bassin du Grauche</small>",27 sept. 2026
5649391,Bassin de la Douze (Douze9),40,Landes,SOU,vigilance,Vigilance,1,2026-09-26,2026-10-31,AP ACI ADOUR 2026-1246,"<b>Eaux souterraines</b><br><span style=""background:#fff9bd;color:#333;padding:2px 7px;border-radius:4px;font-weight:bold;font-size:0.85em"">Vigilance</span><br>du 26 sept. 2026 au 31 oct. 2026<br><small>Zone : Bassin de la Douze (Douze9)</small>",27 sept. 2026
5649395,Bassin des Luys1-a,40,Landes,SOU,vigilance,Vigilance,1,2026-09-26,2026-10-31,AP ACI ADOUR 2026-1246,"<b>Eaux souterraines</b><br><span style=""background:#fff9bd;color:#333;padding:2px 7px;border-radius:4px;font-weight:bold;font-size:0.85em"">Vigilance</span><br>du 26 sept. 2026 au 31 oct. 2026<br><small>Zone : Bassin des Luys1-a</small>",27 sept. 2026
5649401,Bassin de Campagne,40,Landes,SOU,vigilance,Vigilance,1,2026-09-26,2026-10-31,AP ACI ADOUR 2026-1246,"<b>Eaux souterraines</b><br><span style=""background:#fff9bd;color:#333;padding:2px 7px;border-radius:4px;font-weight:bold;font-size:0.85em"">Vigilance</span><br>du 26 sept. 2026 au 31 oct. 2026<br><small>Zone : Bassin de Campagne</small>",27 sept. 2026
5649403,Bassin de l’Adour à St Vincent de Paul,40,Landes,SOU,vigilance,Vigilance,1,2026-09-26,2026-10-31,AP ACI ADOUR 2026-1246,"<b>Eaux souterraines</b><br><span style=""background:#fff9bd;color:#333;padding:2px 7px;border-radius:4px;font-weight:bold;font-size:0.85em"">Vigilance</span><br>du 26 sept. 2026 au 31 oct. 2026<br><small>Zone : Bassin de l’Adour à St Vincent de Paul</small>",27 sept. 2026
5649406,Bassin de la Douze (Douze6),40,Landes,SOU,vigilance,Vigilance,1,2026-09-26,2026-10-31,AP ACI ADOUR 2026-1246,"<b>Eaux souterraines</b><br><span style=""background:#fff9bd;color:#333;padding:2px 7px;border-radius:4px;font-weight:bold;font-size:0.85em"">Vigilance</span><br>du 26 sept. 2026 au 31 oct. 2026<br><small>Zone : Bassin de la Douze (Douze6)</small>",27 sept. 2026
5649410,Bassin Adour-transition AG7-40,40,Landes,SOU,vigilance,Vigilance,1,2026-09-26,2026-10-31,AP ACI ADOUR 2026-1246,"<b>Eaux souterraines</b><br><span style=""background:#fff9bd;color:#333;padding:2px 7px;border-radius:4px;font-weight:bold;font-size:0.85em"">Vigilance</span><br>du 26 sept. 2026 au 31 oct. 2026<br><small>Zone : Bassin Adour-transition AG7-40</small>",27 sept. 2026
5649411,Bassin de la Douze (Douze5),40,Landes,SOU,vigilance,Vigilance,1,2026-09-26,2026-10-31,AP ACI ADOUR 2026-1246,"<b>Eaux souterraines</b><br><span style=""background:#fff9bd;color:#333;padding:2px 7px;border-radius:4px;font-weight:bold;font-size:0.85em"">Vigilance</span><br>du 26 sept. 2026 au 31 oct. 2026<br><small>Zone : Bassin de la Douze (Douze5)</small>",27 sept. 2026
5649412,Bassin de l’Adour à Dax,40,Landes,SOU,vigilance,Vigilance,1,2026-09-26,2026-10-31,AP ACI ADOUR 2026-1246,"<b>Eaux souterraines</b><br><span style=""background:#fff9bd;color:#333;padding:2px 7px;border-radius:4px;font-weight:bold;font-size:0.85em"">Vigilance</span><br>du 26 sept. 2026 au 31 oct. 2026<br><small>Zone : Bassin de l’Adour à Dax</small>",27 sept. 2026
5649413,Bassin des Luys1-e,40,Landes,SOU,vigilance,Vigilance,1,2026-09-26,2026-10-31,AP ACI ADOUR 2026-1246,"<b>Eaux souterraines</b><br><span style=""background:#fff9bd;color:#333;padding:2px 7px;border-radius:4px;font-weight:bold;font-size:0.85em"">Vigilance</span><br>du 26 sept. 2026 au 31 oct. 2026<br><small>Zone : Bassin des Luys1-e</small>",27 sept. 2026
5649414,Bassin du Bès2,40,Landes,SOU,vigilance,Vigilance,1,2026-09-26,2026-10-31,AP ACI ADOUR 2026-1246,"<b>Eaux souterraines</b><br><span style=""background:#fff9bd;color:#333;padding:2px 7px;border-radius:4px;font-weight:bold;font-size:0.85em"">Vigilance</span><br>du 26 sept. 2026 au 31 oct. 2026<br><small>Zone : Bassin du Bès2</small>",27 sept. 2026
5649415,Bassin de Batanes,40,Landes,SOU,vigilance,Vigilance,1,2026-09-26,2026-10-31,AP ACI ADOUR 2026-1246,"<b>Eaux souterraines</b><br><span style=""background:#fff9bd;color:#333;padding:2px 7px;border-radius:4px;font-weight:bold;font-size:0.85em"">Vigilance</span><br>du 26 sept. 2026 au 31 oct. 2026<br><small>Zone : Bassin de Batanes</small>",27 sept. 2026
5649417,Bassin de la Douze (Douze3-a-40),40,Landes,SOU,vigilance,Vigilance,1,2026-09-26,2026-10-31,AP ACI ADOUR 2026-1246,"<b>Eaux souterraines</b><br><span style=""background:#fff9bd;color:#333;padding:2px 7px;border-radius:4px;font-weight:bold;font-size:0.85em"">Vigilance</span><br>du 26 sept. 2026 au 31 oct. 2026<br><small>Zone : Bassin de la Douze (Douze3-a-40)</small>",27 sept. 2026
5649418,Bassin de l'Estrigon2,40,Landes,SOU,vigilance,Vigilance,1,2026-09-26,2026-10-31,AP ACI ADOUR 2026-1246,"<b>Eaux souterraines</b><br><span style=""background:#fff9bd;color:#333;padding:2px 7px;border-radius:4px;font-weight:bold;font-size:0.85em"">Vigilance</span><br>du 26 sept. 2026 au 31 oct. 2026<br><small>Zone : Bassin de l'Estrigon2</small>",27 sept. 2026
5649419,Adour Aval non réalimenté,40,Landes,SOU,vigilance,Vigilance,1,2026-09-26,2026-10-31,AP ACI ADOUR 2026-1246,"<b>Eaux souterraines</b><br><span style=""background:#fff9bd;color:#333;padding:2px 7px;border-radius:4px;font-weight:bold;font-size:0.85em"">Vigilance</span><br>du 26 sept. 2026 au 31 oct. 2026<br><small>Zone : Adour Aval non réalimenté</small>",27 sept. 2026
5649422,Bassin de Mont de Marsan (MDM1-40),40,Landes,SOU,vigilance,Vigilance,1,2026-09-26,2026-10-31,AP ACI ADOUR 2026-1246,"<b>Eaux souterraines</b><br><span style=""background:#fff9bd;color:#333;padding:2px 7px;border-radius:4px;font-weight:bold;font-size:0.85em"">Vigilance</span><br>du 26 sept. 2026 au 31 oct. 2026<br><small>Zone : Bassin de Mont de Marsan (MDM1-40)</small>",27 sept. 2026
5649427,Bassin des Luys (Luys1-c-40),40,Landes,SOU,vigilance,Vigilance,1,2026-09-26,2026-10-31,AP ACI ADOUR 2026-1246,"<b>Eaux souterraines</b><br><span style=""background:#fff9bd;color:#333;padding:2px 7px;border-radius:4px;font-weight:bold;font-size:0.85em"">Vigilance</span><br>du 26 sept. 2026 au 31 oct. 2026<br><small>Zone : Bassin des Luys (Luys1-c-40)</small>",27 sept. 2026
5649429,Bassin Adour Bernède-40,40,Landes,SOU,vigilance,Vigilance,1,2026-09-26,2026-10-31,AP ACI ADOUR 2026-1246,"<b>Eaux souterraines</b><br><span style=""background:#fff9bd;color:#333;padding:2px 7px;border-radius:4px;font-weight:bold;font-size:0.85em"">Vigilance</span><br>du 26 sept. 2026 au 31 oct. 2026<br><small>Zone : Bassin Adour Bernède-40</small>",27 sept. 2026
5649432,Bassin de l'Adour (Adour4-b),40,Landes,SOU,vigilance,Vigilance,1,2026-09-26,2026-10-31,AP ACI ADOUR 2026-1246,"<b>Eaux souterraines</b><br><span style=""background:#fff9bd;color:#333;padding:2px 7px;border-radius:4px;font-weight:bold;font-size:0.85em"">Vigilance</span><br>du 26 sept. 2026 au 31 oct. 2026<br><small>Zone : Bassin de l'Adour (Adour4-b)</small>",27 sept. 2026
5649434,Bassin de l'Estrigon3,40,Landes,SOU,vigilance,Vigilance,1,2026-09-26,2026-10-31,AP ACI ADOUR 2026-1246,"<b>Eaux souterraines</b><br><span style=""background:#fff9bd;color:#333;padding:2px 7px;border-radius:4px;font-weight:bold;font-size:0.85em"">Vigilance</span><br>du 26 sept. 2026 au 31 oct. 2026<br><small>Zone : Bassin de l'Estrigon3</small>",27 sept. 2026
5649440,Bassin de la Midouze à Tartas,40,Landes,SOU,vigilance,Vigilance,1,2026-09-26,2026-10-31,AP ACI ADOUR 2026-1246,"<b>Eaux souterraines</b><br><span style=""background:#fff9bd;color:#333;padding:2px 7px;border-radius:4px;font-weight:bold;font-size:0.85em"">Vigilance</span><br>du 26 sept. 2026 au 31 oct. 2026<br><small>Zone : Bassin de la Midouze à Tartas</small>",27 sept. 2026
5649442,Bassin de l’Adour à Pontonx,40,Landes,SOU,vigilance,Vigilance,1,2026-09-26,2026-10-31,AP ACI ADOUR 2026-1246,"<b>Eaux souterraines</b><br><span style=""background:#fff9bd;color:#333;padding:2px 7px;border-radius:4px;font-weight:bold;font-size:0.85em"">Vigilance</span><br>du 26 sept. 2026 au 31 oct. 2026<br><small>Zone : Bassin de l’Adour à Pontonx</small>",27 sept. 2026
5649448,Bassin de Mont de Marsan (MDM3-40),40,Landes,SOU,vigilance,Vigilance,1,2026-09-26,2026-10-31,AP ACI ADOUR 2026-1246,"<b>Eaux souterraines</b><br><span style=""background:#fff9bd;color:#333;padding:2px 7px;border-radius:4px;font-weight:bold;font-size:0.85em"">Vigilance</span><br>du 26 sept. 2026 au 31 oct. 2026<br><small>Zone : Bassin de Mont de Marsan (MDM3-40)</small>",27 sept. 2026
5649449,Gabas réalimenté,40,Landes,SOU,vigilance,Vigilance,1,2026-09-26,2026-10-31,AP ACI ADOUR 2026-1246,"<b>Eaux souterraines</b><br><span style=""background:#fff9bd;color:#333;padding:2px 7px;border-radius:4px;font-weight:bold;font-size:0.85em"">Vigilance</span><br>du 26 sept. 2026 au 31 oct. 2026<br><small>Zone : Gabas réalimenté</small>",27 sept. 2026
5649452,Bassin du Bahus-40,40,Landes,SOU,vigilance,Vigilance,1,2026-09-26,2026-10-31,AP ACI ADOUR 2026-1246,"<b>Eaux souterraines</b><br><span style=""background:#fff9bd;color:#333;padding:2px 7px;border-radius:4px;font-weight:bold;font-size:0.85em"">Vigilance</span><br>du 26 sept. 2026 au 31 oct. 2026<br><small>Zone : Bassin du Bahus-40</small>",27 sept. 2026
5649453,Bassin Les Luys de France-40,40,Landes,SOU,vigilance,Vigilance,1,2026-09-26,2026-10-31,AP ACI ADOUR 2026-1246,"<b>Eaux souterraines</b><br><span style=""background:#fff9bd;color:#333;padding:2px 7px;border-radius:4px;font-weight:bold;font-size:0.85em"">Vigilance</span><br>du 26 sept. 2026 au 31 oct. 2026<br><small>Zone : Bassin Les Luys de France-40</small>",27 sept. 2026
5649461,Bassin du Gabas (Gabas3-40),40,Landes,SOU,vigilance,Vigilance,1,2026-09-26,2026-10-31,AP ACI ADOUR 2026-1246,"<b>Eaux souterraines</b><br><span style=""background:#fff9bd;color:#333;padding:2px 7px;border-radius:4px;font-weight:bold;font-size:0.85em"">Vigilance</span><br>du 26 sept. 2026 au 31 oct. 2026<br><small>Zone : Bassin du Gabas (Gabas3-40)</small>",27 sept. 2026
5649468,Bassin de la Douze (Douze2-b-40),40,Landes,SOU,vigilance,Vigilance,1,2026-09-26,2026-10-31,AP ACI ADOUR 2026-1246,"<b>Eaux souterraines</b><br><span style=""background:#fff9bd;color:#333;padding:2px 7px;border-radius:4px;font-weight:bold;font-size:0.85em"">Vigilance</span><br>du 26 sept. 2026 au 31 oct. 2026<br><small>Zone : Bassin de la Douze (Douze2-b-40)</small>",27 sept. 2026
5649471,Bassin des Luys de Bearn aval-40,40,Landes,SOU,vigilance,Vigilance,1,2026-09-26,2026-10-31,AP ACI ADOUR 2026-1246,"<b>Eaux souterraines</b><br><span style=""background:#fff9bd;color:#333;padding:2px 7px;border-radius:4px;font-weight:bold;font-size:0.85em"">Vigilance</span><br>du 26 sept. 2026 au 31 oct. 2026<br><small>Zone : Bassin des Luys de Bearn aval-40</small>",27 sept. 2026
5649474,Bassin du Gabas (Gabas2-40),40,Landes,SOU,vigilance,Vigilance,1,2026-09-26,2026-10-31,AP ACI ADOUR 2026-1246,"<b>Eaux souterraines</b><br><span style=""background:#fff9bd;color:#333;padding:2px 7px;border-radius:4px;font-weight:bold;font-size:0.85em"">Vigilance</span><br>du 26 sept. 2026 au 31 oct. 2026<br><small>Zone : Bassin du Gabas (Gabas2-40)</small>",27 sept. 2026
5649476,Bas-Bahus réalimenté Miramont,40,Landes,SOU,vigilance,Vigilance,1,2026-09-26,2026-10-31,AP ACI ADOUR 2026-1246,"<b>Eaux souterraines</b><br><span style=""background:#fff9bd;color:#333;padding:2px 7px;border-radius:4px;font-weight:bold;font-size:0.85em"">Vigilance</span><br>du 26 sept. 2026 au 31 oct. 2026<br><small>Zone : Bas-Bahus réalimenté Miramont</small>",27 sept. 2026
5649477,Bassin de la Douze (Douze8),40,Landes,SOU,vigilance,Vigilance,1,2026-09-26,2026-10-31,AP ACI ADOUR 2026-1246,"<b>Eaux souterraines</b><br><span style=""background:#fff9bd;color:#333;padding:2px 7px;border-radius:4px;font-weight:bold;font-size:0.85em"">Vigilance</span><br>du 26 sept. 2026 au 31 oct. 2026<br><small>Zone : Bassin de la Douze (Douze8)</small>",27 sept. 2026
5649480,Bassin de l'Adour (Adour2-40),40,Landes,SOU,vigilance,Vigilance,1,2026-09-26,2026-10-31,AP ACI ADOUR 2026-1246,"<b>Eaux souterraines</b><br><span style=""background:#fff9bd;color:#333;padding:2px 7px;border-radius:4px;font-weight:bold;font-size:0.85em"">Vigilance</span><br>du 26 sept. 2026 au 31 oct. 2026<br><small>Zone : Bassin de l'Adour (Adour2-40)</small>",27 sept. 2026
5649481,Bassin de la Douze (Douze2-a-40),40,Landes,SOU,vigilance,Vigilance,1,2026-09-26,2026-10-31,AP ACI ADOUR 2026-1246,"<b>Eaux souterraines</b><br><span style=""background:#fff9bd;color:#333;padding:2px 7px;border-radius:4px;font-weight:bold;font-size:0.85em"">Vigilance</span><br>du 26 sept. 2026 au 31 oct. 2026<br><small>Zone : Bassin de la Douze (Douze2-a-40)</small>",27 sept. 2026
5649485,Bassin de Mont de Marsan (MDM2),40,Landes,SOU,vigilance,Vigilance,1,2026-09-26,2026-10-31,AP ACI ADOUR 2026-1246,"<b>Eaux souterraines</b><br><span style=""background:#fff9bd;color:#333;padding:2px 7px;border-radius:4px;font-weight:bold;font-size:0.85em"">Vigilance</span><br>du 26 sept. 2026 au 31 oct. 2026<br><small>Zone : Bassin de Mont de Marsan (MDM2)</small>",27 sept. 2026
5649489,Luy de Béarn réalimenté-40,40,Landes,SOU,vigilance,Vigilance,1,2026-09-26,2026-10-31,AP ACI ADOUR 2026-1246,"<b>Eaux souterraines</b><br><span style=""background:#fff9bd;color:#333;padding:2px 7px;border-radius:4px;font-weight:bold;font-size:0.85em"">Vigilance</span><br>du 26 sept. 2026 au 31 oct. 2026<br><small>Zone : Luy de Béarn réalimenté-40</small>",27 sept. 2026
5649490,Midou réalimenté Arthez,40,Landes,SOU,vigilance,Vigilance,1,2026-09-26,2026-10-31,AP ACI ADOUR 2026-1246,"<b>Eaux souterraines</b><br><span style=""background:#fff9bd;color:#333;padding:2px 7px;border-radius:4px;font-weight:bold;font-size:0.85em"">Vigilance</span><br>du 26 sept. 2026 au 31 oct. 2026<br><small>Zone : Midou réalimenté Arthez</small>",27 sept. 2026
5649492,Bassin du Gabas (Gabas1),40,Landes,SOU,vigilance,Vigilance,1,2026-09-26,2026-10-31,AP ACI ADOUR 2026-1246,"<b>Eaux souterraines</b><br><span style=""background:#fff9bd;color:#333;padding:2px 7px;border-radius:4px;font-weight:bold;font-size:0.85em"">Vigilance</span><br>du 26 sept. 2026 au 31 oct. 2026<br><small>Zone : Bassin du Gabas (Gabas1)</small>",27 sept. 2026
5649495,Bassin des Luys de Bearn median-40,40,Landes,SOU,vigilance,Vigilance,1,2026-09-26,2026-10-31,AP ACI ADOUR 2026-1246,"<b>Eaux souterraines</b><br><span style=""background:#fff9bd;color:#333;padding:2px 7px;border-radius:4px;font-weight:bold;font-size:0.85em"">Vigilance</span><br>du 26 sept. 2026 au 31 oct. 2026<br><small>Zone : Bassin des Luys de Bearn median-40</small>",27 sept. 2026
5649502,Bassin du Geloux,40,Landes,SOU,vigilance,Vigilance,1,2026-09-26,2026-10-31,AP ACI ADOUR 2026-1246,"<b>Eaux souterraines</b><br><span style=""background:#fff9bd;color:#333;padding:2px 7px;border-radius:4px;font-weight:bold;font-size:0.85em"">Vigilance</span><br>du 26 sept. 2026 au 31 oct. 2026<br><small>Zone : Bassin du Geloux</small>",27 sept. 2026
5649505,Bassin du Louts (Louts2),40,Landes,SOU,vigilance,Vigilance,1,2026-09-26,2026-10-31,AP ACI ADOUR 2026-1246,"<b>Eaux souterraines</b><br><span style=""background:#fff9bd;color:#333;padding:2px 7px;border-radius:4px;font-weight:bold;font-size:0.85em"">Vigilance</span><br>du 26 sept. 2026 au 31 oct. 2026<br><small>Zone : Bassin du Louts (Louts2)</small>",27 sept. 2026
5649506,Bassin de la Douze (Douze1-40),40,Landes,SOU,vigilance,Vigilance,1,2026-09-26,2026-10-31,AP ACI ADOUR 2026-1246,"<b>Eaux souterraines</b><br><span style=""background:#fff9bd;color:#333;padding:2px 7px;border-radius:4px;font-weight:bold;font-size:0.85em"">Vigilance</span><br>du 26 sept. 2026 au 31 oct. 2026<br><small>Zone : Bassin de la Douze (Douze1-40)</small>",27 sept. 2026
5649513,Bassin des Luys1-d,40,Landes,SOU,vigilance,Vigilance,1,2026-09-26,2026-10-31,AP ACI ADOUR 2026-1246,"<b>Eaux souterraines</b><br><span style=""background:#fff9bd;color:#333;padding:2px 7px;border-radius:4px;font-weight:bold;font-size:0.85em"">Vigilance</span><br>du 26 sept. 2026 au 31 oct. 2026<br><small>Zone : Bassin des Luys1-d</small>",27 sept. 2026
5649521,Bassin des Gaves reunis-40,40,Landes,SOU,vigilance,Vigilance,1,2026-09-25,2026-10-31,AP ACI GAVES 2026-1247,"<b>Eaux souterraines</b><br><span style=""background:#fff9bd;color:#333;padding:2px 7px;border-radius:4px;font-weight:bold;font-size:0.85em"">Vigilance</span><br>du 25 sept. 2026 au 31 oct. 2026<br><small>Zone : Bassin des Gaves reunis-40</small>",27 sept. 2026
5649522,Bassin Adour-maritime AG7-40,40,Landes,SOU,vigilance,Vigilance,1,2026-09-25,2026-10-31,AP ACI GAVES 2026-1247,"<b>Eaux souterraines</b><br><span style=""background:#fff9bd;color:#333;padding:2px 7px;border-radius:4px;font-weight:bold;font-size:0.85em"">Vigilance</span><br>du 25 sept. 2026 au 31 oct. 2026<br><small>Zone : Bassin Adour-maritime AG7-40</small>",27 sept. 2026
5649526,Bassin du Ciron-40,40,Landes,SOU,vigilance,Vigilance,1,2026-09-19,2026-10-31,AP ACD Landes 2026-1227,"<b>Eaux souterraines</b><br><span style=""background:#fff9bd;color:#333;padding:2px 7px;border-radius:4px;font-weight:bold;font-size:0.85em"">Vigilance</span><br>du 19 sept. 2026 au 31 oct. 2026<br><small>Zone : Bassin du Ciron-40</small>",27 sept. 2026
5649530,Bassin AG2,40,Landes,SOU,vigilance,Vigilance,1,2026-09-19,2026-10-31,AP ACD Landes 2026-1227,"<b>Eaux souterraines</b><br><span style=""background:#fff9bd;color:#333;padding:2px 7px;border-radius:4px;font-weight:bold;font-size:0.85em"">Vigilance</span><br>du 19 sept. 2026 au 31 oct. 2026<br><small>Zone : Bassin AG2</small>",27 sept. 2026
5649531,Bassin AG5,40,Landes,SOU,vigilance,Vigilance,1,2026-09-19,2026-10-31,AP ACD Landes 2026-1227,"<b>Eaux souterraines</b><br><span style=""background:#fff9bd;color:#333;padding:2px 7px;border-radius:4px;font-weight:bold;font-size:0.85em"">Vigilance</span><br>du 19 sept. 2026 au 31 oct. 2026<br><small>Zone : Bassin AG5</small>",27 sept. 2026
5649540,Bassin de la Leyre,40,Landes,SOU,vigilance,Vigilance,1,2026-09-19,2026-10-31,AP ACD Landes 2026-1227,"<b>Eaux souterraines</b><br><span style=""background:#fff9bd;color:#333;padding:2px 7px;border-radius:4px;font-weight:bold;font-size:0.85em"">Vigilance</span><br>du 19 sept. 2026 au 31 oct. 2026<br><small>Zone : Bassin de la Leyre</small>",27 sept. 2026
5649541,Bassin AG4,40,Landes,SOU,vigilance,Vigilance,1,2026-09-19,2026-10-31,AP ACD Landes 2026-1227,"<b>Eaux souterraines</b><br><span style=""background:#fff9bd;color:#333;padding:2px 7px;border-radius:4px;font-weight:bold;font-size:0.85em"">Vigilance</span><br>du 19 sept. 2026 au 31 oct. 2026<br><small>Zone : Bassin AG4</small>",27 sept. 2026
5649542,Bassin AG3,40,Landes,SOU,vigilance,Vigilance,1,2026-09-19,2026-10-31,AP ACD Landes 2026-1227,"<b>Eaux souterraines</b><br><span style=""background:#fff9bd;color:#333;padding:2px 7px;border-radius:4px;font-weight:bold;font-size:0.85em"">Vigilance</span><br>du 19 sept. 2026 au 31 oct. 2026<br><small>Zone : Bassin AG3</small>",27 sept. 2026
5649546,Gélise réalimentée-40,40,Landes,SOU,vigilance,Vigilance,1,2026-06-27,2026-10-31,AP ACI Neste 2026-908,"<b>Eaux souterraines</b><br><span style=""background:#fff9bd;color:#333;padding:2px 7px;border-radius:4px;font-weight:bold;font-size:0.85em"">Vigilance</span><br>du 27 juin 2026 au 31 oct. 2026<br><small>Zone : Gélise réalimentée-40</small>",27 sept. 2026
5649548,Bassin de la Gélise non réalimenté,40,Landes,SOU,vigilance,Vigilance,1,2026-06-27,2026-10-31,AP ACI Neste 2026-908,"<b>Eaux souterraines</b><br><span style=""background:#fff9bd;color:#333;padding:2px 7px;border-radius:4px;font-weight:bold;font-size:0.85em"">Vigilance</span><br>du 27 juin 2026 au 31 oct. 2026<br><small>Zone : Bassin de la Gélise non réalimenté</small>",27 sept. 2026
5649565,Bassin de l'Aigre,41,Loir-et-Cher,SOU,vigilance,Vigilance,1,2026-09-25,,41-2026-09-24-00004,"<b>Eaux souterraines</b><br><span style=""background:#fff9bd;color:#333;padding:2px 7px;border-radius:4px;font-weight:bold;font-size:0.85em"">Vigilance</span><br>depuis le 25 sept. 2026<br><small>Zone : Bassin de l'Aigre</small>",27 sept. 2026
5648143,"Axe Lez soutenu, de sa source à son embouchure",34,Hérault,SOU,vigilance,Vigilance,1,2026-09-24,2026-10-31,DDTM34-2026-09-17516,"<b>Eaux souterraines</b><br><span style=""background:#fff9bd;color:#333;padding:2px 7px;border-radius:4px;font-weight:bold;font-size:0.85em"">Vigilance</span><br>du 24 sept. 2026 au 31 oct. 2026<br><small>Zone : Axe Lez soutenu, de sa source à son embouchure</small>",27 sept. 2026
5648147,Molasses miocènes du bassin de Castries,34,Hérault,SOU,vigilance,Vigilance,1,2026-09-24,2026-10-31,DDTM34-2026-09-17516,"<b>Eaux souterraines</b><br><span style=""background:#fff9bd;color:#333;padding:2px 7px;border-radius:4px;font-weight:bold;font-size:0.85em"">Vigilance</span><br>du 24 sept. 2026 au 31 oct. 2026<br><small>Zone : Molasses miocènes du bassin de Castries</small>",27 sept. 2026
5648155,Zone karstique centre Hérault - Orb,34,Hérault,SOU,vigilance,Vigilance,1,2026-09-24,2026-10-31,DDTM34-2026-09-17516,"<b>Eaux souterraines</b><br><span style=""background:#fff9bd;color:#333;padding:2px 7px;border-radius:4px;font-weight:bold;font-size:0.85em"">Vigilance</span><br>du 24 sept. 2026 au 31 oct. 2026<br><small>Zone : Zone karstique centre Hérault - Orb</small>",27 sept. 2026
5648159,Bassin versant de la Lergue,34,Hérault,SOU,vigilance,Vigilance,1,2026-09-24,2026-10-31,DDTM34-2026-09-17516,"<b>Eaux souterraines</b><br><span style=""background:#fff9bd;color:#333;padding:2px 7px;border-radius:4px;font-weight:bold;font-size:0.85em"">Vigilance</span><br>du 24 sept. 2026 au 31 oct. 2026<br><small>Zone : Bassin versant de la Lergue</small>",27 sept. 2026
5648162,Bassin versant de l’Hérault aval de la confluence avec la Lergue jusqu’à l’embouchure,34,Hérault,SOU,vigilance,Vigilance,1,2026-09-24,2026-10-31,DDTM34-2026-09-17516,"<b>Eaux souterraines</b><br><span style=""background:#fff9bd;color:#333;padding:2px 7px;border-radius:4px;font-weight:bold;font-size:0.85em"">Vigilance</span><br>du 24 sept. 2026 au 31 oct. 2026<br><small>Zone : Bassin versant de l’Hérault aval de la confluence avec la Lergue jusqu’à l’embouchure</small>",27 sept. 2026
5648163,Axe Orb soutenu à l’aval du barrage des Monts d’Orb jusqu'à Réals,34,Hérault,SOU,vigilance,Vigilance,1,2026-09-24,2026-10-31,DDTM34-2026-09-17516,"<b>Eaux souterraines</b><br><span style=""background:#fff9bd;color:#333;padding:2px 7px;border-radius:4px;font-weight:bold;font-size:0.85em"">Vigilance</span><br>du 24 sept. 2026 au 31 oct. 2026<br><small>Zone : Axe Orb soutenu à l’aval du barrage des Monts d’Orb jusqu'à Réals</small>",27 sept. 2026
5649571,Aflluents Loire aval,41,Loir-et-Cher,SOU,vigilance,Vigilance,1,2026-09-25,,41-2026-09-24-00004,"<b>Eaux souterraines</b><br><span style=""background:#fff9bd;color:#333;padding:2px 7px;border-radius:4px;font-weight:bold;font-size:0.85em"">Vigilance</span><br>depuis le 25 sept. 2026<br><small>Zone : Aflluents Loire aval</small>",27 sept. 2026
5649573,Bassin du Loir aval,41,Loir-et-Cher,SOU,vigilance,Vigilance,1,2026-09-25,,41-2026-09-24-00004,"<b>Eaux souterraines</b><br><span style=""background:#fff9bd;color:#333;padding:2px 7px;border-radius:4px;font-weight:bold;font-size:0.85em"">Vigilance</span><br>depuis le 25 sept. 2026<br><small>Zone : Bassin du Loir aval</small>",27 sept. 2026
5649556,Bassin des Mauves,41,Loir-et-Cher,SOU,vigilance,Vigilance,1,2026-09-25,,41-2026-09-24-00004,"<b>Eaux souterraines</b><br><span style=""background:#fff9bd;color:#333;padding:2px 7px;border-radius:4px;font-weight:bold;font-size:0.85em"">Vigilance</span><br>depuis le 25 sept. 2026<br><small>Zone : Bassin des Mauves</small>",27 sept. 2026
5649559,Bassin du Loir amont,41,Loir-et-Cher,SOU,vigilance,Vigilance,1,2026-09-25,,41-2026-09-24-00004,"<b>Eaux souterraines</b><br><span style=""background:#fff9bd;color:#333;padding:2px 7px;border-radius:4px;font-weight:bold;font-size:0.85em"">Vigilance</span><br>depuis le 25 sept. 2026<br><small>Zone : Bassin du Loir amont</small>",27 sept. 2026
5649617,Fleuve RhôneSOU,42,Loire,SOU,vigilance,Vigilance,1,2026-09-14,2026-10-31,DT-42-26-0606,"<b>Eaux souterraines</b><br><span style=""background:#fff9bd;color:#333;padding:2px 7px;border-radius:4px;font-weight:bold;font-size:0.85em"">Vigilance</span><br>du 14 sept. 2026 au 31 oct. 2026<br><small>Zone : Fleuve RhôneSOU</small>",27 sept. 2026
5649666,Nappe Nort-sur-Erdre,44,Loire-Atlantique,SOU,vigilance,Vigilance,1,2026-09-24,2026-10-31,2026/SEE/0217,"<b>Eaux souterraines</b><br><span style=""background:#fff9bd;color:#333;padding:2px 7px;border-radius:4px;font-weight:bold;font-size:0.85em"">Vigilance</span><br>du 24 sept. 2026 au 31 oct. 2026<br><small>Zone : Nappe Nort-sur-Erdre</small>",27 sept. 2026
5649670,"Bassin Sèvre Nantaise
pour les usages de l'eau souterraine",44,Loire-Atlantique,SOU,vigilance,Vigilance,1,2026-09-24,2026-10-31,2026/SEE/0217,"<b>Eaux souterraines</b><br><span style=""background:#fff9bd;color:#333;padding:2px 7px;border-radius:4px;font-weight:bold;font-size:0.85em"">Vigilance</span><br>du 24 sept. 2026 au 31 oct. 2026<br><small>Zone : Bassin Sèvre Nantaise
pour les usages de l'eau souterraine</small>",27 sept. 2026
5654235,Yvette-Bièvre – zone interconnectée agglomération parisienne,91,Essonne,SOU,vigilance,Vigilance,1,2026-07-18,2026-10-31,2026-272_yvette-bièvre+01+17_esuo_vg_ph1,"<b>Eaux souterraines</b><br><span style=""background:#fff9bd;color:#333;padding:2px 7px;border-radius:4px;font-weight:bold;font-size:0.85em"">Vigilance</span><br>du 18 juil. 2026 au 31 oct. 2026<br><small>Zone : Yvette-Bièvre – zone interconnectée agglomération parisienne</small>",27 sept. 2026
5654248,Essonne-École – Beauce centrale – zone interconnectée agglomération parisienne,91,Essonne,SOU,vigilance,Vigilance,1,2026-08-08,2026-10-31,2026-324_essonne-ecole+10+26_esuo_vg_ph1,"<b>Eaux souterraines</b><br><span style=""background:#fff9bd;color:#333;padding:2px 7px;border-radius:4px;font-weight:bold;font-size:0.85em"">Vigilance</span><br>du 8 août 2026 au 31 oct. 2026<br><small>Zone : Essonne-École – Beauce centrale – zone interconnectée agglomération parisienne</small>",27 sept. 2026
5654231,Essonne-École & Seine essonnienne – Beauce centrale – zone interconnectée agglomération parisienne,91,Essonne,SOU,vigilance,Vigilance,1,2026-07-02,2026-10-31,2026-252_seine91+11+15+27+31_esuo_vg_ph1,"<b>Eaux souterraines</b><br><span style=""background:#fff9bd;color:#333;padding:2px 7px;border-radius:4px;font-weight:bold;font-size:0.85em"">Vigilance</span><br>du 2 juil. 2026 au 31 oct. 2026<br><small>Zone : Essonne-École & Seine essonnienne – Beauce centrale – zone interconnectée agglomération parisienne</small>",27 sept. 2026
5654330,Bassins de la Marne et de la Seine,93,Seine-Saint-Denis,SOU,vigilance,Vigilance,1,2026-06-25,2026-10-31,2026-2734,"<b>Eaux souterraines</b><br><span style=""background:#fff9bd;color:#333;padding:2px 7px;border-radius:4px;font-weight:bold;font-size:0.85em"">Vigilance</span><br>du 25 juin 2026 au 31 oct. 2026<br><small>Zone : Bassins de la Marne et de la Seine</small>",27 sept. 2026
5654244,Essonne-École – Beauce centrale,91,Essonne,SOU,vigilance,Vigilance,1,2026-08-08,2026-10-31,2026-324_essonne-ecole+12+28_esuo_vg_ph1,"<b>Eaux souterraines</b><br><span style=""background:#fff9bd;color:#333;padding:2px 7px;border-radius:4px;font-weight:bold;font-size:0.85em"">Vigilance</span><br>du 8 août 2026 au 31 oct. 2026<br><small>Zone : Essonne-École – Beauce centrale</small>",27 sept. 2026
5654233,Seine essonnienne – Beauce centrale – zone interconnectée agglomération parisienne,91,Essonne,SOU,vigilance,Vigilance,1,2026-07-02,2026-10-31,2026-252_seine91+11+15+27+31_esuo_vg_ph1,"<b>Eaux souterraines</b><br><span style=""background:#fff9bd;color:#333;padding:2px 7px;border-radius:4px;font-weight:bold;font-size:0.85em"">Vigilance</span><br>du 2 juil. 2026 au 31 oct. 2026<br><small>Zone : Seine essonnienne – Beauce centrale – zone interconnectée agglomération parisienne</small>",27 sept. 2026
5654250,Seine essonnienne – nappe du Champigny – zone interconnectée agglomération parisienne,91,Essonne,SOU,vigilance,Vigilance,1,2026-08-01,2026-10-31,2026-252_seine91+16+32_esuo_vg_ph2,"<b>Eaux souterraines</b><br><span style=""background:#fff9bd;color:#333;padding:2px 7px;border-radius:4px;font-weight:bold;font-size:0.85em"">Vigilance</span><br>du 1 août 2026 au 31 oct. 2026<br><small>Zone : Seine essonnienne – nappe du Champigny – zone interconnectée agglomération parisienne</small>",27 sept. 2026
5654412,Bassins de la Marne et de la Seine,94,Val-de-Marne,SOU,vigilance,Vigilance,1,2026-07-06,2026-10-31,2026/02562,"<b>Eaux souterraines</b><br><span style=""background:#fff9bd;color:#333;padding:2px 7px;border-radius:4px;font-weight:bold;font-size:0.85em"">Vigilance</span><br>du 6 juil. 2026 au 31 oct. 2026<br><small>Zone : Bassins de la Marne et de la Seine</small>",27 sept. 2026
5654257,Bassins de la Marne et de la Seine,92,Hauts-de-Seine,SOU,vigilance,Vigilance,1,2026-06-24,2026-10-31,2026-262,"<b>Eaux souterraines</b><br><span style=""background:#fff9bd;color:#333;padding:2px 7px;border-radius:4px;font-weight:bold;font-size:0.85em"">Vigilance</span><br>du 24 juin 2026 au 31 oct. 2026<br><small>Zone : Bassins de la Marne et de la Seine</small>",27 sept. 2026
5649721,Clery,45,Loiret,SOU,vigilance,Vigilance,1,2026-09-23,,DDT-SEEF-2026-210,"<b>Eaux souterraines</b><br><span style=""background:#fff9bd;color:#333;padding:2px 7px;border-radius:4px;font-weight:bold;font-size:0.85em"">Vigilance</span><br>depuis le 23 sept. 2026<br><small>Zone : Clery</small>",27 sept. 2026
5649919,Aubance,49,Maine-et-Loire,SOU,vigilance,Vigilance,1,2026-09-17,,DDT-SEEB-PPE-ETIAGE-49 n°2026-12,"<b>Eaux souterraines</b><br><span style=""background:#fff9bd;color:#333;padding:2px 7px;border-radius:4px;font-weight:bold;font-size:0.85em"">Vigilance</span><br>depuis le 17 sept. 2026<br><small>Zone : Aubance</small>",27 sept. 2026
5649938,Dive du Nord,49,Maine-et-Loire,SOU,vigilance,Vigilance,1,2026-08-19,,DDT-SEEB-PPE-Etiage-Dive n°2026-07,"<b>Eaux souterraines</b><br><span style=""background:#fff9bd;color:#333;padding:2px 7px;border-radius:4px;font-weight:bold;font-size:0.85em"">Vigilance</span><br>depuis le 19 août 2026<br><small>Zone : Dive du Nord</small>",27 sept. 2026
5648491,Bassin du Loir (Lr1),37,Indre-et-Loire,SOU,vigilance,Vigilance,1,2026-09-27,2026-10-31,Arrêté du 25 SEPTEMBRE 2026,"<b>Eaux souterraines</b><br><span style=""background:#fff9bd;color:#333;padding:2px 7px;border-radius:4px;font-weight:bold;font-size:0.85em"">Vigilance</span><br>du 27 sept. 2026 au 31 oct. 2026<br><small>Zone : Bassin du Loir (Lr1)</small>",27 sept. 2026
5648514,Bassin de l'Escotais,37,Indre-et-Loire,SOU,vigilance,Vigilance,1,2026-09-27,2026-10-31,Arrêté du 25 SEPTEMBRE 2026,"<b>Eaux souterraines</b><br><span style=""background:#fff9bd;color:#333;padding:2px 7px;border-radius:4px;font-weight:bold;font-size:0.85em"">Vigilance</span><br>du 27 sept. 2026 au 31 oct. 2026<br><small>Zone : Bassin de l'Escotais</small>",27 sept. 2026
5649978,Calcaires de Brie et de Champigny - SOU,51,Marne,SOU,vigilance,Vigilance,1,2026-08-29,2026-10-31,60-2026-SEC,"<b>Eaux souterraines</b><br><span style=""background:#fff9bd;color:#333;padding:2px 7px;border-radius:4px;font-weight:bold;font-size:0.85em"">Vigilance</span><br>du 29 août 2026 au 31 oct. 2026<br><small>Zone : Calcaires de Brie et de Champigny - SOU</small>",27 sept. 2026
5651691,"bassin de l'Epte, Troesne et Viosne",60,Oise,SOU,vigilance,Vigilance,1,2026-09-15,,DDT60 - 20260915,"<b>Eaux souterraines</b><br><span style=""background:#fff9bd;color:#333;padding:2px 7px;border-radius:4px;font-weight:bold;font-size:0.85em"">Vigilance</span><br>depuis le 15 sept. 2026<br><small>Zone : bassin de l'Epte, Troesne et Viosne</small>",27 sept. 2026
5651695,bassin de la Nonette et Thève,60,Oise,SOU,vigilance,Vigilance,1,2026-09-15,,DDT60 - 20260915,"<b>Eaux souterraines</b><br><span style=""background:#fff9bd;color:#333;padding:2px 7px;border-radius:4px;font-weight:bold;font-size:0.85em"">Vigilance</span><br>depuis le 15 sept. 2026<br><small>Zone : bassin de la Nonette et Thève</small>",27 sept. 2026
5647815,Valloire,26,Drôme,SOU,vigilance,Vigilance,1,2026-08-24,2026-10-31,26-2026-08-21-00002_BLV,"<b>Eaux souterraines</b><br><span style=""background:#fff9bd;color:#333;padding:2px 7px;border-radius:4px;font-weight:bold;font-size:0.85em"">Vigilance</span><br>du 24 août 2026 au 31 oct. 2026<br><small>Zone : Valloire</small>",27 sept. 2026
5647820,Ouvèze provençale,26,Drôme,SOU,vigilance,Vigilance,1,2026-07-29,2026-10-31,Nº26-2026-07-27-00004-Ouveze,"<b>Eaux souterraines</b><br><span style=""background:#fff9bd;color:#333;padding:2px 7px;border-radius:4px;font-weight:bold;font-size:0.85em"">Vigilance</span><br>du 29 juil. 2026 au 31 oct. 2026<br><small>Zone : Ouvèze provençale</small>",27 sept. 2026
5647836,MARAIS VERNIER,27,Eure,SOU,vigilance,Vigilance,1,2026-09-14,2026-11-30,DDTM/SEBF/2026-283,"<b>Eaux souterraines</b><br><span style=""background:#fff9bd;color:#333;padding:2px 7px;border-radius:4px;font-weight:bold;font-size:0.85em"">Vigilance</span><br>du 14 sept. 2026 au 30 nov. 2026<br><small>Zone : MARAIS VERNIER</small>",27 sept. 2026
5647840,AVRE MOYEN,27,Eure,SOU,vigilance,Vigilance,1,2026-09-14,2026-11-30,DDTM/SEBF/2026-283,"<b>Eaux souterraines</b><br><span style=""background:#fff9bd;color:#333;padding:2px 7px;border-radius:4px;font-weight:bold;font-size:0.85em"">Vigilance</span><br>du 14 sept. 2026 au 30 nov. 2026<br><small>Zone : AVRE MOYEN</small>",27 sept. 2026
5647841,EURE AVAL,27,Eure,SOU,vigilance,Vigilance,1,2026-09-14,2026-11-30,DDTM/SEBF/2026-283,"<b>Eaux souterraines</b><br><span style=""background:#fff9bd;color:#333;padding:2px 7px;border-radius:4px;font-weight:bold;font-size:0.85em"">Vigilance</span><br>du 14 sept. 2026 au 30 nov. 2026<br><small>Zone : EURE AVAL</small>",27 sept. 2026
5647850,EPTE,27,Eure,SOU,vigilance,Vigilance,1,2026-09-14,2026-11-30,DDTM/SEBF/2026-283,"<b>Eaux souterraines</b><br><span style=""background:#fff9bd;color:#333;padding:2px 7px;border-radius:4px;font-weight:bold;font-size:0.85em"">Vigilance</span><br>du 14 sept. 2026 au 30 nov. 2026<br><small>Zone : EPTE</small>",27 sept. 2026
5647856,OISON,27,Eure,SOU,vigilance,Vigilance,1,2026-09-14,2026-11-30,DDTM/SEBF/2026-283,"<b>Eaux souterraines</b><br><span style=""background:#fff9bd;color:#333;padding:2px 7px;border-radius:4px;font-weight:bold;font-size:0.85em"">Vigilance</span><br>du 14 sept. 2026 au 30 nov. 2026<br><small>Zone : OISON</small>",27 sept. 2026
5647859,CALONNE,27,Eure,SOU,vigilance,Vigilance,1,2026-09-14,2026-11-30,DDTM/SEBF/2026-283,"<b>Eaux souterraines</b><br><span style=""background:#fff9bd;color:#333;padding:2px 7px;border-radius:4px;font-weight:bold;font-size:0.85em"">Vigilance</span><br>du 14 sept. 2026 au 30 nov. 2026<br><small>Zone : CALONNE</small>",27 sept. 2026
5647860,AVRE AVAL,27,Eure,SOU,vigilance,Vigilance,1,2026-09-14,2026-11-30,DDTM/SEBF/2026-283,"<b>Eaux souterraines</b><br><span style=""background:#fff9bd;color:#333;padding:2px 7px;border-radius:4px;font-weight:bold;font-size:0.85em"">Vigilance</span><br>du 14 sept. 2026 au 30 nov. 2026<br><small>Zone : AVRE AVAL</small>",27 sept. 2026
5647861,ANDELLE,27,Eure,SOU,vigilance,Vigilance,1,2026-09-14,2026-11-30,DDTM/SEBF/2026-283,"<b>Eaux souterraines</b><br><span style=""background:#fff9bd;color:#333;padding:2px 7px;border-radius:4px;font-weight:bold;font-size:0.85em"">Vigilance</span><br>du 14 sept. 2026 au 30 nov. 2026<br><small>Zone : ANDELLE</small>",27 sept. 2026
5647863,EURE MOYENNE,27,Eure,SOU,vigilance,Vigilance,1,2026-09-14,2026-11-30,DDTM/SEBF/2026-283,"<b>Eaux souterraines</b><br><span style=""background:#fff9bd;color:#333;padding:2px 7px;border-radius:4px;font-weight:bold;font-size:0.85em"">Vigilance</span><br>du 14 sept. 2026 au 30 nov. 2026<br><small>Zone : EURE MOYENNE</small>",27 sept. 2026
5647865,RISLE AVAL,27,Eure,SOU,vigilance,Vigilance,1,2026-09-14,2026-11-30,DDTM/SEBF/2026-283,"<b>Eaux souterraines</b><br><span style=""background:#fff9bd;color:#333;padding:2px 7px;border-radius:4px;font-weight:bold;font-size:0.85em"">Vigilance</span><br>du 14 sept. 2026 au 30 nov. 2026<br><small>Zone : RISLE AVAL</small>",27 sept. 2026
5652405,Zone d'alerte HUISNE,61,Orne,SOU,vigilance,Vigilance,1,2026-09-17,2026-10-31,2350-26-00093,"<b>Eaux souterraines</b><br><span style=""background:#fff9bd;color:#333;padding:2px 7px;border-radius:4px;font-weight:bold;font-size:0.85em"">Vigilance</span><br>du 17 sept. 2026 au 31 oct. 2026<br><small>Zone : Zone d'alerte HUISNE</small>",27 sept. 2026
5652443,Bassin versant de l’Authie,62,Pas-de-Calais,SOU,vigilance,Vigilance,1,2026-08-15,2026-10-31,2026-08-14,"<b>Eaux souterraines</b><br><span style=""background:#fff9bd;color:#333;padding:2px 7px;border-radius:4px;font-weight:bold;font-size:0.85em"">Vigilance</span><br>du 15 août 2026 au 31 oct. 2026<br><small>Zone : Bassin versant de l’Authie</small>",27 sept. 2026
5652446,Bassin versant de la Canche,62,Pas-de-Calais,SOU,vigilance,Vigilance,1,2026-08-15,2026-10-31,2026-08-14,"<b>Eaux souterraines</b><br><span style=""background:#fff9bd;color:#333;padding:2px 7px;border-radius:4px;font-weight:bold;font-size:0.85em"">Vigilance</span><br>du 15 août 2026 au 31 oct. 2026<br><small>Zone : Bassin versant de la Canche</small>",27 sept. 2026
5652495,Bassin de la Bidassoa,64,Pyrénées-Atlantiques,SOU,vigilance,Vigilance,1,2026-07-17,2026-10-31,LET260701-Vigilance_BIDASSOA,"<b>Eaux souterraines</b><br><span style=""background:#fff9bd;color:#333;padding:2px 7px;border-radius:4px;font-weight:bold;font-size:0.85em"">Vigilance</span><br>du 17 juil. 2026 au 31 oct. 2026<br><small>Zone : Bassin de la Bidassoa</small>",27 sept. 2026
5652509,Bassin de l'Adour maritime,64,Pyrénées-Atlantiques,SOU,vigilance,Vigilance,1,2026-07-17,2026-10-31,LET260703-Vigilance_ADOUR_MARITIME,"<b>Eaux souterraines</b><br><span style=""background:#fff9bd;color:#333;padding:2px 7px;border-radius:4px;font-weight:bold;font-size:0.85em"">Vigilance</span><br>du 17 juil. 2026 au 31 oct. 2026<br><small>Zone : Bassin de l'Adour maritime</small>",27 sept. 2026
5652511,Bassin des Gaves réunis,64,Pyrénées-Atlantiques,SOU,vigilance,Vigilance,1,2026-08-12,2026-10-31,AP-64-2026-08-12-00002_Vigilance_Gaves_Reunis,"<b>Eaux souterraines</b><br><span style=""background:#fff9bd;color:#333;padding:2px 7px;border-radius:4px;font-weight:bold;font-size:0.85em"">Vigilance</span><br>du 12 août 2026 au 31 oct. 2026<br><small>Zone : Bassin des Gaves réunis</small>",27 sept. 2026
5647910,AVRE Aval,28,Eure-et-Loir,SOU,vigilance,Vigilance,1,2026-09-21,,AP_SGREB_2026_255_restrictions_usages_eau,"<b>Eaux souterraines</b><br><span style=""background:#fff9bd;color:#333;padding:2px 7px;border-radius:4px;font-weight:bold;font-size:0.85em"">Vigilance</span><br>depuis le 21 sept. 2026<br><small>Zone : AVRE Aval</small>",27 sept. 2026
5647904,DROUETTE,28,Eure-et-Loir,SOU,vigilance,Vigilance,1,2026-09-21,,AP_SGREB_2026_255_restrictions_usages_eau,"<b>Eaux souterraines</b><br><span style=""background:#fff9bd;color:#333;padding:2px 7px;border-radius:4px;font-weight:bold;font-size:0.85em"">Vigilance</span><br>depuis le 21 sept. 2026<br><small>Zone : DROUETTE</small>",27 sept. 2026
5647909,AVRE Moyen,28,Eure-et-Loir,SOU,vigilance,Vigilance,1,2026-09-21,,AP_SGREB_2026_255_restrictions_usages_eau,"<b>Eaux souterraines</b><br><span style=""background:#fff9bd;color:#333;padding:2px 7px;border-radius:4px;font-weight:bold;font-size:0.85em"">Vigilance</span><br>depuis le 21 sept. 2026<br><small>Zone : AVRE Moyen</small>",27 sept. 2026
5648512,Bassin de la Vienne (Vn1),37,Indre-et-Loire,SOU,vigilance,Vigilance,1,2026-09-27,2026-10-31,Arrêté du 25 SEPTEMBRE 2026,"<b>Eaux souterraines</b><br><span style=""background:#fff9bd;color:#333;padding:2px 7px;border-radius:4px;font-weight:bold;font-size:0.85em"">Vigilance</span><br>du 27 sept. 2026 au 31 oct. 2026<br><small>Zone : Bassin de la Vienne (Vn1)</small>",27 sept. 2026
5648586,Bassin de l'Ardillere,37,Indre-et-Loire,SOU,vigilance,Vigilance,1,2026-09-27,2026-10-31,Arrêté du 25 SEPTEMBRE 2026,"<b>Eaux souterraines</b><br><span style=""background:#fff9bd;color:#333;padding:2px 7px;border-radius:4px;font-weight:bold;font-size:0.85em"">Vigilance</span><br>du 27 sept. 2026 au 31 oct. 2026<br><small>Zone : Bassin de l'Ardillere</small>",27 sept. 2026
5652643,nappe de la Thur,68,Haut-Rhin,SOU,vigilance,Vigilance,1,2026-08-13,2026-11-01,2026-15,"<b>Eaux souterraines</b><br><span style=""background:#fff9bd;color:#333;padding:2px 7px;border-radius:4px;font-weight:bold;font-size:0.85em"">Vigilance</span><br>du 13 août 2026 au 1 nov. 2026<br><small>Zone : nappe de la Thur</small>",27 sept. 2026
5652827,ETRETAT - YPORT - POINTE DE CAUX - CAUX SEINE - COMMERCE - EMBOUCHURE SEINE,76,Seine-Maritime,SOU,vigilance,Vigilance,1,2026-06-04,2026-12-31,76_20260604_Toutes_zones_Vigilance_ESU_ESO,"<b>Eaux souterraines</b><br><span style=""background:#fff9bd;color:#333;padding:2px 7px;border-radius:4px;font-weight:bold;font-size:0.85em"">Vigilance</span><br>du 4 juin 2026 au 31 déc. 2026<br><small>Zone : ETRETAT - YPORT - POINTE DE CAUX - CAUX SEINE - COMMERCE - EMBOUCHURE SEINE</small>",27 sept. 2026
5652830,AUSTRBERTHE - VAL DES NOYERS - VALLEE DE LA SEINE,76,Seine-Maritime,SOU,vigilance,Vigilance,1,2026-06-04,2026-12-31,76_20260604_Toutes_zones_Vigilance_ESU_ESO,"<b>Eaux souterraines</b><br><span style=""background:#fff9bd;color:#333;padding:2px 7px;border-radius:4px;font-weight:bold;font-size:0.85em"">Vigilance</span><br>du 4 juin 2026 au 31 déc. 2026<br><small>Zone : AUSTRBERTHE - VAL DES NOYERS - VALLEE DE LA SEINE</small>",27 sept. 2026
5652833,DURDENT - DUN - VEULES - VALMONT - GANZEVILLE,76,Seine-Maritime,SOU,vigilance,Vigilance,1,2026-06-04,2026-12-31,76_20260604_Toutes_zones_Vigilance_ESU_ESO,"<b>Eaux souterraines</b><br><span style=""background:#fff9bd;color:#333;padding:2px 7px;border-radius:4px;font-weight:bold;font-size:0.85em"">Vigilance</span><br>du 4 juin 2026 au 31 déc. 2026<br><small>Zone : DURDENT - DUN - VEULES - VALMONT - GANZEVILLE</small>",27 sept. 2026
5652834,CAILLY - AUBETTE - ROBEC - VALLEE DE LA SEINE,76,Seine-Maritime,SOU,vigilance,Vigilance,1,2026-06-04,2026-12-31,76_20260604_Toutes_zones_Vigilance_ESU_ESO,"<b>Eaux souterraines</b><br><span style=""background:#fff9bd;color:#333;padding:2px 7px;border-radius:4px;font-weight:bold;font-size:0.85em"">Vigilance</span><br>du 4 juin 2026 au 31 déc. 2026<br><small>Zone : CAILLY - AUBETTE - ROBEC - VALLEE DE LA SEINE</small>",27 sept. 2026
5652837,ANDELLE HORS ZONE 10 BRAY,76,Seine-Maritime,SOU,vigilance,Vigilance,1,2026-06-04,2026-12-31,76_20260604_Toutes_zones_Vigilance_ESU_ESO,"<b>Eaux souterraines</b><br><span style=""background:#fff9bd;color:#333;padding:2px 7px;border-radius:4px;font-weight:bold;font-size:0.85em"">Vigilance</span><br>du 4 juin 2026 au 31 déc. 2026<br><small>Zone : ANDELLE HORS ZONE 10 BRAY</small>",27 sept. 2026
5652838,SAANE - VIENNE - SCIE - VARENNE - ARQUES,76,Seine-Maritime,SOU,vigilance,Vigilance,1,2026-06-04,2026-12-31,76_20260604_Toutes_zones_Vigilance_ESU_ESO,"<b>Eaux souterraines</b><br><span style=""background:#fff9bd;color:#333;padding:2px 7px;border-radius:4px;font-weight:bold;font-size:0.85em"">Vigilance</span><br>du 4 juin 2026 au 31 déc. 2026<br><small>Zone : SAANE - VIENNE - SCIE - VARENNE - ARQUES</small>",27 sept. 2026
5653585,Zone Est,78,Yvelines,SOU,vigilance,Vigilance,1,2026-09-19,2026-12-31,78-2026-09-18-0005,"<b>Eaux souterraines</b><br><span style=""background:#fff9bd;color:#333;padding:2px 7px;border-radius:4px;font-weight:bold;font-size:0.85em"">Vigilance</span><br>du 19 sept. 2026 au 31 déc. 2026<br><small>Zone : Zone Est</small>",27 sept. 2026
5653588,Zone Sud-Ouest,78,Yvelines,SOU,vigilance,Vigilance,1,2026-09-19,2026-12-31,78-2026-09-18-0005,"<b>Eaux souterraines</b><br><span style=""background:#fff9bd;color:#333;padding:2px 7px;border-radius:4px;font-weight:bold;font-size:0.85em"">Vigilance</span><br>du 19 sept. 2026 au 31 déc. 2026<br><small>Zone : Zone Sud-Ouest</small>",27 sept. 2026
5652524,Bassin de l'Adour de transition,64,Pyrénées-Atlantiques,SOU,vigilance,Vigilance,1,2026-09-26,2026-10-31,AP-64-2026-09-25-00002-ZRE,"<b>Eaux souterraines</b><br><span style=""background:#fff9bd;color:#333;padding:2px 7px;border-radius:4px;font-weight:bold;font-size:0.85em"">Vigilance</span><br>du 26 sept. 2026 au 31 oct. 2026<br><small>Zone : Bassin de l'Adour de transition</small>",27 sept. 2026
5645959,Bassin de la Sioule,03,Allier,SOU,vigilance,Vigilance,1,2026-08-29,2026-10-15,2043/2026,"<b>Eaux souterraines</b><br><span style=""background:#fff9bd;color:#333;padding:2px 7px;border-radius:4px;font-weight:bold;font-size:0.85em"">Vigilance</span><br>du 29 août 2026 au 15 oct. 2026<br><small>Zone : Bassin de la Sioule</small>",27 sept. 2026
5648584,Bassin du ruisseau de Gaudeberts,37,Indre-et-Loire,SOU,vigilance,Vigilance,1,2026-09-27,2026-10-31,Arrêté du 25 SEPTEMBRE 2026,"<b>Eaux souterraines</b><br><span style=""background:#fff9bd;color:#333;padding:2px 7px;border-radius:4px;font-weight:bold;font-size:0.85em"">Vigilance</span><br>du 27 sept. 2026 au 31 oct. 2026<br><small>Zone : Bassin du ruisseau de Gaudeberts</small>",27 sept. 2026
5648597,Bassin de la Manse,37,Indre-et-Loire,SOU,vigilance,Vigilance,1,2026-09-27,2026-10-31,Arrêté du 25 SEPTEMBRE 2026,"<b>Eaux souterraines</b><br><span style=""background:#fff9bd;color:#333;padding:2px 7px;border-radius:4px;font-weight:bold;font-size:0.85em"">Vigilance</span><br>du 27 sept. 2026 au 31 oct. 2026<br><small>Zone : Bassin de la Manse</small>",27 sept. 2026
5645996,Var,04,Alpes-de-Haute-Provence,SOU,vigilance,Vigilance,1,2026-09-25,2026-10-31,2026-268-007,"<b>Eaux souterraines</b><br><span style=""background:#fff9bd;color:#333;padding:2px 7px;border-radius:4px;font-weight:bold;font-size:0.85em"">Vigilance</span><br>du 25 sept. 2026 au 31 oct. 2026<br><small>Zone : Var</small>",27 sept. 2026
5646002,Verdon aval,04,Alpes-de-Haute-Provence,SOU,vigilance,Vigilance,1,2026-09-25,2026-10-31,2026-268-007,"<b>Eaux souterraines</b><br><span style=""background:#fff9bd;color:#333;padding:2px 7px;border-radius:4px;font-weight:bold;font-size:0.85em"">Vigilance</span><br>du 25 sept. 2026 au 31 oct. 2026<br><small>Zone : Verdon aval</small>",27 sept. 2026
5646051,Bassin Haute-Romanche,05,Hautes-Alpes,SOU,vigilance,Vigilance,1,2026-09-02,2026-10-31,AP sécheresse  Levée des mesures sécheresse,"<b>Eaux souterraines</b><br><span style=""background:#fff9bd;color:#333;padding:2px 7px;border-radius:4px;font-weight:bold;font-size:0.85em"">Vigilance</span><br>du 2 sept. 2026 au 31 oct. 2026<br><small>Zone : Bassin Haute-Romanche</small>",27 sept. 2026
5646053,Bassin Meouge partie 05,05,Hautes-Alpes,SOU,vigilance,Vigilance,1,2026-09-02,2026-10-31,AP sécheresse  Levée des mesures sécheresse,"<b>Eaux souterraines</b><br><span style=""background:#fff9bd;color:#333;padding:2px 7px;border-radius:4px;font-weight:bold;font-size:0.85em"">Vigilance</span><br>du 2 sept. 2026 au 31 oct. 2026<br><small>Zone : Bassin Meouge partie 05</small>",27 sept. 2026
5646005,Buëch,04,Alpes-de-Haute-Provence,SOU,vigilance,Vigilance,1,2026-09-25,2026-10-31,2026-268-007,"<b>Eaux souterraines</b><br><span style=""background:#fff9bd;color:#333;padding:2px 7px;border-radius:4px;font-weight:bold;font-size:0.85em"">Vigilance</span><br>du 25 sept. 2026 au 31 oct. 2026<br><small>Zone : Buëch</small>",27 sept. 2026
5646007,Blanche,04,Alpes-de-Haute-Provence,SOU,vigilance,Vigilance,1,2026-09-25,2026-10-31,2026-268-007,"<b>Eaux souterraines</b><br><span style=""background:#fff9bd;color:#333;padding:2px 7px;border-radius:4px;font-weight:bold;font-size:0.85em"">Vigilance</span><br>du 25 sept. 2026 au 31 oct. 2026<br><small>Zone : Blanche</small>",27 sept. 2026
5646008,Durance,04,Alpes-de-Haute-Provence,SOU,vigilance,Vigilance,1,2026-09-25,2026-10-31,2026-268-007,"<b>Eaux souterraines</b><br><span style=""background:#fff9bd;color:#333;padding:2px 7px;border-radius:4px;font-weight:bold;font-size:0.85em"">Vigilance</span><br>du 25 sept. 2026 au 31 oct. 2026<br><small>Zone : Durance</small>",27 sept. 2026
5646012,Ubaye,04,Alpes-de-Haute-Provence,SOU,vigilance,Vigilance,1,2026-09-25,2026-10-31,2026-268-007,"<b>Eaux souterraines</b><br><span style=""background:#fff9bd;color:#333;padding:2px 7px;border-radius:4px;font-weight:bold;font-size:0.85em"">Vigilance</span><br>du 25 sept. 2026 au 31 oct. 2026<br><small>Zone : Ubaye</small>",27 sept. 2026
5646015,Bléone,04,Alpes-de-Haute-Provence,SOU,vigilance,Vigilance,1,2026-09-25,2026-10-31,2026-268-007,"<b>Eaux souterraines</b><br><span style=""background:#fff9bd;color:#333;padding:2px 7px;border-radius:4px;font-weight:bold;font-size:0.85em"">Vigilance</span><br>du 25 sept. 2026 au 31 oct. 2026<br><small>Zone : Bléone</small>",27 sept. 2026
5646018,Jabron,04,Alpes-de-Haute-Provence,SOU,vigilance,Vigilance,1,2026-09-25,2026-10-31,2026-268-007,"<b>Eaux souterraines</b><br><span style=""background:#fff9bd;color:#333;padding:2px 7px;border-radius:4px;font-weight:bold;font-size:0.85em"">Vigilance</span><br>du 25 sept. 2026 au 31 oct. 2026<br><small>Zone : Jabron</small>",27 sept. 2026
5646030,Sasse,04,Alpes-de-Haute-Provence,SOU,vigilance,Vigilance,1,2026-09-25,2026-10-31,2026-268-007,"<b>Eaux souterraines</b><br><span style=""background:#fff9bd;color:#333;padding:2px 7px;border-radius:4px;font-weight:bold;font-size:0.85em"">Vigilance</span><br>du 25 sept. 2026 au 31 oct. 2026<br><small>Zone : Sasse</small>",27 sept. 2026
5648698,Bièvre-Liers-Valloire (spé sout.),38,Isère,SOU,vigilance,Vigilance,1,2026-08-24,2026-09-30,38-2026-08-20-00010_et_26-2026-08-21-00002 [BLV],"<b>Eaux souterraines</b><br><span style=""background:#fff9bd;color:#333;padding:2px 7px;border-radius:4px;font-weight:bold;font-size:0.85em"">Vigilance</span><br>du 24 août 2026 au 30 sept. 2026<br><small>Zone : Bièvre-Liers-Valloire (spé sout.)</small>",27 sept. 2026
5649363,Seille,39,Jura,SOU,vigilance,Vigilance,1,2026-09-25,2026-12-25,39-2026-09-25-0001,"<b>Eaux souterraines</b><br><span style=""background:#fff9bd;color:#333;padding:2px 7px;border-radius:4px;font-weight:bold;font-size:0.85em"">Vigilance</span><br>du 25 sept. 2026 au 25 déc. 2026<br><small>Zone : Seille</small>",27 sept. 2026
5648691,Sanne-Varèze-4 Vallées (spé sout.),38,Isère,SOU,vigilance,Vigilance,1,2026-08-20,2026-09-30,38-2026-08-20-00004 [Isère],"<b>Eaux souterraines</b><br><span style=""background:#fff9bd;color:#333;padding:2px 7px;border-radius:4px;font-weight:bold;font-size:0.85em"">Vigilance</span><br>du 20 août 2026 au 30 sept. 2026<br><small>Zone : Sanne-Varèze-4 Vallées (spé sout.)</small>",27 sept. 2026
5652587,BV du Gave de Pau,65,Hautes-Pyrénées,SOU,vigilance,Vigilance,1,2026-07-23,2026-10-31,65-2026-07-22-00007,"<b>Eaux souterraines</b><br><span style=""background:#fff9bd;color:#333;padding:2px 7px;border-radius:4px;font-weight:bold;font-size:0.85em"">Vigilance</span><br>du 23 juil. 2026 au 31 oct. 2026<br><small>Zone : BV du Gave de Pau</small>",27 sept. 2026
5652623,nappe du Ried centre Alsace - secteur 1 (Nord),67,Bas-Rhin,SOU,vigilance,Vigilance,1,2026-09-09,2026-10-31,9 septembre 2026,"<b>Eaux souterraines</b><br><span style=""background:#fff9bd;color:#333;padding:2px 7px;border-radius:4px;font-weight:bold;font-size:0.85em"">Vigilance</span><br>du 9 sept. 2026 au 31 oct. 2026<br><small>Zone : nappe du Ried centre Alsace - secteur 1 (Nord)</small>",27 sept. 2026
5652624,nappe du Ried centre Alsace - secteur 4 (Sud Est) - partie dpt 67,67,Bas-Rhin,SOU,vigilance,Vigilance,1,2026-09-09,2026-10-31,9 septembre 2026,"<b>Eaux souterraines</b><br><span style=""background:#fff9bd;color:#333;padding:2px 7px;border-radius:4px;font-weight:bold;font-size:0.85em"">Vigilance</span><br>du 9 sept. 2026 au 31 oct. 2026<br><small>Zone : nappe du Ried centre Alsace - secteur 4 (Sud Est) - partie dpt 67</small>",27 sept. 2026
5652625,nappe du Ried centre Alsace - secteur 2 (centre / plateau),67,Bas-Rhin,SOU,vigilance,Vigilance,1,2026-09-09,2026-10-31,9 septembre 2026,"<b>Eaux souterraines</b><br><span style=""background:#fff9bd;color:#333;padding:2px 7px;border-radius:4px;font-weight:bold;font-size:0.85em"">Vigilance</span><br>du 9 sept. 2026 au 31 oct. 2026<br><small>Zone : nappe du Ried centre Alsace - secteur 2 (centre / plateau)</small>",27 sept. 2026
5653876,Bassin de la Meyne,84,Vaucluse,SOU,vigilance,Vigilance,1,2026-09-24,2026-10-31,AP 23 SEPT 2026 VAUCLUSE,"<b>Eaux souterraines</b><br><span style=""background:#fff9bd;color:#333;padding:2px 7px;border-radius:4px;font-weight:bold;font-size:0.85em"">Vigilance</span><br>du 24 sept. 2026 au 31 oct. 2026<br><small>Zone : Bassin de la Meyne</small>",27 sept. 2026
5653841,Durance,83,Var,SOU,vigilance,Vigilance,1,2026-06-30,,DDTM/SEBIO/2026-134,"<b>Eaux souterraines</b><br><span style=""background:#fff9bd;color:#333;padding:2px 7px;border-radius:4px;font-weight:bold;font-size:0.85em"">Vigilance</span><br>depuis le 30 juin 2026<br><small>Zone : Durance</small>",27 sept. 2026
5653843,Huveaune amont,83,Var,SOU,vigilance,Vigilance,1,2026-06-30,,DDTM/SEBIO/2026-134,"<b>Eaux souterraines</b><br><span style=""background:#fff9bd;color:#333;padding:2px 7px;border-radius:4px;font-weight:bold;font-size:0.85em"">Vigilance</span><br>depuis le 30 juin 2026<br><small>Zone : Huveaune amont</small>",27 sept. 2026
5653844,Verdon,83,Var,SOU,vigilance,Vigilance,1,2026-06-30,,DDTM/SEBIO/2026-134,"<b>Eaux souterraines</b><br><span style=""background:#fff9bd;color:#333;padding:2px 7px;border-radius:4px;font-weight:bold;font-size:0.85em"">Vigilance</span><br>depuis le 30 juin 2026<br><small>Zone : Verdon</small>",27 sept. 2026
5653846,Fleuves côtiers Ouest,83,Var,SOU,vigilance,Vigilance,1,2026-06-30,,DDTM/SEBIO/2026-134,"<b>Eaux souterraines</b><br><span style=""background:#fff9bd;color:#333;padding:2px 7px;border-radius:4px;font-weight:bold;font-size:0.85em"">Vigilance</span><br>depuis le 30 juin 2026<br><small>Zone : Fleuves côtiers Ouest</small>",27 sept. 2026
5653848,Nappe basse vallée de l'Argens,83,Var,SOU,vigilance,Vigilance,1,2026-06-30,,DDTM/SEBIO/2026-134,"<b>Eaux souterraines</b><br><span style=""background:#fff9bd;color:#333;padding:2px 7px;border-radius:4px;font-weight:bold;font-size:0.85em"">Vigilance</span><br>depuis le 30 juin 2026<br><small>Zone : Nappe basse vallée de l'Argens</small>",27 sept. 2026
5653849,Nappe Giscle-Môle,83,Var,SOU,vigilance,Vigilance,1,2026-06-30,,DDTM/SEBIO/2026-134,"<b>Eaux souterraines</b><br><span style=""background:#fff9bd;color:#333;padding:2px 7px;border-radius:4px;font-weight:bold;font-size:0.85em"">Vigilance</span><br>depuis le 30 juin 2026<br><small>Zone : Nappe Giscle-Môle</small>",27 sept. 2026
5653892,Bassin de l'Ouvèze provençale,84,Vaucluse,SOU,vigilance,Vigilance,1,2026-07-28,2026-10-31,AIP-28 juillet 2026  VIGILANCE OUVEZE PROVENCAL,"<b>Eaux souterraines</b><br><span style=""background:#fff9bd;color:#333;padding:2px 7px;border-radius:4px;font-weight:bold;font-size:0.85em"">Vigilance</span><br>du 28 juil. 2026 au 31 oct. 2026<br><small>Zone : Bassin de l'Ouvèze provençale</small>",27 sept. 2026
5653882,Bassin du Rhône,84,Vaucluse,SOU,vigilance,Vigilance,1,2026-09-24,2026-10-31,AP 23 SEPT 2026 VAUCLUSE,"<b>Eaux souterraines</b><br><span style=""background:#fff9bd;color:#333;padding:2px 7px;border-radius:4px;font-weight:bold;font-size:0.85em"">Vigilance</span><br>du 24 sept. 2026 au 31 oct. 2026<br><small>Zone : Bassin du Rhône</small>",27 sept. 2026
5653915,Nappe de la Vendée Est,85,Vendée,SOU,vigilance,Vigilance,1,2026-09-14,2026-09-27,26-DDTM85-578,"<b>Eaux souterraines</b><br><span style=""background:#fff9bd;color:#333;padding:2px 7px;border-radius:4px;font-weight:bold;font-size:0.85em"">Vigilance</span><br>du 14 sept. 2026 au 27 sept. 2026<br><small>Zone : Nappe de la Vendée Est</small>",27 sept. 2026
5653916,Nappe du Lay Est,85,Vendée,SOU,vigilance,Vigilance,1,2026-09-14,2026-09-27,26-DDTM85-578,"<b>Eaux souterraines</b><br><span style=""background:#fff9bd;color:#333;padding:2px 7px;border-radius:4px;font-weight:bold;font-size:0.85em"">Vigilance</span><br>du 14 sept. 2026 au 27 sept. 2026<br><small>Zone : Nappe du Lay Est</small>",27 sept. 2026
5653917,Nappe de la Vendée Centre,85,Vendée,SOU,vigilance,Vigilance,1,2026-09-14,2026-09-27,26-DDTM85-578,"<b>Eaux souterraines</b><br><span style=""background:#fff9bd;color:#333;padding:2px 7px;border-radius:4px;font-weight:bold;font-size:0.85em"">Vigilance</span><br>du 14 sept. 2026 au 27 sept. 2026<br><small>Zone : Nappe de la Vendée Centre</small>",27 sept. 2026
5653919,Nappe des Autises,85,Vendée,SOU,vigilance,Vigilance,1,2026-09-14,2026-09-27,26-DDTM85-578,"<b>Eaux souterraines</b><br><span style=""background:#fff9bd;color:#333;padding:2px 7px;border-radius:4px;font-weight:bold;font-size:0.85em"">Vigilance</span><br>du 14 sept. 2026 au 27 sept. 2026<br><small>Zone : Nappe des Autises</small>",27 sept. 2026
5653948,Bassin de la Charente - secteur Charente Amont,86,Vienne,SOU,vigilance,Vigilance,1,2026-09-21,2026-11-01,AP_2026_DDT_SEB_520_Charente_Amont,"<b>Eaux souterraines</b><br><span style=""background:#fff9bd;color:#333;padding:2px 7px;border-radius:4px;font-weight:bold;font-size:0.85em"">Vigilance</span><br>du 21 sept. 2026 au 1 nov. 2026<br><small>Zone : Bassin de la Charente - secteur Charente Amont</small>",27 sept. 2026
5654004,Bassin Charente,87,Haute-Vienne,SOU,vigilance,Vigilance,1,2026-07-10,2026-10-31,2026_03_CR_Bandiat-Tardoire_V_Charente,"<b>Eaux souterraines</b><br><span style=""background:#fff9bd;color:#333;padding:2px 7px;border-radius:4px;font-weight:bold;font-size:0.85em"">Vigilance</span><br>du 10 juil. 2026 au 31 oct. 2026<br><small>Zone : Bassin Charente</small>",27 sept. 2026
5649392,Luy de France réalimenté-40,40,Landes,SOU,vigilance,Vigilance,1,2026-09-26,2026-10-31,AP ACI ADOUR 2026-1246,"<b>Eaux souterraines</b><br><span style=""background:#fff9bd;color:#333;padding:2px 7px;border-radius:4px;font-weight:bold;font-size:0.85em"">Vigilance</span><br>du 26 sept. 2026 au 31 oct. 2026<br><small>Zone : Luy de France réalimenté-40</small>",27 sept. 2026
5649399,Louts réalimenté Hagetmau,40,Landes,SOU,vigilance,Vigilance,1,2026-09-26,2026-10-31,AP ACI ADOUR 2026-1246,"<b>Eaux souterraines</b><br><span style=""background:#fff9bd;color:#333;padding:2px 7px;border-radius:4px;font-weight:bold;font-size:0.85em"">Vigilance</span><br>du 26 sept. 2026 au 31 oct. 2026<br><small>Zone : Louts réalimenté Hagetmau</small>",27 sept. 2026
5649527,Bassin AG6a,40,Landes,SOU,vigilance,Vigilance,1,2026-09-19,2026-10-31,AP ACD Landes 2026-1227,"<b>Eaux souterraines</b><br><span style=""background:#fff9bd;color:#333;padding:2px 7px;border-radius:4px;font-weight:bold;font-size:0.85em"">Vigilance</span><br>du 19 sept. 2026 au 31 oct. 2026<br><small>Zone : Bassin AG6a</small>",27 sept. 2026
5649441,Lees réalimenté Bernède-40,40,Landes,SOU,vigilance,Vigilance,1,2026-09-26,2026-10-31,AP ACI ADOUR 2026-1246,"<b>Eaux souterraines</b><br><span style=""background:#fff9bd;color:#333;padding:2px 7px;border-radius:4px;font-weight:bold;font-size:0.85em"">Vigilance</span><br>du 26 sept. 2026 au 31 oct. 2026<br><small>Zone : Lees réalimenté Bernède-40</small>",27 sept. 2026
5649496,Adour réalimenté Amont Saint-Vincent-de-Paul,40,Landes,SOU,vigilance,Vigilance,1,2026-09-26,2026-10-31,AP ACI ADOUR 2026-1246,"<b>Eaux souterraines</b><br><span style=""background:#fff9bd;color:#333;padding:2px 7px;border-radius:4px;font-weight:bold;font-size:0.85em"">Vigilance</span><br>du 26 sept. 2026 au 31 oct. 2026<br><small>Zone : Adour réalimenté Amont Saint-Vincent-de-Paul</small>",27 sept. 2026
5649497,Bassin de l'Adour (Adour4-a),40,Landes,SOU,vigilance,Vigilance,1,2026-09-26,2026-10-31,AP ACI ADOUR 2026-1246,"<b>Eaux souterraines</b><br><span style=""background:#fff9bd;color:#333;padding:2px 7px;border-radius:4px;font-weight:bold;font-size:0.85em"">Vigilance</span><br>du 26 sept. 2026 au 31 oct. 2026<br><small>Zone : Bassin de l'Adour (Adour4-a)</small>",27 sept. 2026
5651684,bassin du Matz,60,Oise,SOU,vigilance,Vigilance,1,2026-09-15,,DDT60 - 20260915,"<b>Eaux souterraines</b><br><span style=""background:#fff9bd;color:#333;padding:2px 7px;border-radius:4px;font-weight:bold;font-size:0.85em"">Vigilance</span><br>depuis le 15 sept. 2026<br><small>Zone : bassin du Matz</small>",27 sept. 2026
5651681,bassin de l'Esches,60,Oise,SOU,vigilance,Vigilance,1,2026-09-15,,DDT60 - 20260915,"<b>Eaux souterraines</b><br><span style=""background:#fff9bd;color:#333;padding:2px 7px;border-radius:4px;font-weight:bold;font-size:0.85em"">Vigilance</span><br>depuis le 15 sept. 2026<br><small>Zone : bassin de l'Esches</small>",27 sept. 2026
5649437,Bassin de l'Adour (Adour3),40,Landes,SOU,vigilance,Vigilance,1,2026-09-26,2026-10-31,AP ACI ADOUR 2026-1246,"<b>Eaux souterraines</b><br><span style=""background:#fff9bd;color:#333;padding:2px 7px;border-radius:4px;font-weight:bold;font-size:0.85em"">Vigilance</span><br>du 26 sept. 2026 au 31 oct. 2026<br><small>Zone : Bassin de l'Adour (Adour3)</small>",27 sept. 2026
5649494,Douze - Réalimentation Cazaubon,40,Landes,SOU,vigilance,Vigilance,1,2026-09-26,2026-10-31,AP ACI ADOUR 2026-1246,"<b>Eaux souterraines</b><br><span style=""background:#fff9bd;color:#333;padding:2px 7px;border-radius:4px;font-weight:bold;font-size:0.85em"">Vigilance</span><br>du 26 sept. 2026 au 31 oct. 2026<br><small>Zone : Douze - Réalimentation Cazaubon</small>",27 sept. 2026
5651703,bassin du Thérain,60,Oise,SOU,vigilance,Vigilance,1,2026-09-15,,DDT60 - 20260915,"<b>Eaux souterraines</b><br><span style=""background:#fff9bd;color:#333;padding:2px 7px;border-radius:4px;font-weight:bold;font-size:0.85em"">Vigilance</span><br>depuis le 15 sept. 2026<br><small>Zone : bassin du Thérain</small>",27 sept. 2026
5646060,Bassin A(E)ygues partie 05,05,Hautes-Alpes,SOU,alerte,Alerte,2,2026-08-11,2026-10-31,05-2026-08-11-00005,"<b>Eaux souterraines</b><br><span style=""background:orange;color:#fff;padding:2px 7px;border-radius:4px;font-weight:bold;font-size:0.85em"">Alerte</span><br>du 11 août 2026 au 31 oct. 2026<br><small>Zone : Bassin A(E)ygues partie 05</small>",27 sept. 2026
5647964,Zone 3,2A,Corse-du-Sud,SOU,alerte,Alerte,2,2026-08-07,2026-10-31,2A-2026-08-07-00001,"<b>Eaux souterraines</b><br><span style=""background:orange;color:#fff;padding:2px 7px;border-radius:4px;font-weight:bold;font-size:0.85em"">Alerte</span><br>du 7 août 2026 au 31 oct. 2026<br><small>Zone : Zone 3</small>",27 sept. 2026
5647968,Zone 4,2A,Corse-du-Sud,SOU,alerte,Alerte,2,2026-08-07,2026-10-31,2A-2026-08-07-00001,"<b>Eaux souterraines</b><br><span style=""background:orange;color:#fff;padding:2px 7px;border-radius:4px;font-weight:bold;font-size:0.85em"">Alerte</span><br>du 7 août 2026 au 31 oct. 2026<br><small>Zone : Zone 4</small>",27 sept. 2026
5647970,Zone 5,2A,Corse-du-Sud,SOU,alerte,Alerte,2,2026-08-07,2026-10-31,2A-2026-08-07-00001,"<b>Eaux souterraines</b><br><span style=""background:orange;color:#fff;padding:2px 7px;border-radius:4px;font-weight:bold;font-size:0.85em"">Alerte</span><br>du 7 août 2026 au 31 oct. 2026<br><small>Zone : Zone 5</small>",27 sept. 2026
5645122,Plaine de l'Ain,01,Ain,SOU,alerte,Alerte,2,2026-08-20,2026-10-31,2026-07,"<b>Eaux souterraines</b><br><span style=""background:orange;color:#fff;padding:2px 7px;border-radius:4px;font-weight:bold;font-size:0.85em"">Alerte</span><br>du 20 août 2026 au 31 oct. 2026<br><small>Zone : Plaine de l'Ain</small>",27 sept. 2026
5650105,zone non couverte par l'arrêté cadre,57,Moselle,SOU,alerte,Alerte,2,2026-09-01,2026-09-30,2026-DDT/SABE/EAU N°80,"<b>Eaux souterraines</b><br><span style=""background:orange;color:#fff;padding:2px 7px;border-radius:4px;font-weight:bold;font-size:0.85em"">Alerte</span><br>du 1 sept. 2026 au 30 sept. 2026<br><small>Zone : zone non couverte par l'arrêté cadre</small>",27 sept. 2026
5647201,Secteur Touques - ESO,14,Calvados,SOU,alerte,Alerte,2,2026-09-11,2026-10-31,2026_06,"<b>Eaux souterraines</b><br><span style=""background:orange;color:#fff;padding:2px 7px;border-radius:4px;font-weight:bold;font-size:0.85em"">Alerte</span><br>du 11 sept. 2026 au 31 oct. 2026<br><small>Zone : Secteur Touques - ESO</small>",27 sept. 2026
5647996,Arre et Vis (sout),30,Gard,SOU,alerte,Alerte,2,2026-08-21,2026-10-31,30-2026-08-21-00001,"<b>Eaux souterraines</b><br><span style=""background:orange;color:#fff;padding:2px 7px;border-radius:4px;font-weight:bold;font-size:0.85em"">Alerte</span><br>du 21 août 2026 au 31 oct. 2026<br><small>Zone : Arre et Vis (sout)</small>",27 sept. 2026
5653618,Boivre  - eaux souterraines,79,Deux-Sèvres,SOU,alerte,Alerte,2,2026-07-24,2026-10-31,20260723_AP_Clain,"<b>Eaux souterraines</b><br><span style=""background:orange;color:#fff;padding:2px 7px;border-radius:4px;font-weight:bold;font-size:0.85em"">Alerte</span><br>du 24 juil. 2026 au 31 oct. 2026<br><small>Zone : Boivre  - eaux souterraines</small>",27 sept. 2026
5653620,Auxance  - eaux souterraines,79,Deux-Sèvres,SOU,alerte,Alerte,2,2026-07-24,2026-10-31,20260723_AP_Clain,"<b>Eaux souterraines</b><br><span style=""background:orange;color:#fff;padding:2px 7px;border-radius:4px;font-weight:bold;font-size:0.85em"">Alerte</span><br>du 24 juil. 2026 au 31 oct. 2026<br><small>Zone : Auxance  - eaux souterraines</small>",27 sept. 2026
5653622,Dive du Sud - eaux souterraines,79,Deux-Sèvres,SOU,alerte,Alerte,2,2026-07-24,2026-10-31,20260723_AP_Clain,"<b>Eaux souterraines</b><br><span style=""background:orange;color:#fff;padding:2px 7px;border-radius:4px;font-weight:bold;font-size:0.85em"">Alerte</span><br>du 24 juil. 2026 au 31 oct. 2026<br><small>Zone : Dive du Sud - eaux souterraines</small>",27 sept. 2026
5653635,Thouet Aval - eaux souterraines,79,Deux-Sèvres,SOU,alerte,Alerte,2,2026-09-12,2026-10-31,20260911_AP_TTA,"<b>Eaux souterraines</b><br><span style=""background:orange;color:#fff;padding:2px 7px;border-radius:4px;font-weight:bold;font-size:0.85em"">Alerte</span><br>du 12 sept. 2026 au 31 oct. 2026<br><small>Zone : Thouet Aval - eaux souterraines</small>",27 sept. 2026
5653636,Thouet Amont - eaux souterraines,79,Deux-Sèvres,SOU,alerte,Alerte,2,2026-09-12,2026-10-31,20260911_AP_TTA,"<b>Eaux souterraines</b><br><span style=""background:orange;color:#fff;padding:2px 7px;border-radius:4px;font-weight:bold;font-size:0.85em"">Alerte</span><br>du 12 sept. 2026 au 31 oct. 2026<br><small>Zone : Thouet Amont - eaux souterraines</small>",27 sept. 2026
5645139,Ourcq souterraine,02,Aisne,SOU,alerte,Alerte,2,2026-08-26,,ENV/PE/2026/046,"<b>Eaux souterraines</b><br><span style=""background:orange;color:#fff;padding:2px 7px;border-radius:4px;font-weight:bold;font-size:0.85em"">Alerte</span><br>depuis le 26 août 2026<br><small>Zone : Ourcq souterraine</small>",27 sept. 2026
5645148,Marne souterraine,02,Aisne,SOU,alerte,Alerte,2,2026-08-26,,ENV/PE/2026/046,"<b>Eaux souterraines</b><br><span style=""background:orange;color:#fff;padding:2px 7px;border-radius:4px;font-weight:bold;font-size:0.85em"">Alerte</span><br>depuis le 26 août 2026<br><small>Zone : Marne souterraine</small>",27 sept. 2026
5645146,Aisne Amont souterraine,02,Aisne,SOU,alerte,Alerte,2,2026-08-26,,ENV/PE/2026/046,"<b>Eaux souterraines</b><br><span style=""background:orange;color:#fff;padding:2px 7px;border-radius:4px;font-weight:bold;font-size:0.85em"">Alerte</span><br>depuis le 26 août 2026<br><small>Zone : Aisne Amont souterraine</small>",27 sept. 2026
5645136,Surmelin souterraine,02,Aisne,SOU,alerte,Alerte,2,2026-08-26,,ENV/PE/2026/046,"<b>Eaux souterraines</b><br><span style=""background:orange;color:#fff;padding:2px 7px;border-radius:4px;font-weight:bold;font-size:0.85em"">Alerte</span><br>depuis le 26 août 2026<br><small>Zone : Surmelin souterraine</small>",27 sept. 2026
5647296,Bassin de l'Arnoult,17,Charente-Maritime,SOU,alerte,Alerte,2,2026-09-18,2026-10-31,26B599 Charente,"<b>Eaux souterraines</b><br><span style=""background:orange;color:#fff;padding:2px 7px;border-radius:4px;font-weight:bold;font-size:0.85em"">Alerte</span><br>du 18 sept. 2026 au 31 oct. 2026<br><small>Zone : Bassin de l'Arnoult</small>",27 sept. 2026
5646146,Ardèche,07,Ardèche,SOU,alerte,Alerte,2,2026-09-21,2026-10-31,07-2026-09-21-00005,"<b>Eaux souterraines</b><br><span style=""background:orange;color:#fff;padding:2px 7px;border-radius:4px;font-weight:bold;font-size:0.85em"">Alerte</span><br>du 21 sept. 2026 au 31 oct. 2026<br><small>Zone : Ardèche</small>",27 sept. 2026
5646089,Bassin versant de la Roya amont,06,Alpes-Maritimes,SOU,alerte,Alerte,2,2026-08-14,2026-10-31,AP-2026-110,"<b>Eaux souterraines</b><br><span style=""background:orange;color:#fff;padding:2px 7px;border-radius:4px;font-weight:bold;font-size:0.85em"">Alerte</span><br>du 14 août 2026 au 31 oct. 2026<br><small>Zone : Bassin versant de la Roya amont</small>",27 sept. 2026
5652796,Genevois,74,Haute-Savoie,SOU,alerte,Alerte,2,2026-08-20,2026-09-30,DDT-2026-1031,"<b>Eaux souterraines</b><br><span style=""background:orange;color:#fff;padding:2px 7px;border-radius:4px;font-weight:bold;font-size:0.85em"">Alerte</span><br>du 20 août 2026 au 30 sept. 2026<br><small>Zone : Genevois</small>",27 sept. 2026
5652777,Flon - Aiguebelette,73,Savoie,SOU,alerte,Alerte,2,2026-09-25,2026-10-30,2026-1220,"<b>Eaux souterraines</b><br><span style=""background:orange;color:#fff;padding:2px 7px;border-radius:4px;font-weight:bold;font-size:0.85em"">Alerte</span><br>du 25 sept. 2026 au 30 oct. 2026<br><small>Zone : Flon - Aiguebelette</small>",27 sept. 2026
5652783,Beaufortain - Val d'Arly,73,Savoie,SOU,alerte,Alerte,2,2026-09-25,2026-10-30,2026-1220,"<b>Eaux souterraines</b><br><span style=""background:orange;color:#fff;padding:2px 7px;border-radius:4px;font-weight:bold;font-size:0.85em"">Alerte</span><br>du 25 sept. 2026 au 30 oct. 2026<br><small>Zone : Beaufortain - Val d'Arly</small>",27 sept. 2026
5652784,Tarentaise,73,Savoie,SOU,alerte,Alerte,2,2026-09-25,2026-10-30,2026-1220,"<b>Eaux souterraines</b><br><span style=""background:orange;color:#fff;padding:2px 7px;border-radius:4px;font-weight:bold;font-size:0.85em"">Alerte</span><br>du 25 sept. 2026 au 30 oct. 2026<br><small>Zone : Tarentaise</small>",27 sept. 2026
5652786,Maurienne,73,Savoie,SOU,alerte,Alerte,2,2026-09-25,2026-10-30,2026-1220,"<b>Eaux souterraines</b><br><span style=""background:orange;color:#fff;padding:2px 7px;border-radius:4px;font-weight:bold;font-size:0.85em"">Alerte</span><br>du 25 sept. 2026 au 30 oct. 2026<br><small>Zone : Maurienne</small>",27 sept. 2026
5647021,12. Nappes plioquaternaires du Roussillon,11,Aude,SOU,alerte,Alerte,2,2026-09-18,2026-10-31,DDTM-SAFEB-2026-16,"<b>Eaux souterraines</b><br><span style=""background:orange;color:#fff;padding:2px 7px;border-radius:4px;font-weight:bold;font-size:0.85em"">Alerte</span><br>du 18 sept. 2026 au 31 oct. 2026<br><small>Zone : 12. Nappes plioquaternaires du Roussillon</small>",27 sept. 2026
5646113,Zone dépendant des bassins Roya aval et Vésubie,06,Alpes-Maritimes,SOU,alerte,Alerte,2,2026-08-14,2026-10-31,AP-2026-110,"<b>Eaux souterraines</b><br><span style=""background:orange;color:#fff;padding:2px 7px;border-radius:4px;font-weight:bold;font-size:0.85em"">Alerte</span><br>du 14 août 2026 au 31 oct. 2026<br><small>Zone : Zone dépendant des bassins Roya aval et Vésubie</small>",27 sept. 2026
5647042,13. Bassin versant de l'Agly,11,Aude,SOU,alerte,Alerte,2,2026-09-18,2026-10-31,DDTM-SAFEB-2026-16,"<b>Eaux souterraines</b><br><span style=""background:orange;color:#fff;padding:2px 7px;border-radius:4px;font-weight:bold;font-size:0.85em"">Alerte</span><br>du 18 sept. 2026 au 31 oct. 2026<br><small>Zone : 13. Bassin versant de l'Agly</small>",27 sept. 2026
5647048,7. Secteur Cesse et affluents rive gauche de l'Aude sur ce secteur,11,Aude,SOU,alerte,Alerte,2,2026-09-18,2026-10-31,DDTM-SAFEB-2026-16,"<b>Eaux souterraines</b><br><span style=""background:orange;color:#fff;padding:2px 7px;border-radius:4px;font-weight:bold;font-size:0.85em"">Alerte</span><br>du 18 sept. 2026 au 31 oct. 2026<br><small>Zone : 7. Secteur Cesse et affluents rive gauche de l'Aude sur ce secteur</small>",27 sept. 2026
5647052,5. Secteur Berre et Rieu,11,Aude,SOU,alerte,Alerte,2,2026-09-18,2026-10-31,DDTM-SAFEB-2026-16,"<b>Eaux souterraines</b><br><span style=""background:orange;color:#fff;padding:2px 7px;border-radius:4px;font-weight:bold;font-size:0.85em"">Alerte</span><br>du 18 sept. 2026 au 31 oct. 2026<br><small>Zone : 5. Secteur Berre et Rieu</small>",27 sept. 2026
5647053,16. Nappe déconnectée de l'Hers-Vif,11,Aude,SOU,alerte,Alerte,2,2026-09-18,2026-10-31,DDTM-SAFEB-2026-16,"<b>Eaux souterraines</b><br><span style=""background:orange;color:#fff;padding:2px 7px;border-radius:4px;font-weight:bold;font-size:0.85em"">Alerte</span><br>du 18 sept. 2026 au 31 oct. 2026<br><small>Zone : 16. Nappe déconnectée de l'Hers-Vif</small>",27 sept. 2026
5647054,1. Axe réalimenté Aude amont,11,Aude,SOU,alerte,Alerte,2,2026-09-18,2026-10-31,DDTM-SAFEB-2026-16,"<b>Eaux souterraines</b><br><span style=""background:orange;color:#fff;padding:2px 7px;border-radius:4px;font-weight:bold;font-size:0.85em"">Alerte</span><br>du 18 sept. 2026 au 31 oct. 2026<br><small>Zone : 1. Axe réalimenté Aude amont</small>",27 sept. 2026
5645129,Aisne Aval souterraine,02,Aisne,SOU,alerte,Alerte,2,2026-08-26,,ENV/PE/2026/046,"<b>Eaux souterraines</b><br><span style=""background:orange;color:#fff;padding:2px 7px;border-radius:4px;font-weight:bold;font-size:0.85em"">Alerte</span><br>depuis le 26 août 2026<br><small>Zone : Aisne Aval souterraine</small>",27 sept. 2026
5652750,Veuve-Tusson,72,Sarthe,SOU,alerte,Alerte,2,2026-09-24,,AP n°13 du 22 09 2026,"<b>Eaux souterraines</b><br><span style=""background:orange;color:#fff;padding:2px 7px;border-radius:4px;font-weight:bold;font-size:0.85em"">Alerte</span><br>depuis le 24 sept. 2026<br><small>Zone : Veuve-Tusson</small>",27 sept. 2026
5645130,Escaut souterraine,02,Aisne,SOU,alerte,Alerte,2,2026-08-26,,ENV/PE/2026/046,"<b>Eaux souterraines</b><br><span style=""background:orange;color:#fff;padding:2px 7px;border-radius:4px;font-weight:bold;font-size:0.85em"">Alerte</span><br>depuis le 26 août 2026<br><small>Zone : Escaut souterraine</small>",27 sept. 2026
5652812,Arve amont,74,Haute-Savoie,SOU,alerte,Alerte,2,2026-08-20,2026-09-30,DDT-2026-1031,"<b>Eaux souterraines</b><br><span style=""background:orange;color:#fff;padding:2px 7px;border-radius:4px;font-weight:bold;font-size:0.85em"">Alerte</span><br>du 20 août 2026 au 30 sept. 2026<br><small>Zone : Arve amont</small>",27 sept. 2026
5653658,BASSIN DE LA BRESLE,80,Somme,SOU,alerte,Alerte,2,2026-08-21,,Vigi-Authie-Nièvre_Alerte-TsSecteurs_AR-Maye,"<b>Eaux souterraines</b><br><span style=""background:orange;color:#fff;padding:2px 7px;border-radius:4px;font-weight:bold;font-size:0.85em"">Alerte</span><br>depuis le 21 août 2026<br><small>Zone : BASSIN DE LA BRESLE</small>",27 sept. 2026
5653659,BASSIN DE LA  SOMME-AVAL,80,Somme,SOU,alerte,Alerte,2,2026-08-21,,Vigi-Authie-Nièvre_Alerte-TsSecteurs_AR-Maye,"<b>Eaux souterraines</b><br><span style=""background:orange;color:#fff;padding:2px 7px;border-radius:4px;font-weight:bold;font-size:0.85em"">Alerte</span><br>depuis le 21 août 2026<br><small>Zone : BASSIN DE LA  SOMME-AVAL</small>",27 sept. 2026
5654034,Zone de gestion Nord Yonne,89,Yonne,SOU,alerte,Alerte,2,2026-09-04,2026-12-31,DDT/SEE/2026/0072,"<b>Eaux souterraines</b><br><span style=""background:orange;color:#fff;padding:2px 7px;border-radius:4px;font-weight:bold;font-size:0.85em"">Alerte</span><br>du 4 sept. 2026 au 31 déc. 2026<br><small>Zone : Zone de gestion Nord Yonne</small>",27 sept. 2026
5650014,bassin Sarthe amont,53,Mayenne,SOU,alerte,Alerte,2,2026-09-23,,AP_N°11_DDT53_22092026,"<b>Eaux souterraines</b><br><span style=""background:orange;color:#fff;padding:2px 7px;border-radius:4px;font-weight:bold;font-size:0.85em"">Alerte</span><br>depuis le 23 sept. 2026<br><small>Zone : bassin Sarthe amont</small>",27 sept. 2026
5654032,Zone de gestion Yonne Aval,89,Yonne,SOU,alerte,Alerte,2,2026-09-04,2026-12-31,DDT/SEE/2026/0072,"<b>Eaux souterraines</b><br><span style=""background:orange;color:#fff;padding:2px 7px;border-radius:4px;font-weight:bold;font-size:0.85em"">Alerte</span><br>du 4 sept. 2026 au 31 déc. 2026<br><small>Zone : Zone de gestion Yonne Aval</small>",27 sept. 2026
5645150,Oise Moyenne - Ailette souterraine,02,Aisne,SOU,alerte,Alerte,2,2026-08-26,,ENV/PE/2026/046,"<b>Eaux souterraines</b><br><span style=""background:orange;color:#fff;padding:2px 7px;border-radius:4px;font-weight:bold;font-size:0.85em"">Alerte</span><br>depuis le 26 août 2026<br><small>Zone : Oise Moyenne - Ailette souterraine</small>",27 sept. 2026
5654053,Zone de gestion Seine Est,89,Yonne,SOU,alerte,Alerte,2,2026-09-04,2026-12-31,DDT/SEE/2026/0072,"<b>Eaux souterraines</b><br><span style=""background:orange;color:#fff;padding:2px 7px;border-radius:4px;font-weight:bold;font-size:0.85em"">Alerte</span><br>du 4 sept. 2026 au 31 déc. 2026<br><small>Zone : Zone de gestion Seine Est</small>",27 sept. 2026
5646087,Bassin versant de l'Artuby,06,Alpes-Maritimes,SOU,alerte,Alerte,2,2026-08-14,2026-10-31,AP-2026-110,"<b>Eaux souterraines</b><br><span style=""background:orange;color:#fff;padding:2px 7px;border-radius:4px;font-weight:bold;font-size:0.85em"">Alerte</span><br>du 14 août 2026 au 31 oct. 2026<br><small>Zone : Bassin versant de l'Artuby</small>",27 sept. 2026
5646105,Bassin versant de la Roya aval,06,Alpes-Maritimes,SOU,alerte,Alerte,2,2026-08-14,2026-10-31,AP-2026-110,"<b>Eaux souterraines</b><br><span style=""background:orange;color:#fff;padding:2px 7px;border-radius:4px;font-weight:bold;font-size:0.85em"">Alerte</span><br>du 14 août 2026 au 31 oct. 2026<br><small>Zone : Bassin versant de la Roya aval</small>",27 sept. 2026
5646106,Bassin versant de l'Estéron,06,Alpes-Maritimes,SOU,alerte,Alerte,2,2026-08-14,2026-10-31,AP-2026-110,"<b>Eaux souterraines</b><br><span style=""background:orange;color:#fff;padding:2px 7px;border-radius:4px;font-weight:bold;font-size:0.85em"">Alerte</span><br>du 14 août 2026 au 31 oct. 2026<br><small>Zone : Bassin versant de l'Estéron</small>",27 sept. 2026
5646132,Zone dépendant des bassins Var Central et Estéron,06,Alpes-Maritimes,SOU,alerte,Alerte,2,2026-08-14,2026-10-31,AP-2026-110,"<b>Eaux souterraines</b><br><span style=""background:orange;color:#fff;padding:2px 7px;border-radius:4px;font-weight:bold;font-size:0.85em"">Alerte</span><br>du 14 août 2026 au 31 oct. 2026<br><small>Zone : Zone dépendant des bassins Var Central et Estéron</small>",27 sept. 2026
5653653,BASSIN DE LAVRE,80,Somme,SOU,alerte,Alerte,2,2026-08-21,,Vigi-Authie-Nièvre_Alerte-TsSecteurs_AR-Maye,"<b>Eaux souterraines</b><br><span style=""background:orange;color:#fff;padding:2px 7px;border-radius:4px;font-weight:bold;font-size:0.85em"">Alerte</span><br>depuis le 21 août 2026<br><small>Zone : BASSIN DE LAVRE</small>",27 sept. 2026
5653655,BASSIN DE LA  SELLE,80,Somme,SOU,alerte,Alerte,2,2026-08-21,,Vigi-Authie-Nièvre_Alerte-TsSecteurs_AR-Maye,"<b>Eaux souterraines</b><br><span style=""background:orange;color:#fff;padding:2px 7px;border-radius:4px;font-weight:bold;font-size:0.85em"">Alerte</span><br>depuis le 21 août 2026<br><small>Zone : BASSIN DE LA  SELLE</small>",27 sept. 2026
5653656,BASSIN DE LA  SOMME-AMONT,80,Somme,SOU,alerte,Alerte,2,2026-08-21,,Vigi-Authie-Nièvre_Alerte-TsSecteurs_AR-Maye,"<b>Eaux souterraines</b><br><span style=""background:orange;color:#fff;padding:2px 7px;border-radius:4px;font-weight:bold;font-size:0.85em"">Alerte</span><br>depuis le 21 août 2026<br><small>Zone : BASSIN DE LA  SOMME-AMONT</small>",27 sept. 2026
5653657,BASSIN DE L ANCRE,80,Somme,SOU,alerte,Alerte,2,2026-08-21,,Vigi-Authie-Nièvre_Alerte-TsSecteurs_AR-Maye,"<b>Eaux souterraines</b><br><span style=""background:orange;color:#fff;padding:2px 7px;border-radius:4px;font-weight:bold;font-size:0.85em"">Alerte</span><br>depuis le 21 août 2026<br><small>Zone : BASSIN DE L ANCRE</small>",27 sept. 2026
5653697,Le Tarn moyen du Rance à la confluence avec l’Agout,81,Tarn,SOU,alerte,Alerte,2,2026-09-12,2026-10-31,260909,"<b>Eaux souterraines</b><br><span style=""background:orange;color:#fff;padding:2px 7px;border-radius:4px;font-weight:bold;font-size:0.85em"">Alerte</span><br>du 12 sept. 2026 au 31 oct. 2026<br><small>Zone : Le Tarn moyen du Rance à la confluence avec l’Agout</small>",27 sept. 2026
5647125,Affluents rive gauche du Tarn médian,12,Aveyron,SOU,alerte,Alerte,2,2026-08-15,2026-10-31,MN-12-2026-10,"<b>Eaux souterraines</b><br><span style=""background:orange;color:#fff;padding:2px 7px;border-radius:4px;font-weight:bold;font-size:0.85em"">Alerte</span><br>du 15 août 2026 au 31 oct. 2026<br><small>Zone : Affluents rive gauche du Tarn médian</small>",27 sept. 2026
5647117,Basse vallée de l'Aveyron,12,Aveyron,SOU,alerte,Alerte,2,2026-08-15,2026-10-31,MN-12-2026-10,"<b>Eaux souterraines</b><br><span style=""background:orange;color:#fff;padding:2px 7px;border-radius:4px;font-weight:bold;font-size:0.85em"">Alerte</span><br>du 15 août 2026 au 31 oct. 2026<br><small>Zone : Basse vallée de l'Aveyron</small>",27 sept. 2026
5647146,Arre,12,Aveyron,SOU,alerte,Alerte,2,2026-08-15,2026-10-31,MN-12-2026-10,"<b>Eaux souterraines</b><br><span style=""background:orange;color:#fff;padding:2px 7px;border-radius:4px;font-weight:bold;font-size:0.85em"">Alerte</span><br>du 15 août 2026 au 31 oct. 2026<br><small>Zone : Arre</small>",27 sept. 2026
5647156,Tarn médian,12,Aveyron,SOU,alerte,Alerte,2,2026-08-15,2026-10-31,MN-12-2026-10,"<b>Eaux souterraines</b><br><span style=""background:orange;color:#fff;padding:2px 7px;border-radius:4px;font-weight:bold;font-size:0.85em"">Alerte</span><br>du 15 août 2026 au 31 oct. 2026<br><small>Zone : Tarn médian</small>",27 sept. 2026
5647395,rivière Vézère (19),19,Corrèze,SOU,alerte,Alerte,2,2026-08-29,2026-10-31,Arrete_Correze_semaine_35,"<b>Eaux souterraines</b><br><span style=""background:orange;color:#fff;padding:2px 7px;border-radius:4px;font-weight:bold;font-size:0.85em"">Alerte</span><br>du 29 août 2026 au 31 oct. 2026<br><small>Zone : rivière Vézère (19)</small>",27 sept. 2026
5647301,Bassin de la Seugne,17,Charente-Maritime,SOU,alerte,Alerte,2,2026-09-18,2026-10-31,26B599 Charente,"<b>Eaux souterraines</b><br><span style=""background:orange;color:#fff;padding:2px 7px;border-radius:4px;font-weight:bold;font-size:0.85em"">Alerte</span><br>du 18 sept. 2026 au 31 oct. 2026<br><small>Zone : Bassin de la Seugne</small>",27 sept. 2026
5648131,Bassin versant de la lagune de l'étang de l'Or,34,Hérault,SOU,alerte,Alerte,2,2026-09-24,2026-10-31,DDTM34-2026-09-17516,"<b>Eaux souterraines</b><br><span style=""background:orange;color:#fff;padding:2px 7px;border-radius:4px;font-weight:bold;font-size:0.85em"">Alerte</span><br>du 24 sept. 2026 au 31 oct. 2026<br><small>Zone : Bassin versant de la lagune de l'étang de l'Or</small>",27 sept. 2026
5648141,Bassin versant de l'Hérault amont de la confluence avec la Vis jusqu’à la confluence avec la Lergue,34,Hérault,SOU,alerte,Alerte,2,2026-09-24,2026-10-31,DDTM34-2026-09-17516,"<b>Eaux souterraines</b><br><span style=""background:orange;color:#fff;padding:2px 7px;border-radius:4px;font-weight:bold;font-size:0.85em"">Alerte</span><br>du 24 sept. 2026 au 31 oct. 2026<br><small>Zone : Bassin versant de l'Hérault amont de la confluence avec la Vis jusqu’à la confluence avec la Lergue</small>",27 sept. 2026
5648146,Bassin versant du Lez et de la Mosson hors axe Lez soutenu,34,Hérault,SOU,alerte,Alerte,2,2026-09-24,2026-10-31,DDTM34-2026-09-17516,"<b>Eaux souterraines</b><br><span style=""background:orange;color:#fff;padding:2px 7px;border-radius:4px;font-weight:bold;font-size:0.85em"">Alerte</span><br>du 24 sept. 2026 au 31 oct. 2026<br><small>Zone : Bassin versant du Lez et de la Mosson hors axe Lez soutenu</small>",27 sept. 2026
5648166,Bassin versant de l'Agout,34,Hérault,SOU,alerte,Alerte,2,2026-09-24,2026-10-31,DDTM34-2026-09-17516,"<b>Eaux souterraines</b><br><span style=""background:orange;color:#fff;padding:2px 7px;border-radius:4px;font-weight:bold;font-size:0.85em"">Alerte</span><br>du 24 sept. 2026 au 31 oct. 2026<br><small>Zone : Bassin versant de l'Agout</small>",27 sept. 2026
5649572,Bassin de la Cisse,41,Loir-et-Cher,SOU,alerte,Alerte,2,2026-09-25,,41-2026-09-24-00004,"<b>Eaux souterraines</b><br><span style=""background:orange;color:#fff;padding:2px 7px;border-radius:4px;font-weight:bold;font-size:0.85em"">Alerte</span><br>depuis le 25 sept. 2026<br><small>Zone : Bassin de la Cisse</small>",27 sept. 2026
5654254,Orge-Rémarde – Beauce centrale,91,Essonne,SOU,alerte,Alerte,2,2026-09-12,2026-10-31,2026-372_orge-rémarde+07+23_esuo_al_ph1,"<b>Eaux souterraines</b><br><span style=""background:orange;color:#fff;padding:2px 7px;border-radius:4px;font-weight:bold;font-size:0.85em"">Alerte</span><br>du 12 sept. 2026 au 31 oct. 2026<br><small>Zone : Orge-Rémarde – Beauce centrale</small>",27 sept. 2026
5649561,Bassin de la Braye,41,Loir-et-Cher,SOU,alerte,Alerte,2,2026-09-25,,41-2026-09-24-00004,"<b>Eaux souterraines</b><br><span style=""background:orange;color:#fff;padding:2px 7px;border-radius:4px;font-weight:bold;font-size:0.85em"">Alerte</span><br>depuis le 25 sept. 2026<br><small>Zone : Bassin de la Braye</small>",27 sept. 2026
5654240,Orge-Rémarde – Beauce centrale – zone interconnectée agglomération parisienne,91,Essonne,SOU,alerte,Alerte,2,2026-09-12,2026-10-31,2026-372_orge-rémarde+06+22_esuo_al_ph1,"<b>Eaux souterraines</b><br><span style=""background:orange;color:#fff;padding:2px 7px;border-radius:4px;font-weight:bold;font-size:0.85em"">Alerte</span><br>du 12 sept. 2026 au 31 oct. 2026<br><small>Zone : Orge-Rémarde – Beauce centrale – zone interconnectée agglomération parisienne</small>",27 sept. 2026
5654238,Orge-Rémarde - hors Beauce centrale,91,Essonne,SOU,alerte,Alerte,2,2026-09-12,2026-10-31,2026-372_orge-rémarde+04+20_esuo+aep_al_ph1,"<b>Eaux souterraines</b><br><span style=""background:orange;color:#fff;padding:2px 7px;border-radius:4px;font-weight:bold;font-size:0.85em"">Alerte</span><br>du 12 sept. 2026 au 31 oct. 2026<br><small>Zone : Orge-Rémarde - hors Beauce centrale</small>",27 sept. 2026
5649675,"Nappe en relation avec le lac de Grand-Lieu
(St Philbert et Chevrolière)",44,Loire-Atlantique,SOU,alerte,Alerte,2,2026-09-24,2026-10-31,2026/SEE/0217,"<b>Eaux souterraines</b><br><span style=""background:orange;color:#fff;padding:2px 7px;border-radius:4px;font-weight:bold;font-size:0.85em"">Alerte</span><br>du 24 sept. 2026 au 31 oct. 2026<br><small>Zone : Nappe en relation avec le lac de Grand-Lieu
(St Philbert et Chevrolière)</small>",27 sept. 2026
5654228,Yvette-Bièvre & Orge-Rémarde – zone interconnectée agglomération parisienne,91,Essonne,SOU,alerte,Alerte,2,2026-09-12,2026-10-31,2026-372_orge-rémarde+02+03+18+19_esuo_al_ph1,"<b>Eaux souterraines</b><br><span style=""background:orange;color:#fff;padding:2px 7px;border-radius:4px;font-weight:bold;font-size:0.85em"">Alerte</span><br>du 12 sept. 2026 au 31 oct. 2026<br><small>Zone : Yvette-Bièvre & Orge-Rémarde – zone interconnectée agglomération parisienne</small>",27 sept. 2026
5654242,Orge-Rémarde & Seine essonnienne – Beauce centrale – zone interconnectée agglomération parisienne,91,Essonne,SOU,alerte,Alerte,2,2026-09-12,2026-10-31,2026-372_orge-rémarde+08+24_esuo_al_ph1,"<b>Eaux souterraines</b><br><span style=""background:orange;color:#fff;padding:2px 7px;border-radius:4px;font-weight:bold;font-size:0.85em"">Alerte</span><br>du 12 sept. 2026 au 31 oct. 2026<br><small>Zone : Orge-Rémarde & Seine essonnienne – Beauce centrale – zone interconnectée agglomération parisienne</small>",27 sept. 2026
5654229,Orge-Rémarde - hors Beauce centrale – zone interconnectée agglomération parisienne,91,Essonne,SOU,alerte,Alerte,2,2026-09-12,2026-10-31,2026-372_orge-rémarde+02+03+18+19_esuo_al_ph1,"<b>Eaux souterraines</b><br><span style=""background:orange;color:#fff;padding:2px 7px;border-radius:4px;font-weight:bold;font-size:0.85em"">Alerte</span><br>du 12 sept. 2026 au 31 oct. 2026<br><small>Zone : Orge-Rémarde - hors Beauce centrale – zone interconnectée agglomération parisienne</small>",27 sept. 2026
5649732,Notreure,45,Loiret,SOU,alerte,Alerte,2,2026-09-23,,DDT-SEEF-2026-210,"<b>Eaux souterraines</b><br><span style=""background:orange;color:#fff;padding:2px 7px;border-radius:4px;font-weight:bold;font-size:0.85em"">Alerte</span><br>depuis le 23 sept. 2026<br><small>Zone : Notreure</small>",27 sept. 2026
5654224,Orge- Rémarde & Seine essonnienne – hors Beauce centrale – zone interconnectée agglo parisienne,91,Essonne,SOU,alerte,Alerte,2,2026-09-12,2026-10-31,2026-372_orge-rémarde+05+21_esuo_al_ph1,"<b>Eaux souterraines</b><br><span style=""background:orange;color:#fff;padding:2px 7px;border-radius:4px;font-weight:bold;font-size:0.85em"">Alerte</span><br>du 12 sept. 2026 au 31 oct. 2026<br><small>Zone : Orge- Rémarde & Seine essonnienne – hors Beauce centrale – zone interconnectée agglo parisienne</small>",27 sept. 2026
5649699,Ouanne,45,Loiret,SOU,alerte,Alerte,2,2026-09-23,,DDT-SEEF-2026-210,"<b>Eaux souterraines</b><br><span style=""background:orange;color:#fff;padding:2px 7px;border-radius:4px;font-weight:bold;font-size:0.85em"">Alerte</span><br>depuis le 23 sept. 2026<br><small>Zone : Ouanne</small>",27 sept. 2026
5649712,Loing aval,45,Loiret,SOU,alerte,Alerte,2,2026-09-23,,DDT-SEEF-2026-210,"<b>Eaux souterraines</b><br><span style=""background:orange;color:#fff;padding:2px 7px;border-radius:4px;font-weight:bold;font-size:0.85em"">Alerte</span><br>depuis le 23 sept. 2026<br><small>Zone : Loing aval</small>",27 sept. 2026
5649719,Betz,45,Loiret,SOU,alerte,Alerte,2,2026-09-23,,DDT-SEEF-2026-210,"<b>Eaux souterraines</b><br><span style=""background:orange;color:#fff;padding:2px 7px;border-radius:4px;font-weight:bold;font-size:0.85em"">Alerte</span><br>depuis le 23 sept. 2026<br><small>Zone : Betz</small>",27 sept. 2026
5649784,La Thèze,46,Lot,SOU,alerte,Alerte,2,2026-09-19,2026-10-31,AP_E_2026_260,"<b>Eaux souterraines</b><br><span style=""background:orange;color:#fff;padding:2px 7px;border-radius:4px;font-weight:bold;font-size:0.85em"">Alerte</span><br>du 19 sept. 2026 au 31 oct. 2026<br><small>Zone : La Thèze</small>",27 sept. 2026
5649933,Thouet,49,Maine-et-Loire,SOU,alerte,Alerte,2,2026-09-17,,DDT-SEEB-PPE-Etiage-TTA-n°2026-07,"<b>Eaux souterraines</b><br><span style=""background:orange;color:#fff;padding:2px 7px;border-radius:4px;font-weight:bold;font-size:0.85em"">Alerte</span><br>depuis le 17 sept. 2026<br><small>Zone : Thouet</small>",27 sept. 2026
5649961,Aube Amont - SOU,51,Marne,SOU,alerte,Alerte,2,2026-08-29,2026-10-31,60-2026-SEC,"<b>Eaux souterraines</b><br><span style=""background:orange;color:#fff;padding:2px 7px;border-radius:4px;font-weight:bold;font-size:0.85em"">Alerte</span><br>du 29 août 2026 au 31 oct. 2026<br><small>Zone : Aube Amont - SOU</small>",27 sept. 2026
5649970,Brie et Tardenois - SOU,51,Marne,SOU,alerte,Alerte,2,2026-08-29,2026-10-31,60-2026-SEC,"<b>Eaux souterraines</b><br><span style=""background:orange;color:#fff;padding:2px 7px;border-radius:4px;font-weight:bold;font-size:0.85em"">Alerte</span><br>du 29 août 2026 au 31 oct. 2026<br><small>Zone : Brie et Tardenois - SOU</small>",27 sept. 2026
5649975,Surmelin - SOU,51,Marne,SOU,alerte,Alerte,2,2026-08-29,2026-10-31,60-2026-SEC,"<b>Eaux souterraines</b><br><span style=""background:orange;color:#fff;padding:2px 7px;border-radius:4px;font-weight:bold;font-size:0.85em"">Alerte</span><br>du 29 août 2026 au 31 oct. 2026<br><small>Zone : Surmelin - SOU</small>",27 sept. 2026
5649981,Craie de Champagne Sud et Centre - SOU,51,Marne,SOU,alerte,Alerte,2,2026-08-29,2026-10-31,60-2026-SEC,"<b>Eaux souterraines</b><br><span style=""background:orange;color:#fff;padding:2px 7px;border-radius:4px;font-weight:bold;font-size:0.85em"">Alerte</span><br>du 29 août 2026 au 31 oct. 2026<br><small>Zone : Craie de Champagne Sud et Centre - SOU</small>",27 sept. 2026
5648575,Bassin de la Creuse (Cr),37,Indre-et-Loire,SOU,alerte,Alerte,2,2026-09-27,2026-10-31,Arrêté du 25 SEPTEMBRE 2026,"<b>Eaux souterraines</b><br><span style=""background:orange;color:#fff;padding:2px 7px;border-radius:4px;font-weight:bold;font-size:0.85em"">Alerte</span><br>du 27 sept. 2026 au 31 oct. 2026<br><small>Zone : Bassin de la Creuse (Cr)</small>",27 sept. 2026
5647812,Roubion-Jabron,26,Drôme,SOU,alerte,Alerte,2,2026-08-06,2026-10-31,26-2026-08-05-00007,"<b>Eaux souterraines</b><br><span style=""background:orange;color:#fff;padding:2px 7px;border-radius:4px;font-weight:bold;font-size:0.85em"">Alerte</span><br>du 6 août 2026 au 31 oct. 2026<br><small>Zone : Roubion-Jabron</small>",27 sept. 2026
5647814,Plaine de Valence,26,Drôme,SOU,alerte,Alerte,2,2026-08-06,2026-10-31,26-2026-08-05-00007,"<b>Eaux souterraines</b><br><span style=""background:orange;color:#fff;padding:2px 7px;border-radius:4px;font-weight:bold;font-size:0.85em"">Alerte</span><br>du 6 août 2026 au 31 oct. 2026<br><small>Zone : Plaine de Valence</small>",27 sept. 2026
5647823,E(A)ygues,26,Drôme,SOU,alerte,Alerte,2,2026-08-11,2026-10-31,26-2026-08-05-00010_AEygues,"<b>Eaux souterraines</b><br><span style=""background:orange;color:#fff;padding:2px 7px;border-radius:4px;font-weight:bold;font-size:0.85em"">Alerte</span><br>du 11 août 2026 au 31 oct. 2026<br><small>Zone : E(A)ygues</small>",27 sept. 2026
5651693,"bassin de l'Avre, Noye, Trois-Doms et Haute-Somme",60,Oise,SOU,alerte,Alerte,2,2026-09-15,,DDT60 - 20260915,"<b>Eaux souterraines</b><br><span style=""background:orange;color:#fff;padding:2px 7px;border-radius:4px;font-weight:bold;font-size:0.85em"">Alerte</span><br>depuis le 15 sept. 2026<br><small>Zone : bassin de l'Avre, Noye, Trois-Doms et Haute-Somme</small>",27 sept. 2026
5651698,bassin de l'Automne,60,Oise,SOU,alerte,Alerte,2,2026-09-15,,DDT60 - 20260915,"<b>Eaux souterraines</b><br><span style=""background:orange;color:#fff;padding:2px 7px;border-radius:4px;font-weight:bold;font-size:0.85em"">Alerte</span><br>depuis le 15 sept. 2026<br><small>Zone : bassin de l'Automne</small>",27 sept. 2026
5652455,K - Volcanique Combrailles ouest,63,Puy-de-Dôme,SOU,alerte,Alerte,2,2026-08-20,2026-10-31,63-20261349,"<b>Eaux souterraines</b><br><span style=""background:orange;color:#fff;padding:2px 7px;border-radius:4px;font-weight:bold;font-size:0.85em"">Alerte</span><br>du 20 août 2026 au 31 oct. 2026<br><small>Zone : K - Volcanique Combrailles ouest</small>",27 sept. 2026
5652464,H - Volcanique Chaîne des Puys sud,63,Puy-de-Dôme,SOU,alerte,Alerte,2,2026-08-20,2026-10-31,63-20261349,"<b>Eaux souterraines</b><br><span style=""background:orange;color:#fff;padding:2px 7px;border-radius:4px;font-weight:bold;font-size:0.85em"">Alerte</span><br>du 20 août 2026 au 31 oct. 2026<br><small>Zone : H - Volcanique Chaîne des Puys sud</small>",27 sept. 2026
5647803,Méouge,26,Drôme,SOU,alerte,Alerte,2,2026-08-06,2026-10-31,26-2026-08-05-00007,"<b>Eaux souterraines</b><br><span style=""background:orange;color:#fff;padding:2px 7px;border-radius:4px;font-weight:bold;font-size:0.85em"">Alerte</span><br>du 6 août 2026 au 31 oct. 2026<br><small>Zone : Méouge</small>",27 sept. 2026
5647808,Berre,26,Drôme,SOU,alerte,Alerte,2,2026-08-06,2026-10-31,26-2026-08-05-00007,"<b>Eaux souterraines</b><br><span style=""background:orange;color:#fff;padding:2px 7px;border-radius:4px;font-weight:bold;font-size:0.85em"">Alerte</span><br>du 6 août 2026 au 31 oct. 2026<br><small>Zone : Berre</small>",27 sept. 2026
5647811,Royans-Vercors,26,Drôme,SOU,alerte,Alerte,2,2026-08-06,2026-10-31,26-2026-08-05-00007,"<b>Eaux souterraines</b><br><span style=""background:orange;color:#fff;padding:2px 7px;border-radius:4px;font-weight:bold;font-size:0.85em"">Alerte</span><br>du 6 août 2026 au 31 oct. 2026<br><small>Zone : Royans-Vercors</small>",27 sept. 2026
5647852,RISLE AMONT,27,Eure,SOU,alerte,Alerte,2,2026-09-14,2026-11-30,DDTM/SEBF/2026-283,"<b>Eaux souterraines</b><br><span style=""background:orange;color:#fff;padding:2px 7px;border-radius:4px;font-weight:bold;font-size:0.85em"">Alerte</span><br>du 14 sept. 2026 au 30 nov. 2026<br><small>Zone : RISLE AMONT</small>",27 sept. 2026
5647853,ITON AVAL,27,Eure,SOU,alerte,Alerte,2,2026-09-14,2026-11-30,DDTM/SEBF/2026-283,"<b>Eaux souterraines</b><br><span style=""background:orange;color:#fff;padding:2px 7px;border-radius:4px;font-weight:bold;font-size:0.85em"">Alerte</span><br>du 14 sept. 2026 au 30 nov. 2026<br><small>Zone : ITON AVAL</small>",27 sept. 2026
5647862,CHARENTONNE,27,Eure,SOU,alerte,Alerte,2,2026-09-14,2026-11-30,DDTM/SEBF/2026-283,"<b>Eaux souterraines</b><br><span style=""background:orange;color:#fff;padding:2px 7px;border-radius:4px;font-weight:bold;font-size:0.85em"">Alerte</span><br>du 14 sept. 2026 au 30 nov. 2026<br><small>Zone : CHARENTONNE</small>",27 sept. 2026
5652389,Zone d'alerte RISLE - CHARENTONNE - GUIEL,61,Orne,SOU,alerte,Alerte,2,2026-09-17,2026-10-31,2350-26-00093,"<b>Eaux souterraines</b><br><span style=""background:orange;color:#fff;padding:2px 7px;border-radius:4px;font-weight:bold;font-size:0.85em"">Alerte</span><br>du 17 sept. 2026 au 31 oct. 2026<br><small>Zone : Zone d'alerte RISLE - CHARENTONNE - GUIEL</small>",27 sept. 2026
5652390,Zone d'alerte DIVES - VIE,61,Orne,SOU,alerte,Alerte,2,2026-09-17,2026-10-31,2350-26-00093,"<b>Eaux souterraines</b><br><span style=""background:orange;color:#fff;padding:2px 7px;border-radius:4px;font-weight:bold;font-size:0.85em"">Alerte</span><br>du 17 sept. 2026 au 31 oct. 2026<br><small>Zone : Zone d'alerte DIVES - VIE</small>",27 sept. 2026
5652402,Zone d'alerte ORNE AMONT,61,Orne,SOU,alerte,Alerte,2,2026-09-17,2026-10-31,2350-26-00093,"<b>Eaux souterraines</b><br><span style=""background:orange;color:#fff;padding:2px 7px;border-radius:4px;font-weight:bold;font-size:0.85em"">Alerte</span><br>du 17 sept. 2026 au 31 oct. 2026<br><small>Zone : Zone d'alerte ORNE AMONT</small>",27 sept. 2026
5652432,Bassin versant de l'Escaut,62,Pas-de-Calais,SOU,alerte,Alerte,2,2026-08-15,2026-10-31,2026-08-14,"<b>Eaux souterraines</b><br><span style=""background:orange;color:#fff;padding:2px 7px;border-radius:4px;font-weight:bold;font-size:0.85em"">Alerte</span><br>du 15 août 2026 au 31 oct. 2026<br><small>Zone : Bassin versant de l'Escaut</small>",27 sept. 2026
5652439,Bassins versants de la Scarpe amont et de la Sensée,62,Pas-de-Calais,SOU,alerte,Alerte,2,2026-08-15,2026-10-31,2026-08-14,"<b>Eaux souterraines</b><br><span style=""background:orange;color:#fff;padding:2px 7px;border-radius:4px;font-weight:bold;font-size:0.85em"">Alerte</span><br>du 15 août 2026 au 31 oct. 2026<br><small>Zone : Bassins versants de la Scarpe amont et de la Sensée</small>",27 sept. 2026
5652467,J - Volcanique Dordogne amont,63,Puy-de-Dôme,SOU,alerte,Alerte,2,2026-08-20,2026-10-31,63-20261349,"<b>Eaux souterraines</b><br><span style=""background:orange;color:#fff;padding:2px 7px;border-radius:4px;font-weight:bold;font-size:0.85em"">Alerte</span><br>du 20 août 2026 au 31 oct. 2026<br><small>Zone : J - Volcanique Dordogne amont</small>",27 sept. 2026
5652471,I - Volcanique Sancy,63,Puy-de-Dôme,SOU,alerte,Alerte,2,2026-08-20,2026-10-31,63-20261349,"<b>Eaux souterraines</b><br><span style=""background:orange;color:#fff;padding:2px 7px;border-radius:4px;font-weight:bold;font-size:0.85em"">Alerte</span><br>du 20 août 2026 au 31 oct. 2026<br><small>Zone : I - Volcanique Sancy</small>",27 sept. 2026
5652474,G - Volcanique Chaîne des Puys nord,63,Puy-de-Dôme,SOU,alerte,Alerte,2,2026-08-20,2026-10-31,63-20261349,"<b>Eaux souterraines</b><br><span style=""background:orange;color:#fff;padding:2px 7px;border-radius:4px;font-weight:bold;font-size:0.85em"">Alerte</span><br>du 20 août 2026 au 31 oct. 2026<br><small>Zone : G - Volcanique Chaîne des Puys nord</small>",27 sept. 2026
5652479,M - Volcanique Cézallier,63,Puy-de-Dôme,SOU,alerte,Alerte,2,2026-08-20,2026-10-31,63-20261349,"<b>Eaux souterraines</b><br><span style=""background:orange;color:#fff;padding:2px 7px;border-radius:4px;font-weight:bold;font-size:0.85em"">Alerte</span><br>du 20 août 2026 au 31 oct. 2026<br><small>Zone : M - Volcanique Cézallier</small>",27 sept. 2026
5652480,L - Volcanique Combrailles nord,63,Puy-de-Dôme,SOU,alerte,Alerte,2,2026-08-20,2026-10-31,63-20261349,"<b>Eaux souterraines</b><br><span style=""background:orange;color:#fff;padding:2px 7px;border-radius:4px;font-weight:bold;font-size:0.85em"">Alerte</span><br>du 20 août 2026 au 31 oct. 2026<br><small>Zone : L - Volcanique Combrailles nord</small>",27 sept. 2026
5647881,AIGRE,28,Eure-et-Loir,SOU,alerte,Alerte,2,2026-09-21,,AP_SGREB_2026_255_restrictions_usages_eau,"<b>Eaux souterraines</b><br><span style=""background:orange;color:#fff;padding:2px 7px;border-radius:4px;font-weight:bold;font-size:0.85em"">Alerte</span><br>depuis le 21 sept. 2026<br><small>Zone : AIGRE</small>",27 sept. 2026
5647885,EURE Amont,28,Eure-et-Loir,SOU,alerte,Alerte,2,2026-09-21,,AP_SGREB_2026_255_restrictions_usages_eau,"<b>Eaux souterraines</b><br><span style=""background:orange;color:#fff;padding:2px 7px;border-radius:4px;font-weight:bold;font-size:0.85em"">Alerte</span><br>depuis le 21 sept. 2026<br><small>Zone : EURE Amont</small>",27 sept. 2026
5647900,VOISE,28,Eure-et-Loir,SOU,alerte,Alerte,2,2026-09-21,,AP_SGREB_2026_255_restrictions_usages_eau,"<b>Eaux souterraines</b><br><span style=""background:orange;color:#fff;padding:2px 7px;border-radius:4px;font-weight:bold;font-size:0.85em"">Alerte</span><br>depuis le 21 sept. 2026<br><small>Zone : VOISE</small>",27 sept. 2026
5647906,EURE Moyen bas,28,Eure-et-Loir,SOU,alerte,Alerte,2,2026-09-21,,AP_SGREB_2026_255_restrictions_usages_eau,"<b>Eaux souterraines</b><br><span style=""background:orange;color:#fff;padding:2px 7px;border-radius:4px;font-weight:bold;font-size:0.85em"">Alerte</span><br>depuis le 21 sept. 2026<br><small>Zone : EURE Moyen bas</small>",27 sept. 2026
5647907,BLAISE,28,Eure-et-Loir,SOU,alerte,Alerte,2,2026-09-21,,AP_SGREB_2026_255_restrictions_usages_eau,"<b>Eaux souterraines</b><br><span style=""background:orange;color:#fff;padding:2px 7px;border-radius:4px;font-weight:bold;font-size:0.85em"">Alerte</span><br>depuis le 21 sept. 2026<br><small>Zone : BLAISE</small>",27 sept. 2026
5647908,CLOCHE,28,Eure-et-Loir,SOU,alerte,Alerte,2,2026-09-21,,AP_SGREB_2026_255_restrictions_usages_eau,"<b>Eaux souterraines</b><br><span style=""background:orange;color:#fff;padding:2px 7px;border-radius:4px;font-weight:bold;font-size:0.85em"">Alerte</span><br>depuis le 21 sept. 2026<br><small>Zone : CLOCHE</small>",27 sept. 2026
5652653,nappe du Ried centre Alsace - secteur 4 (Sud Est)- partie dpt 68,68,Haut-Rhin,SOU,alerte,Alerte,2,2026-09-08,2026-11-01,2026-19,"<b>Eaux souterraines</b><br><span style=""background:orange;color:#fff;padding:2px 7px;border-radius:4px;font-weight:bold;font-size:0.85em"">Alerte</span><br>du 8 sept. 2026 au 1 nov. 2026<br><small>Zone : nappe du Ried centre Alsace - secteur 4 (Sud Est)- partie dpt 68</small>",27 sept. 2026
5652840,BRAY,76,Seine-Maritime,SOU,alerte,Alerte,2,2026-07-20,2026-12-31,76_20260720_zone10_Alerte_ESU,"<b>Eaux souterraines</b><br><span style=""background:orange;color:#fff;padding:2px 7px;border-radius:4px;font-weight:bold;font-size:0.85em"">Alerte</span><br>du 20 juil. 2026 au 31 déc. 2026<br><small>Zone : BRAY</small>",27 sept. 2026
5652842,YERES - AULNE,76,Seine-Maritime,SOU,alerte,Alerte,2,2026-08-20,2026-12-31,76_20260819_Zone2_Alerte_ESU,"<b>Eaux souterraines</b><br><span style=""background:orange;color:#fff;padding:2px 7px;border-radius:4px;font-weight:bold;font-size:0.85em"">Alerte</span><br>du 20 août 2026 au 31 déc. 2026<br><small>Zone : YERES - AULNE</small>",27 sept. 2026
5653581,Zone Centre,78,Yvelines,SOU,alerte,Alerte,2,2026-09-19,2026-12-31,78-2026-09-18-0005,"<b>Eaux souterraines</b><br><span style=""background:orange;color:#fff;padding:2px 7px;border-radius:4px;font-weight:bold;font-size:0.85em"">Alerte</span><br>du 19 sept. 2026 au 31 déc. 2026<br><small>Zone : Zone Centre</small>",27 sept. 2026
5653583,Zone Sud-Est,78,Yvelines,SOU,alerte,Alerte,2,2026-09-19,2026-12-31,78-2026-09-18-0005,"<b>Eaux souterraines</b><br><span style=""background:orange;color:#fff;padding:2px 7px;border-radius:4px;font-weight:bold;font-size:0.85em"">Alerte</span><br>du 19 sept. 2026 au 31 déc. 2026<br><small>Zone : Zone Sud-Est</small>",27 sept. 2026
5653586,Zone Ouest,78,Yvelines,SOU,alerte,Alerte,2,2026-09-19,2026-12-31,78-2026-09-18-0005,"<b>Eaux souterraines</b><br><span style=""background:orange;color:#fff;padding:2px 7px;border-radius:4px;font-weight:bold;font-size:0.85em"">Alerte</span><br>du 19 sept. 2026 au 31 déc. 2026<br><small>Zone : Zone Ouest</small>",27 sept. 2026
5648599,Bassin de l'Esves,37,Indre-et-Loire,SOU,alerte,Alerte,2,2026-09-27,2026-10-31,Arrêté du 25 SEPTEMBRE 2026,"<b>Eaux souterraines</b><br><span style=""background:orange;color:#fff;padding:2px 7px;border-radius:4px;font-weight:bold;font-size:0.85em"">Alerte</span><br>du 27 sept. 2026 au 31 oct. 2026<br><small>Zone : Bassin de l'Esves</small>",27 sept. 2026
5646014,Colostre,04,Alpes-de-Haute-Provence,SOU,alerte,Alerte,2,2026-09-25,2026-10-31,2026-268-007,"<b>Eaux souterraines</b><br><span style=""background:orange;color:#fff;padding:2px 7px;border-radius:4px;font-weight:bold;font-size:0.85em"">Alerte</span><br>du 25 sept. 2026 au 31 oct. 2026<br><small>Zone : Colostre</small>",27 sept. 2026
5645995,Nesque,04,Alpes-de-Haute-Provence,SOU,alerte,Alerte,2,2026-09-25,2026-10-31,2026-268-007,"<b>Eaux souterraines</b><br><span style=""background:orange;color:#fff;padding:2px 7px;border-radius:4px;font-weight:bold;font-size:0.85em"">Alerte</span><br>du 25 sept. 2026 au 31 oct. 2026<br><small>Zone : Nesque</small>",27 sept. 2026
5645997,Verdon amont,04,Alpes-de-Haute-Provence,SOU,alerte,Alerte,2,2026-09-25,2026-10-31,2026-268-007,"<b>Eaux souterraines</b><br><span style=""background:orange;color:#fff;padding:2px 7px;border-radius:4px;font-weight:bold;font-size:0.85em"">Alerte</span><br>du 25 sept. 2026 au 31 oct. 2026<br><small>Zone : Verdon amont</small>",27 sept. 2026
5646001,Calavon,04,Alpes-de-Haute-Provence,SOU,alerte,Alerte,2,2026-09-25,2026-10-31,2026-268-007,"<b>Eaux souterraines</b><br><span style=""background:orange;color:#fff;padding:2px 7px;border-radius:4px;font-weight:bold;font-size:0.85em"">Alerte</span><br>du 25 sept. 2026 au 31 oct. 2026<br><small>Zone : Calavon</small>",27 sept. 2026
5646017,Vançon,04,Alpes-de-Haute-Provence,SOU,alerte,Alerte,2,2026-09-25,2026-10-31,2026-268-007,"<b>Eaux souterraines</b><br><span style=""background:orange;color:#fff;padding:2px 7px;border-radius:4px;font-weight:bold;font-size:0.85em"">Alerte</span><br>du 25 sept. 2026 au 31 oct. 2026<br><small>Zone : Vançon</small>",27 sept. 2026
5646019,Largue,04,Alpes-de-Haute-Provence,SOU,alerte,Alerte,2,2026-09-25,2026-10-31,2026-268-007,"<b>Eaux souterraines</b><br><span style=""background:orange;color:#fff;padding:2px 7px;border-radius:4px;font-weight:bold;font-size:0.85em"">Alerte</span><br>du 25 sept. 2026 au 31 oct. 2026<br><small>Zone : Largue</small>",27 sept. 2026
5646027,Artuby-Jabron,04,Alpes-de-Haute-Provence,SOU,alerte,Alerte,2,2026-09-25,2026-10-31,2026-268-007,"<b>Eaux souterraines</b><br><span style=""background:orange;color:#fff;padding:2px 7px;border-radius:4px;font-weight:bold;font-size:0.85em"">Alerte</span><br>du 25 sept. 2026 au 31 oct. 2026<br><small>Zone : Artuby-Jabron</small>",27 sept. 2026
5646028,Esteron,04,Alpes-de-Haute-Provence,SOU,alerte,Alerte,2,2026-09-25,2026-10-31,2026-268-007,"<b>Eaux souterraines</b><br><span style=""background:orange;color:#fff;padding:2px 7px;border-radius:4px;font-weight:bold;font-size:0.85em"">Alerte</span><br>du 25 sept. 2026 au 31 oct. 2026<br><small>Zone : Esteron</small>",27 sept. 2026
5653703,Le Thoré aval de l’Arn à la confluence avec l’Agout et l’Arn en aval des Saints-Peyres,81,Tarn,SOU,alerte,Alerte,2,2026-09-12,2026-10-31,260909,"<b>Eaux souterraines</b><br><span style=""background:orange;color:#fff;padding:2px 7px;border-radius:4px;font-weight:bold;font-size:0.85em"">Alerte</span><br>du 12 sept. 2026 au 31 oct. 2026<br><small>Zone : Le Thoré aval de l’Arn à la confluence avec l’Agout et l’Arn en aval des Saints-Peyres</small>",27 sept. 2026
5648668,Bourbre (spé sout.),38,Isère,SOU,alerte,Alerte,2,2026-08-20,2026-09-30,38-2026-08-20-00004 [Isère],"<b>Eaux souterraines</b><br><span style=""background:orange;color:#fff;padding:2px 7px;border-radius:4px;font-weight:bold;font-size:0.85em"">Alerte</span><br>du 20 août 2026 au 30 sept. 2026<br><small>Zone : Bourbre (spé sout.)</small>",27 sept. 2026
5652605,Côte nord,66,Pyrénées-Orientales,SOU,alerte,Alerte,2,2026-09-11,2026-11-30,DDTM-SER-2026-254-0001,"<b>Eaux souterraines</b><br><span style=""background:orange;color:#fff;padding:2px 7px;border-radius:4px;font-weight:bold;font-size:0.85em"">Alerte</span><br>du 11 sept. 2026 au 30 nov. 2026<br><small>Zone : Côte nord</small>",27 sept. 2026
5652629,nappe de la Sarre - partie dpt 67,67,Bas-Rhin,SOU,alerte,Alerte,2,2026-09-09,2026-10-31,9 septembre 2026,"<b>Eaux souterraines</b><br><span style=""background:orange;color:#fff;padding:2px 7px;border-radius:4px;font-weight:bold;font-size:0.85em"">Alerte</span><br>du 9 sept. 2026 au 31 oct. 2026<br><small>Zone : nappe de la Sarre - partie dpt 67</small>",27 sept. 2026
5653726,Le Sor des Cammazes à la confluence avec l’Agout,81,Tarn,SOU,alerte,Alerte,2,2026-09-12,2026-10-31,260909,"<b>Eaux souterraines</b><br><span style=""background:orange;color:#fff;padding:2px 7px;border-radius:4px;font-weight:bold;font-size:0.85em"">Alerte</span><br>du 12 sept. 2026 au 31 oct. 2026<br><small>Zone : Le Sor des Cammazes à la confluence avec l’Agout</small>",27 sept. 2026
5653731,Le Tarn médian de la confluence de la Jonte à la confluence avec le Rance,81,Tarn,SOU,alerte,Alerte,2,2026-09-12,2026-10-31,260909,"<b>Eaux souterraines</b><br><span style=""background:orange;color:#fff;padding:2px 7px;border-radius:4px;font-weight:bold;font-size:0.85em"">Alerte</span><br>du 12 sept. 2026 au 31 oct. 2026<br><small>Zone : Le Tarn médian de la confluence de la Jonte à la confluence avec le Rance</small>",27 sept. 2026
5653690,Le Dadou aval de Rassisse à la confluence avec l’Agout,81,Tarn,SOU,alerte,Alerte,2,2026-09-12,2026-10-31,260909,"<b>Eaux souterraines</b><br><span style=""background:orange;color:#fff;padding:2px 7px;border-radius:4px;font-weight:bold;font-size:0.85em"">Alerte</span><br>du 12 sept. 2026 au 31 oct. 2026<br><small>Zone : Le Dadou aval de Rassisse à la confluence avec l’Agout</small>",27 sept. 2026
5653742,L'Agout moyen de la Raviège à la confluence avec le Thoré,81,Tarn,SOU,alerte,Alerte,2,2026-09-12,2026-10-31,260909,"<b>Eaux souterraines</b><br><span style=""background:orange;color:#fff;padding:2px 7px;border-radius:4px;font-weight:bold;font-size:0.85em"">Alerte</span><br>du 12 sept. 2026 au 31 oct. 2026<br><small>Zone : L'Agout moyen de la Raviège à la confluence avec le Thoré</small>",27 sept. 2026
5653745,L'Agout aval du Thoré à la confluence avec le Tarn,81,Tarn,SOU,alerte,Alerte,2,2026-09-12,2026-10-31,260909,"<b>Eaux souterraines</b><br><span style=""background:orange;color:#fff;padding:2px 7px;border-radius:4px;font-weight:bold;font-size:0.85em"">Alerte</span><br>du 12 sept. 2026 au 31 oct. 2026<br><small>Zone : L'Agout aval du Thoré à la confluence avec le Tarn</small>",27 sept. 2026
5653753,Le Tarn aval de l’Agout à la confluence avec la Garonne,81,Tarn,SOU,alerte,Alerte,2,2026-09-12,2026-10-31,260909,"<b>Eaux souterraines</b><br><span style=""background:orange;color:#fff;padding:2px 7px;border-radius:4px;font-weight:bold;font-size:0.85em"">Alerte</span><br>du 12 sept. 2026 au 31 oct. 2026<br><small>Zone : Le Tarn aval de l’Agout à la confluence avec la Garonne</small>",27 sept. 2026
5653754,L'Agout amont de sa source à la Raviège et ses affluents,81,Tarn,SOU,alerte,Alerte,2,2026-09-12,2026-10-31,260909,"<b>Eaux souterraines</b><br><span style=""background:orange;color:#fff;padding:2px 7px;border-radius:4px;font-weight:bold;font-size:0.85em"">Alerte</span><br>du 12 sept. 2026 au 31 oct. 2026<br><small>Zone : L'Agout amont de sa source à la Raviège et ses affluents</small>",27 sept. 2026
5653791,Part - Zone 42 - GARONNE MEDIANE + NAC,82,Tarn-et-Garonne,SOU,alerte,Alerte,2,2026-09-12,,82-2026-09-11-00002,"<b>Eaux souterraines</b><br><span style=""background:orange;color:#fff;padding:2px 7px;border-radius:4px;font-weight:bold;font-size:0.85em"">Alerte</span><br>depuis le 12 sept. 2026<br><small>Zone : Part - Zone 42 - GARONNE MEDIANE + NAC</small>",27 sept. 2026
5653875,Bassin de la Nesque,84,Vaucluse,SOU,alerte,Alerte,2,2026-09-24,2026-10-31,AP 23 SEPT 2026 VAUCLUSE,"<b>Eaux souterraines</b><br><span style=""background:orange;color:#fff;padding:2px 7px;border-radius:4px;font-weight:bold;font-size:0.85em"">Alerte</span><br>du 24 sept. 2026 au 31 oct. 2026<br><small>Zone : Bassin de la Nesque</small>",27 sept. 2026
5653878,Bassin versant des Sorgues,84,Vaucluse,SOU,alerte,Alerte,2,2026-09-24,2026-10-31,AP 23 SEPT 2026 VAUCLUSE,"<b>Eaux souterraines</b><br><span style=""background:orange;color:#fff;padding:2px 7px;border-radius:4px;font-weight:bold;font-size:0.85em"">Alerte</span><br>du 24 sept. 2026 au 31 oct. 2026<br><small>Zone : Bassin versant des Sorgues</small>",27 sept. 2026
5646988,Zone d'alerte n°9_Nappe_alluviale_déconnectée,09,Ariège,SOU,alerte,Alerte,2,2026-09-21,2026-10-31,20260918,"<b>Eaux souterraines</b><br><span style=""background:orange;color:#fff;padding:2px 7px;border-radius:4px;font-weight:bold;font-size:0.85em"">Alerte</span><br>du 21 sept. 2026 au 31 oct. 2026<br><small>Zone : Zone d'alerte n°9_Nappe_alluviale_déconnectée</small>",27 sept. 2026
5647009,Craie de Champagne Sud et Centre,10,Aube,SOU,alerte,Alerte,2,2026-09-10,2026-10-31,DDT/SEB/PREMA-2026-250-0002,"<b>Eaux souterraines</b><br><span style=""background:orange;color:#fff;padding:2px 7px;border-radius:4px;font-weight:bold;font-size:0.85em"">Alerte</span><br>du 10 sept. 2026 au 31 oct. 2026<br><small>Zone : Craie de Champagne Sud et Centre</small>",27 sept. 2026
5653782,Part - Zone 43 - GARONNE AVAL + NAC,82,Tarn-et-Garonne,SOU,alerte,Alerte,2,2026-09-12,,82-2026-09-11-00002,"<b>Eaux souterraines</b><br><span style=""background:orange;color:#fff;padding:2px 7px;border-radius:4px;font-weight:bold;font-size:0.85em"">Alerte</span><br>depuis le 12 sept. 2026<br><small>Zone : Part - Zone 43 - GARONNE AVAL + NAC</small>",27 sept. 2026
5653837,Gapeau,83,Var,SOU,alerte,Alerte,2,2026-08-14,,DDTM/SEBIO/2026-175,"<b>Eaux souterraines</b><br><span style=""background:orange;color:#fff;padding:2px 7px;border-radius:4px;font-weight:bold;font-size:0.85em"">Alerte</span><br>depuis le 14 août 2026<br><small>Zone : Gapeau</small>",27 sept. 2026
5653852,Arturby-Jabron,83,Var,SOU,alerte,Alerte,2,2026-08-06,,DDTM/SEBIO/2026-178,"<b>Eaux souterraines</b><br><span style=""background:orange;color:#fff;padding:2px 7px;border-radius:4px;font-weight:bold;font-size:0.85em"">Alerte</span><br>depuis le 6 août 2026<br><small>Zone : Arturby-Jabron</small>",27 sept. 2026
5653857,Argens,83,Var,SOU,alerte,Alerte,2,2026-07-24,, DDTM/SEBIO/2026-157,"<b>Eaux souterraines</b><br><span style=""background:orange;color:#fff;padding:2px 7px;border-radius:4px;font-weight:bold;font-size:0.85em"">Alerte</span><br>depuis le 24 juil. 2026<br><small>Zone : Argens</small>",27 sept. 2026
5653893,Bassin  de l'Æygues,84,Vaucluse,SOU,alerte,Alerte,2,2026-08-10,2026-10-31,AIP 10 AOUT 2026 - ALERTE AYGUES,"<b>Eaux souterraines</b><br><span style=""background:orange;color:#fff;padding:2px 7px;border-radius:4px;font-weight:bold;font-size:0.85em"">Alerte</span><br>du 10 août 2026 au 31 oct. 2026<br><small>Zone : Bassin  de l'Æygues</small>",27 sept. 2026
5653879,Bassin du Calavon Amont,84,Vaucluse,SOU,alerte,Alerte,2,2026-09-24,2026-10-31,AP 23 SEPT 2026 VAUCLUSE,"<b>Eaux souterraines</b><br><span style=""background:orange;color:#fff;padding:2px 7px;border-radius:4px;font-weight:bold;font-size:0.85em"">Alerte</span><br>du 24 sept. 2026 au 31 oct. 2026<br><small>Zone : Bassin du Calavon Amont</small>",27 sept. 2026
5653881,Bassin du sud-ouest du Mont Ventoux,84,Vaucluse,SOU,alerte,Alerte,2,2026-09-24,2026-10-31,AP 23 SEPT 2026 VAUCLUSE,"<b>Eaux souterraines</b><br><span style=""background:orange;color:#fff;padding:2px 7px;border-radius:4px;font-weight:bold;font-size:0.85em"">Alerte</span><br>du 24 sept. 2026 au 31 oct. 2026<br><small>Zone : Bassin du sud-ouest du Mont Ventoux</small>",27 sept. 2026
5653883,Durance nappe d’accompagnement,84,Vaucluse,SOU,alerte,Alerte,2,2026-09-24,2026-10-31,AP 23 SEPT 2026 VAUCLUSE,"<b>Eaux souterraines</b><br><span style=""background:orange;color:#fff;padding:2px 7px;border-radius:4px;font-weight:bold;font-size:0.85em"">Alerte</span><br>du 24 sept. 2026 au 31 oct. 2026<br><small>Zone : Durance nappe d’accompagnement</small>",27 sept. 2026
5653888,Bassin du Calavon Median,84,Vaucluse,SOU,alerte,Alerte,2,2026-09-24,2026-10-31,AP 23 SEPT 2026 VAUCLUSE,"<b>Eaux souterraines</b><br><span style=""background:orange;color:#fff;padding:2px 7px;border-radius:4px;font-weight:bold;font-size:0.85em"">Alerte</span><br>du 24 sept. 2026 au 31 oct. 2026<br><small>Zone : Bassin du Calavon Median</small>",27 sept. 2026
5653918,Nappe de la Vendée Ouest,85,Vendée,SOU,alerte,Alerte,2,2026-09-14,2026-09-27,26-DDTM85-578,"<b>Eaux souterraines</b><br><span style=""background:orange;color:#fff;padding:2px 7px;border-radius:4px;font-weight:bold;font-size:0.85em"">Alerte</span><br>du 14 sept. 2026 au 27 sept. 2026<br><small>Zone : Nappe de la Vendée Ouest</small>",27 sept. 2026
5647037,14. Hers-Vif réalimenté,11,Aude,SOU,alerte,Alerte,2,2026-09-18,2026-10-31,DDTM-SAFEB-2026-16,"<b>Eaux souterraines</b><br><span style=""background:orange;color:#fff;padding:2px 7px;border-radius:4px;font-weight:bold;font-size:0.85em"">Alerte</span><br>du 18 sept. 2026 au 31 oct. 2026<br><small>Zone : 14. Hers-Vif réalimenté</small>",27 sept. 2026
5653953,Bassin du Clain - sous bassin de l'Auxance,86,Vienne,SOU,alerte,Alerte,2,2026-08-24,2026-10-31,AP_2026_DDT_SEB_462_Clain,"<b>Eaux souterraines</b><br><span style=""background:orange;color:#fff;padding:2px 7px;border-radius:4px;font-weight:bold;font-size:0.85em"">Alerte</span><br>du 24 août 2026 au 31 oct. 2026<br><small>Zone : Bassin du Clain - sous bassin de l'Auxance</small>",27 sept. 2026
5653955,Bassin du Clain - sous bassin de la Boivre,86,Vienne,SOU,alerte,Alerte,2,2026-08-24,2026-10-31,AP_2026_DDT_SEB_462_Clain,"<b>Eaux souterraines</b><br><span style=""background:orange;color:#fff;padding:2px 7px;border-radius:4px;font-weight:bold;font-size:0.85em"">Alerte</span><br>du 24 août 2026 au 31 oct. 2026<br><small>Zone : Bassin du Clain - sous bassin de la Boivre</small>",27 sept. 2026
5653956,Bassin du Clain - sous bassin de la Vonne,86,Vienne,SOU,alerte,Alerte,2,2026-08-24,2026-10-31,AP_2026_DDT_SEB_462_Clain,"<b>Eaux souterraines</b><br><span style=""background:orange;color:#fff;padding:2px 7px;border-radius:4px;font-weight:bold;font-size:0.85em"">Alerte</span><br>du 24 août 2026 au 31 oct. 2026<br><small>Zone : Bassin du Clain - sous bassin de la Vonne</small>",27 sept. 2026
5653957,Bassin du Clain - sous bassin de la Clouère,86,Vienne,SOU,alerte,Alerte,2,2026-08-24,2026-10-31,AP_2026_DDT_SEB_462_Clain,"<b>Eaux souterraines</b><br><span style=""background:orange;color:#fff;padding:2px 7px;border-radius:4px;font-weight:bold;font-size:0.85em"">Alerte</span><br>du 24 août 2026 au 31 oct. 2026<br><small>Zone : Bassin du Clain - sous bassin de la Clouère</small>",27 sept. 2026
5653963,Bassin du Clain - sous bassin du Clain Aval,86,Vienne,SOU,alerte,Alerte,2,2026-08-24,2026-10-31,AP_2026_DDT_SEB_462_Clain,"<b>Eaux souterraines</b><br><span style=""background:orange;color:#fff;padding:2px 7px;border-radius:4px;font-weight:bold;font-size:0.85em"">Alerte</span><br>du 24 août 2026 au 31 oct. 2026<br><small>Zone : Bassin du Clain - sous bassin du Clain Aval</small>",27 sept. 2026
5653964,Bassin du Clain - sous bassin du Clain Amont,86,Vienne,SOU,alerte,Alerte,2,2026-08-24,2026-10-31,AP_2026_DDT_SEB_462_Clain,"<b>Eaux souterraines</b><br><span style=""background:orange;color:#fff;padding:2px 7px;border-radius:4px;font-weight:bold;font-size:0.85em"">Alerte</span><br>du 24 août 2026 au 31 oct. 2026<br><small>Zone : Bassin du Clain - sous bassin du Clain Amont</small>",27 sept. 2026
5651655,Bassins versants de la Scarpe amont et de la Sensée,59,Nord,SOU,alerte,Alerte,2,2026-08-15,2026-10-31,Arrêté préfectoral du 14 août 2026,"<b>Eaux souterraines</b><br><span style=""background:orange;color:#fff;padding:2px 7px;border-radius:4px;font-weight:bold;font-size:0.85em"">Alerte</span><br>du 15 août 2026 au 31 oct. 2026<br><small>Zone : Bassins versants de la Scarpe amont et de la Sensée</small>",27 sept. 2026
5651668,Bassin versant de l'Escaut,59,Nord,SOU,alerte,Alerte,2,2026-08-15,2026-10-31,Arrêté préfectoral du 14 août 2026,"<b>Eaux souterraines</b><br><span style=""background:orange;color:#fff;padding:2px 7px;border-radius:4px;font-weight:bold;font-size:0.85em"">Alerte</span><br>du 15 août 2026 au 31 oct. 2026<br><small>Zone : Bassin versant de l'Escaut</small>",27 sept. 2026
5651670,Bassin versant de la Sambre,59,Nord,SOU,alerte,Alerte,2,2026-08-15,2026-10-31,Arrêté préfectoral du 14 août 2026,"<b>Eaux souterraines</b><br><span style=""background:orange;color:#fff;padding:2px 7px;border-radius:4px;font-weight:bold;font-size:0.85em"">Alerte</span><br>du 15 août 2026 au 31 oct. 2026<br><small>Zone : Bassin versant de la Sambre</small>",27 sept. 2026
5648676,Agglomération Grenobloise (sout.),38,Isère,SOU,alerte,Alerte,2,2026-08-20,2026-09-30,38-2026-08-20-00004 [Isère],"<b>Eaux souterraines</b><br><span style=""background:orange;color:#fff;padding:2px 7px;border-radius:4px;font-weight:bold;font-size:0.85em"">Alerte</span><br>du 20 août 2026 au 30 sept. 2026<br><small>Zone : Agglomération Grenobloise (sout.)</small>",27 sept. 2026
5648669,Terrasses de l'Isère rive gauche,38,Isère,SOU,alerte,Alerte,2,2026-08-20,2026-09-30,38-2026-08-20-00004 [Isère],"<b>Eaux souterraines</b><br><span style=""background:orange;color:#fff;padding:2px 7px;border-radius:4px;font-weight:bold;font-size:0.85em"">Alerte</span><br>du 20 août 2026 au 30 sept. 2026<br><small>Zone : Terrasses de l'Isère rive gauche</small>",27 sept. 2026
5651686,bassin de la Divette et Verse,60,Oise,SOU,alerte,Alerte,2,2026-09-15,,DDT60 - 20260915,"<b>Eaux souterraines</b><br><span style=""background:orange;color:#fff;padding:2px 7px;border-radius:4px;font-weight:bold;font-size:0.85em"">Alerte</span><br>depuis le 15 sept. 2026<br><small>Zone : bassin de la Divette et Verse</small>",27 sept. 2026
5651689,bassin de la Brêche,60,Oise,SOU,alerte,Alerte,2,2026-09-15,,DDT60 - 20260915,"<b>Eaux souterraines</b><br><span style=""background:orange;color:#fff;padding:2px 7px;border-radius:4px;font-weight:bold;font-size:0.85em"">Alerte</span><br>depuis le 15 sept. 2026<br><small>Zone : bassin de la Brêche</small>",27 sept. 2026
5651701,bassin de l'Ourcq,60,Oise,SOU,alerte,Alerte,2,2026-09-15,,DDT60 - 20260915,"<b>Eaux souterraines</b><br><span style=""background:orange;color:#fff;padding:2px 7px;border-radius:4px;font-weight:bold;font-size:0.85em"">Alerte</span><br>depuis le 15 sept. 2026<br><small>Zone : bassin de l'Ourcq</small>",27 sept. 2026
5647959,Zone 6,2A,Corse-du-Sud,SOU,alerte_renforcee,Alerte renforcée,3,2026-08-07,2026-10-31,2A-2026-08-07-00001,"<b>Eaux souterraines</b><br><span style=""background:red;color:#fff;padding:2px 7px;border-radius:4px;font-weight:bold;font-size:0.85em"">Alerte renforcée</span><br>du 7 août 2026 au 31 oct. 2026<br><small>Zone : Zone 6</small>",27 sept. 2026
5647961,Zone 2,2A,Corse-du-Sud,SOU,alerte_renforcee,Alerte renforcée,3,2026-08-07,2026-10-31,2A-2026-08-07-00001,"<b>Eaux souterraines</b><br><span style=""background:red;color:#fff;padding:2px 7px;border-radius:4px;font-weight:bold;font-size:0.85em"">Alerte renforcée</span><br>du 7 août 2026 au 31 oct. 2026<br><small>Zone : Zone 2</small>",27 sept. 2026
5647962,Zone 1,2A,Corse-du-Sud,SOU,alerte_renforcee,Alerte renforcée,3,2026-08-07,2026-10-31,2A-2026-08-07-00001,"<b>Eaux souterraines</b><br><span style=""background:red;color:#fff;padding:2px 7px;border-radius:4px;font-weight:bold;font-size:0.85em"">Alerte renforcée</span><br>du 7 août 2026 au 31 oct. 2026<br><small>Zone : Zone 1</small>",27 sept. 2026
5653610,Sèvre Niortaise Amont - eaux souterraines,79,Deux-Sèvres,SOU,alerte_renforcee,Alerte renforcée,3,2026-08-12,2026-10-31,20260811_AP_SNMP,"<b>Eaux souterraines</b><br><span style=""background:red;color:#fff;padding:2px 7px;border-radius:4px;font-weight:bold;font-size:0.85em"">Alerte renforcée</span><br>du 12 août 2026 au 31 oct. 2026<br><small>Zone : Sèvre Niortaise Amont - eaux souterraines</small>",27 sept. 2026
5653613,Sèvre Niortaise Moyenne - eaux souterraines,79,Deux-Sèvres,SOU,alerte_renforcee,Alerte renforcée,3,2026-08-12,2026-10-31,20260811_AP_SNMP,"<b>Eaux souterraines</b><br><span style=""background:red;color:#fff;padding:2px 7px;border-radius:4px;font-weight:bold;font-size:0.85em"">Alerte renforcée</span><br>du 12 août 2026 au 31 oct. 2026<br><small>Zone : Sèvre Niortaise Moyenne - eaux souterraines</small>",27 sept. 2026
5653614,Mignon Courance - eaux souterraines,79,Deux-Sèvres,SOU,alerte_renforcee,Alerte renforcée,3,2026-08-12,2026-10-31,20260811_AP_SNMP,"<b>Eaux souterraines</b><br><span style=""background:red;color:#fff;padding:2px 7px;border-radius:4px;font-weight:bold;font-size:0.85em"">Alerte renforcée</span><br>du 12 août 2026 au 31 oct. 2026<br><small>Zone : Mignon Courance - eaux souterraines</small>",27 sept. 2026
5653637,Thouaret - eaux souterraines,79,Deux-Sèvres,SOU,alerte_renforcee,Alerte renforcée,3,2026-09-12,2026-10-31,20260911_AP_TTA,"<b>Eaux souterraines</b><br><span style=""background:red;color:#fff;padding:2px 7px;border-radius:4px;font-weight:bold;font-size:0.85em"">Alerte renforcée</span><br>du 12 sept. 2026 au 31 oct. 2026<br><small>Zone : Thouaret - eaux souterraines</small>",27 sept. 2026
5653638,Argenton - eaux souterraines,79,Deux-Sèvres,SOU,alerte_renforcee,Alerte renforcée,3,2026-09-12,2026-10-31,20260911_AP_TTA,"<b>Eaux souterraines</b><br><span style=""background:red;color:#fff;padding:2px 7px;border-radius:4px;font-weight:bold;font-size:0.85em"">Alerte renforcée</span><br>du 12 sept. 2026 au 31 oct. 2026<br><small>Zone : Argenton - eaux souterraines</small>",27 sept. 2026
5653640,Dive du Nord - eaux souterraines,79,Deux-Sèvres,SOU,alerte_renforcee,Alerte renforcée,3,2026-08-27,2026-10-31,20260826_Dive du nord,"<b>Eaux souterraines</b><br><span style=""background:red;color:#fff;padding:2px 7px;border-radius:4px;font-weight:bold;font-size:0.85em"">Alerte renforcée</span><br>du 27 août 2026 au 31 oct. 2026<br><small>Zone : Dive du Nord - eaux souterraines</small>",27 sept. 2026
5647200,Secteur Orne Moyenne - ESO,14,Calvados,SOU,alerte_renforcee,Alerte renforcée,3,2026-09-11,2026-10-31,2026_06,"<b>Eaux souterraines</b><br><span style=""background:red;color:#fff;padding:2px 7px;border-radius:4px;font-weight:bold;font-size:0.85em"">Alerte renforcée</span><br>du 11 sept. 2026 au 31 oct. 2026<br><small>Zone : Secteur Orne Moyenne - ESO</small>",27 sept. 2026
5653603,Lambon - eaux souterraines,79,Deux-Sèvres,SOU,alerte_renforcee,Alerte renforcée,3,2026-08-12,2026-10-31,20260811_AP_SNMP,"<b>Eaux souterraines</b><br><span style=""background:red;color:#fff;padding:2px 7px;border-radius:4px;font-weight:bold;font-size:0.85em"">Alerte renforcée</span><br>du 12 août 2026 au 31 oct. 2026<br><small>Zone : Lambon - eaux souterraines</small>",27 sept. 2026
5647986,Ardeche gardoise (sout),30,Gard,SOU,alerte_renforcee,Alerte renforcée,3,2026-08-21,2026-10-31,30-2026-08-21-00001,"<b>Eaux souterraines</b><br><span style=""background:red;color:#fff;padding:2px 7px;border-radius:4px;font-weight:bold;font-size:0.85em"">Alerte renforcée</span><br>du 21 août 2026 au 31 oct. 2026<br><small>Zone : Ardeche gardoise (sout)</small>",27 sept. 2026
5647991,Cèze aval (de sa confluence avec la Claysse jusqu'au Rhône) (sout),30,Gard,SOU,alerte_renforcee,Alerte renforcée,3,2026-08-21,2026-10-31,30-2026-08-21-00001,"<b>Eaux souterraines</b><br><span style=""background:red;color:#fff;padding:2px 7px;border-radius:4px;font-weight:bold;font-size:0.85em"">Alerte renforcée</span><br>du 21 août 2026 au 31 oct. 2026<br><small>Zone : Cèze aval (de sa confluence avec la Claysse jusqu'au Rhône) (sout)</small>",27 sept. 2026
5647992,Gardon aval (prise d'eau canal d'irrigation de Boucoiran pont de la RN 106 jusqu'au Pont de Montfrin) (sout),30,Gard,SOU,alerte_renforcee,Alerte renforcée,3,2026-08-21,2026-10-31,30-2026-08-21-00001,"<b>Eaux souterraines</b><br><span style=""background:red;color:#fff;padding:2px 7px;border-radius:4px;font-weight:bold;font-size:0.85em"">Alerte renforcée</span><br>du 21 août 2026 au 31 oct. 2026<br><small>Zone : Gardon aval (prise d'eau canal d'irrigation de Boucoiran pont de la RN 106 jusqu'au Pont de Montfrin) (sout)</small>",27 sept. 2026
5648003,Dourbie et Trevezel (sout),30,Gard,SOU,alerte_renforcee,Alerte renforcée,3,2026-08-21,2026-10-31,30-2026-08-21-00001,"<b>Eaux souterraines</b><br><span style=""background:red;color:#fff;padding:2px 7px;border-radius:4px;font-weight:bold;font-size:0.85em"">Alerte renforcée</span><br>du 21 août 2026 au 31 oct. 2026<br><small>Zone : Dourbie et Trevezel (sout)</small>",27 sept. 2026
5650124,zone non couverte par l'arrêté cadre,57,Moselle,SOU,alerte_renforcee,Alerte renforcée,3,2026-09-01,2026-09-30,2026-DDT/SABE/EAU N°80,"<b>Eaux souterraines</b><br><span style=""background:red;color:#fff;padding:2px 7px;border-radius:4px;font-weight:bold;font-size:0.85em"">Alerte renforcée</span><br>du 1 sept. 2026 au 30 sept. 2026<br><small>Zone : zone non couverte par l'arrêté cadre</small>",27 sept. 2026
5647196,Secteur Orne Aval - ESO,14,Calvados,SOU,alerte_renforcee,Alerte renforcée,3,2026-09-11,2026-10-31,2026_06,"<b>Eaux souterraines</b><br><span style=""background:red;color:#fff;padding:2px 7px;border-radius:4px;font-weight:bold;font-size:0.85em"">Alerte renforcée</span><br>du 11 sept. 2026 au 31 oct. 2026<br><small>Zone : Secteur Orne Aval - ESO</small>",27 sept. 2026
5645149,Petit Morin souterraine,02,Aisne,SOU,alerte_renforcee,Alerte renforcée,3,2026-08-26,,ENV/PE/2026/046,"<b>Eaux souterraines</b><br><span style=""background:red;color:#fff;padding:2px 7px;border-radius:4px;font-weight:bold;font-size:0.85em"">Alerte renforcée</span><br>depuis le 26 août 2026<br><small>Zone : Petit Morin souterraine</small>",27 sept. 2026
5647313,Bassin Le Mignon,17,Charente-Maritime,SOU,alerte_renforcee,Alerte renforcée,3,2026-09-18,2026-10-31,26EB600 Marais Poitevin,"<b>Eaux souterraines</b><br><span style=""background:red;color:#fff;padding:2px 7px;border-radius:4px;font-weight:bold;font-size:0.85em"">Alerte renforcée</span><br>du 18 sept. 2026 au 31 oct. 2026<br><small>Zone : Bassin Le Mignon</small>",27 sept. 2026
5647294,Bassin de la Seudre moyenne,17,Charente-Maritime,SOU,alerte_renforcee,Alerte renforcée,3,2026-09-18,2026-10-31,26B599 Charente,"<b>Eaux souterraines</b><br><span style=""background:red;color:#fff;padding:2px 7px;border-radius:4px;font-weight:bold;font-size:0.85em"">Alerte renforcée</span><br>du 18 sept. 2026 au 31 oct. 2026<br><small>Zone : Bassin de la Seudre moyenne</small>",27 sept. 2026
5645121,Dombes - Sud,01,Ain,SOU,alerte_renforcee,Alerte renforcée,3,2026-08-20,2026-10-31,2026-07,"<b>Eaux souterraines</b><br><span style=""background:red;color:#fff;padding:2px 7px;border-radius:4px;font-weight:bold;font-size:0.85em"">Alerte renforcée</span><br>du 20 août 2026 au 31 oct. 2026<br><small>Zone : Dombes - Sud</small>",27 sept. 2026
5646144,Ouvèze,07,Ardèche,SOU,alerte_renforcee,Alerte renforcée,3,2026-09-21,2026-10-31,07-2026-09-21-00005,"<b>Eaux souterraines</b><br><span style=""background:red;color:#fff;padding:2px 7px;border-radius:4px;font-weight:bold;font-size:0.85em"">Alerte renforcée</span><br>du 21 sept. 2026 au 31 oct. 2026<br><small>Zone : Ouvèze</small>",27 sept. 2026
5646147,Beaume-Chassezac,07,Ardèche,SOU,alerte_renforcee,Alerte renforcée,3,2026-09-21,2026-10-31,07-2026-09-21-00005,"<b>Eaux souterraines</b><br><span style=""background:red;color:#fff;padding:2px 7px;border-radius:4px;font-weight:bold;font-size:0.85em"">Alerte renforcée</span><br>du 21 sept. 2026 au 31 oct. 2026<br><small>Zone : Beaume-Chassezac</small>",27 sept. 2026
5647308,Ile d'Oléron,17,Charente-Maritime,SOU,alerte_renforcee,Alerte renforcée,3,2026-08-13,2026-10-31,26EB549 AR Hors ZRE,"<b>Eaux souterraines</b><br><span style=""background:red;color:#fff;padding:2px 7px;border-radius:4px;font-weight:bold;font-size:0.85em"">Alerte renforcée</span><br>du 13 août 2026 au 31 oct. 2026<br><small>Zone : Ile d'Oléron</small>",27 sept. 2026
5652799,Sud-Ouest Lémanique,74,Haute-Savoie,SOU,alerte_renforcee,Alerte renforcée,3,2026-08-20,2026-09-30,DDT-2026-1031,"<b>Eaux souterraines</b><br><span style=""background:red;color:#fff;padding:2px 7px;border-radius:4px;font-weight:bold;font-size:0.85em"">Alerte renforcée</span><br>du 20 août 2026 au 30 sept. 2026<br><small>Zone : Sud-Ouest Lémanique</small>",27 sept. 2026
5652802,Fier,74,Haute-Savoie,SOU,alerte_renforcee,Alerte renforcée,3,2026-08-20,2026-09-30,DDT-2026-1031,"<b>Eaux souterraines</b><br><span style=""background:red;color:#fff;padding:2px 7px;border-radius:4px;font-weight:bold;font-size:0.85em"">Alerte renforcée</span><br>du 20 août 2026 au 30 sept. 2026<br><small>Zone : Fier</small>",27 sept. 2026
5652774,Guiers - Chartreuse,73,Savoie,SOU,alerte_renforcee,Alerte renforcée,3,2026-09-25,2026-10-30,2026-1220,"<b>Eaux souterraines</b><br><span style=""background:red;color:#fff;padding:2px 7px;border-radius:4px;font-weight:bold;font-size:0.85em"">Alerte renforcée</span><br>du 25 sept. 2026 au 30 oct. 2026<br><small>Zone : Guiers - Chartreuse</small>",27 sept. 2026
5652779,Lac du Bourget - Albanais,73,Savoie,SOU,alerte_renforcee,Alerte renforcée,3,2026-09-25,2026-10-30,2026-1220,"<b>Eaux souterraines</b><br><span style=""background:red;color:#fff;padding:2px 7px;border-radius:4px;font-weight:bold;font-size:0.85em"">Alerte renforcée</span><br>du 25 sept. 2026 au 30 oct. 2026<br><small>Zone : Lac du Bourget - Albanais</small>",27 sept. 2026
5652781,Combe de Savoie - Val Gelon,73,Savoie,SOU,alerte_renforcee,Alerte renforcée,3,2026-09-25,2026-10-30,2026-1220,"<b>Eaux souterraines</b><br><span style=""background:red;color:#fff;padding:2px 7px;border-radius:4px;font-weight:bold;font-size:0.85em"">Alerte renforcée</span><br>du 25 sept. 2026 au 30 oct. 2026<br><small>Zone : Combe de Savoie - Val Gelon</small>",27 sept. 2026
5647045,4. Secteur Aude aval (hors axe réalimenté),11,Aude,SOU,alerte_renforcee,Alerte renforcée,3,2026-09-18,2026-10-31,DDTM-SAFEB-2026-16,"<b>Eaux souterraines</b><br><span style=""background:red;color:#fff;padding:2px 7px;border-radius:4px;font-weight:bold;font-size:0.85em"">Alerte renforcée</span><br>du 18 sept. 2026 au 31 oct. 2026<br><small>Zone : 4. Secteur Aude aval (hors axe réalimenté)</small>",27 sept. 2026
5647046,15. Hers-Vif non réalimenté et autres affluents,11,Aude,SOU,alerte_renforcee,Alerte renforcée,3,2026-09-18,2026-10-31,DDTM-SAFEB-2026-16,"<b>Eaux souterraines</b><br><span style=""background:red;color:#fff;padding:2px 7px;border-radius:4px;font-weight:bold;font-size:0.85em"">Alerte renforcée</span><br>du 18 sept. 2026 au 31 oct. 2026<br><small>Zone : 15. Hers-Vif non réalimenté et autres affluents</small>",27 sept. 2026
5647051,"2. Axe réalimenté Aude médiane et aval et canal du Midi, y compris ses annexes (canal de Jonction, canal de la Robine)",11,Aude,SOU,alerte_renforcee,Alerte renforcée,3,2026-09-18,2026-10-31,DDTM-SAFEB-2026-16,"<b>Eaux souterraines</b><br><span style=""background:red;color:#fff;padding:2px 7px;border-radius:4px;font-weight:bold;font-size:0.85em"">Alerte renforcée</span><br>du 18 sept. 2026 au 31 oct. 2026<br><small>Zone : 2. Axe réalimenté Aude médiane et aval et canal du Midi, y compris ses annexes (canal de Jonction, canal de la Robine)</small>",27 sept. 2026
5646116,Zone dépendant des bassins Brague et Var aval,06,Alpes-Maritimes,SOU,alerte_renforcee,Alerte renforcée,3,2026-08-14,2026-10-31,AP-2026-110,"<b>Eaux souterraines</b><br><span style=""background:red;color:#fff;padding:2px 7px;border-radius:4px;font-weight:bold;font-size:0.85em"">Alerte renforcée</span><br>du 14 août 2026 au 31 oct. 2026<br><small>Zone : Zone dépendant des bassins Brague et Var aval</small>",27 sept. 2026
5652724,Vaudelle-Merdereau-Orthe,72,Sarthe,SOU,alerte_renforcee,Alerte renforcée,3,2026-09-24,,AP n°13 du 22 09 2026,"<b>Eaux souterraines</b><br><span style=""background:red;color:#fff;padding:2px 7px;border-radius:4px;font-weight:bold;font-size:0.85em"">Alerte renforcée</span><br>depuis le 24 sept. 2026<br><small>Zone : Vaudelle-Merdereau-Orthe</small>",27 sept. 2026
5652739,Orne Saosnoise,72,Sarthe,SOU,alerte_renforcee,Alerte renforcée,3,2026-09-24,,AP n°13 du 22 09 2026,"<b>Eaux souterraines</b><br><span style=""background:red;color:#fff;padding:2px 7px;border-radius:4px;font-weight:bold;font-size:0.85em"">Alerte renforcée</span><br>depuis le 24 sept. 2026<br><small>Zone : Orne Saosnoise</small>",27 sept. 2026
5652746,Gée,72,Sarthe,SOU,alerte_renforcee,Alerte renforcée,3,2026-09-24,,AP n°13 du 22 09 2026,"<b>Eaux souterraines</b><br><span style=""background:red;color:#fff;padding:2px 7px;border-radius:4px;font-weight:bold;font-size:0.85em"">Alerte renforcée</span><br>depuis le 24 sept. 2026<br><small>Zone : Gée</small>",27 sept. 2026
5652751,Sarthe amont,72,Sarthe,SOU,alerte_renforcee,Alerte renforcée,3,2026-09-24,,AP n°13 du 22 09 2026,"<b>Eaux souterraines</b><br><span style=""background:red;color:#fff;padding:2px 7px;border-radius:4px;font-weight:bold;font-size:0.85em"">Alerte renforcée</span><br>depuis le 24 sept. 2026<br><small>Zone : Sarthe amont</small>",27 sept. 2026
5652809,Arve médian,74,Haute-Savoie,SOU,alerte_renforcee,Alerte renforcée,3,2026-08-20,2026-09-30,DDT-2026-1031,"<b>Eaux souterraines</b><br><span style=""background:red;color:#fff;padding:2px 7px;border-radius:4px;font-weight:bold;font-size:0.85em"">Alerte renforcée</span><br>du 20 août 2026 au 30 sept. 2026<br><small>Zone : Arve médian</small>",27 sept. 2026
5652811,Arve aval,74,Haute-Savoie,SOU,alerte_renforcee,Alerte renforcée,3,2026-08-20,2026-09-30,DDT-2026-1031,"<b>Eaux souterraines</b><br><span style=""background:red;color:#fff;padding:2px 7px;border-radius:4px;font-weight:bold;font-size:0.85em"">Alerte renforcée</span><br>du 20 août 2026 au 30 sept. 2026<br><small>Zone : Arve aval</small>",27 sept. 2026
5649996,zone non couverte par l'arrêté cadre,52,Haute-Marne,SOU,alerte_renforcee,Alerte renforcée,3,2026-08-11,2026-10-31,52-2026-08-00045,"<b>Eaux souterraines</b><br><span style=""background:red;color:#fff;padding:2px 7px;border-radius:4px;font-weight:bold;font-size:0.85em"">Alerte renforcée</span><br>du 11 août 2026 au 31 oct. 2026<br><small>Zone : zone non couverte par l'arrêté cadre</small>",27 sept. 2026
5646126,Zone dépendant des bassins de la Siagne amont et  Loup,06,Alpes-Maritimes,SOU,alerte_renforcee,Alerte renforcée,3,2026-08-14,2026-10-31,AP-2026-110,"<b>Eaux souterraines</b><br><span style=""background:red;color:#fff;padding:2px 7px;border-radius:4px;font-weight:bold;font-size:0.85em"">Alerte renforcée</span><br>du 14 août 2026 au 31 oct. 2026<br><small>Zone : Zone dépendant des bassins de la Siagne amont et  Loup</small>",27 sept. 2026
5646131,Zone dépendant des bassins Loup et Esteron,06,Alpes-Maritimes,SOU,alerte_renforcee,Alerte renforcée,3,2026-08-14,2026-10-31,AP-2026-110,"<b>Eaux souterraines</b><br><span style=""background:red;color:#fff;padding:2px 7px;border-radius:4px;font-weight:bold;font-size:0.85em"">Alerte renforcée</span><br>du 14 août 2026 au 31 oct. 2026<br><small>Zone : Zone dépendant des bassins Loup et Esteron</small>",27 sept. 2026
5654041,Zone de gestion Yonne Moyenne,89,Yonne,SOU,alerte_renforcee,Alerte renforcée,3,2026-09-04,2026-12-31,DDT/SEE/2026/0072,"<b>Eaux souterraines</b><br><span style=""background:red;color:#fff;padding:2px 7px;border-radius:4px;font-weight:bold;font-size:0.85em"">Alerte renforcée</span><br>du 4 sept. 2026 au 31 déc. 2026<br><small>Zone : Zone de gestion Yonne Moyenne</small>",27 sept. 2026
5654043,Zone de gestion Loing,89,Yonne,SOU,alerte_renforcee,Alerte renforcée,3,2026-09-04,2026-12-31,DDT/SEE/2026/0072,"<b>Eaux souterraines</b><br><span style=""background:red;color:#fff;padding:2px 7px;border-radius:4px;font-weight:bold;font-size:0.85em"">Alerte renforcée</span><br>du 4 sept. 2026 au 31 déc. 2026<br><small>Zone : Zone de gestion Loing</small>",27 sept. 2026
5654046,Zone de gestion Armançon Amont,89,Yonne,SOU,alerte_renforcee,Alerte renforcée,3,2026-09-04,2026-12-31,DDT/SEE/2026/0072,"<b>Eaux souterraines</b><br><span style=""background:red;color:#fff;padding:2px 7px;border-radius:4px;font-weight:bold;font-size:0.85em"">Alerte renforcée</span><br>du 4 sept. 2026 au 31 déc. 2026<br><small>Zone : Zone de gestion Armançon Amont</small>",27 sept. 2026
5654048,Zone de gestion Vanne,89,Yonne,SOU,alerte_renforcee,Alerte renforcée,3,2026-09-04,2026-12-31,DDT/SEE/2026/0072,"<b>Eaux souterraines</b><br><span style=""background:red;color:#fff;padding:2px 7px;border-radius:4px;font-weight:bold;font-size:0.85em"">Alerte renforcée</span><br>du 4 sept. 2026 au 31 déc. 2026<br><small>Zone : Zone de gestion Vanne</small>",27 sept. 2026
5654050,Zone de gestion Ouanne,89,Yonne,SOU,alerte_renforcee,Alerte renforcée,3,2026-09-04,2026-12-31,DDT/SEE/2026/0072,"<b>Eaux souterraines</b><br><span style=""background:red;color:#fff;padding:2px 7px;border-radius:4px;font-weight:bold;font-size:0.85em"">Alerte renforcée</span><br>du 4 sept. 2026 au 31 déc. 2026<br><small>Zone : Zone de gestion Ouanne</small>",27 sept. 2026
5647111,Dourdou de Camares amont et Len,12,Aveyron,SOU,alerte_renforcee,Alerte renforcée,3,2026-08-15,2026-10-31,MN-12-2026-10,"<b>Eaux souterraines</b><br><span style=""background:red;color:#fff;padding:2px 7px;border-radius:4px;font-weight:bold;font-size:0.85em"">Alerte renforcée</span><br>du 15 août 2026 au 31 oct. 2026<br><small>Zone : Dourdou de Camares amont et Len</small>",27 sept. 2026
5646141,Zone dépendant des bassins Loup et Var aval,06,Alpes-Maritimes,SOU,alerte_renforcee,Alerte renforcée,3,2026-08-14,2026-10-31,AP-2026-110,"<b>Eaux souterraines</b><br><span style=""background:red;color:#fff;padding:2px 7px;border-radius:4px;font-weight:bold;font-size:0.85em"">Alerte renforcée</span><br>du 14 août 2026 au 31 oct. 2026<br><small>Zone : Zone dépendant des bassins Loup et Var aval</small>",27 sept. 2026
5646117,Zone dépendant des bassins  Loup et Siagne amont,06,Alpes-Maritimes,SOU,alerte_renforcee,Alerte renforcée,3,2026-08-14,2026-10-31,AP-2026-110,"<b>Eaux souterraines</b><br><span style=""background:red;color:#fff;padding:2px 7px;border-radius:4px;font-weight:bold;font-size:0.85em"">Alerte renforcée</span><br>du 14 août 2026 au 31 oct. 2026<br><small>Zone : Zone dépendant des bassins  Loup et Siagne amont</small>",27 sept. 2026
5646173,Craie de Champagne Nord,08,Ardennes,SOU,alerte_renforcee,Alerte renforcée,3,2026-07-29,2026-10-31,Arrêté n°2026 / 554 Champ Nord - alerte renforcée,"<b>Eaux souterraines</b><br><span style=""background:red;color:#fff;padding:2px 7px;border-radius:4px;font-weight:bold;font-size:0.85em"">Alerte renforcée</span><br>du 29 juil. 2026 au 31 oct. 2026<br><small>Zone : Craie de Champagne Nord</small>",27 sept. 2026
5646118,"Zone dépendant des bassins de la Siagne aval, Siagne amont et Loup",06,Alpes-Maritimes,SOU,alerte_renforcee,Alerte renforcée,3,2026-08-14,2026-10-31,AP-2026-110,"<b>Eaux souterraines</b><br><span style=""background:red;color:#fff;padding:2px 7px;border-radius:4px;font-weight:bold;font-size:0.85em"">Alerte renforcée</span><br>du 14 août 2026 au 31 oct. 2026<br><small>Zone : Zone dépendant des bassins de la Siagne aval, Siagne amont et Loup</small>",27 sept. 2026
5646080,Bassin versant de la Siagne amont,06,Alpes-Maritimes,SOU,alerte_renforcee,Alerte renforcée,3,2026-08-14,2026-10-31,AP-2026-110,"<b>Eaux souterraines</b><br><span style=""background:red;color:#fff;padding:2px 7px;border-radius:4px;font-weight:bold;font-size:0.85em"">Alerte renforcée</span><br>du 14 août 2026 au 31 oct. 2026<br><small>Zone : Bassin versant de la Siagne amont</small>",27 sept. 2026
5646084,Bassin versant du Loup,06,Alpes-Maritimes,SOU,alerte_renforcee,Alerte renforcée,3,2026-08-14,2026-10-31,AP-2026-110,"<b>Eaux souterraines</b><br><span style=""background:red;color:#fff;padding:2px 7px;border-radius:4px;font-weight:bold;font-size:0.85em"">Alerte renforcée</span><br>du 14 août 2026 au 31 oct. 2026<br><small>Zone : Bassin versant du Loup</small>",27 sept. 2026
5646093,Bassin versant des Paillons,06,Alpes-Maritimes,SOU,alerte_renforcee,Alerte renforcée,3,2026-08-14,2026-10-31,AP-2026-110,"<b>Eaux souterraines</b><br><span style=""background:red;color:#fff;padding:2px 7px;border-radius:4px;font-weight:bold;font-size:0.85em"">Alerte renforcée</span><br>du 14 août 2026 au 31 oct. 2026<br><small>Zone : Bassin versant des Paillons</small>",27 sept. 2026
5653654,BASSIN DE LA MAYE,80,Somme,SOU,alerte_renforcee,Alerte renforcée,3,2026-08-21,,Vigi-Authie-Nièvre_Alerte-TsSecteurs_AR-Maye,"<b>Eaux souterraines</b><br><span style=""background:red;color:#fff;padding:2px 7px;border-radius:4px;font-weight:bold;font-size:0.85em"">Alerte renforcée</span><br>depuis le 21 août 2026<br><small>Zone : BASSIN DE LA MAYE</small>",27 sept. 2026
5652844,BRESLE,76,Seine-Maritime,SOU,alerte_renforcee,Alerte renforcée,3,2026-08-20,2026-12-31,76_20260819_Zone1_Alerte_Renforcée_ESU,"<b>Eaux souterraines</b><br><span style=""background:red;color:#fff;padding:2px 7px;border-radius:4px;font-weight:bold;font-size:0.85em"">Alerte renforcée</span><br>du 20 août 2026 au 31 déc. 2026<br><small>Zone : BRESLE</small>",27 sept. 2026
5647122,L'Aveyron source et son bassin,12,Aveyron,SOU,alerte_renforcee,Alerte renforcée,3,2026-08-15,2026-10-31,MN-12-2026-10,"<b>Eaux souterraines</b><br><span style=""background:red;color:#fff;padding:2px 7px;border-radius:4px;font-weight:bold;font-size:0.85em"">Alerte renforcée</span><br>du 15 août 2026 au 31 oct. 2026<br><small>Zone : L'Aveyron source et son bassin</small>",27 sept. 2026
5647128,Le Viaur amont réalimenté,12,Aveyron,SOU,alerte_renforcee,Alerte renforcée,3,2026-08-15,2026-10-31,MN-12-2026-10,"<b>Eaux souterraines</b><br><span style=""background:red;color:#fff;padding:2px 7px;border-radius:4px;font-weight:bold;font-size:0.85em"">Alerte renforcée</span><br>du 15 août 2026 au 31 oct. 2026<br><small>Zone : Le Viaur amont réalimenté</small>",27 sept. 2026
5647132,Affluents rive gauche Truyère,12,Aveyron,SOU,alerte_renforcee,Alerte renforcée,3,2026-08-15,2026-10-31,MN-12-2026-10,"<b>Eaux souterraines</b><br><span style=""background:red;color:#fff;padding:2px 7px;border-radius:4px;font-weight:bold;font-size:0.85em"">Alerte renforcée</span><br>du 15 août 2026 au 31 oct. 2026<br><small>Zone : Affluents rive gauche Truyère</small>",27 sept. 2026
5646179,Meuse et Chiers,08,Ardennes,SOU,alerte_renforcee,Alerte renforcée,3,2026-07-20,2026-10-31,Arrêté n°2026 / 540 meuse-chiers  alerte renforcée,"<b>Eaux souterraines</b><br><span style=""background:red;color:#fff;padding:2px 7px;border-radius:4px;font-weight:bold;font-size:0.85em"">Alerte renforcée</span><br>du 20 juil. 2026 au 31 oct. 2026<br><small>Zone : Meuse et Chiers</small>",27 sept. 2026
5647104,La Serène et ses affluents,12,Aveyron,SOU,alerte_renforcee,Alerte renforcée,3,2026-08-15,2026-10-31,MN-12-2026-10,"<b>Eaux souterraines</b><br><span style=""background:red;color:#fff;padding:2px 7px;border-radius:4px;font-weight:bold;font-size:0.85em"">Alerte renforcée</span><br>du 15 août 2026 au 31 oct. 2026<br><small>Zone : La Serène et ses affluents</small>",27 sept. 2026
5647106,La Bonnette et ses affluents,12,Aveyron,SOU,alerte_renforcee,Alerte renforcée,3,2026-08-15,2026-10-31,MN-12-2026-10,"<b>Eaux souterraines</b><br><span style=""background:red;color:#fff;padding:2px 7px;border-radius:4px;font-weight:bold;font-size:0.85em"">Alerte renforcée</span><br>du 15 août 2026 au 31 oct. 2026<br><small>Zone : La Bonnette et ses affluents</small>",27 sept. 2026
5647110,Célé,12,Aveyron,SOU,alerte_renforcee,Alerte renforcée,3,2026-08-15,2026-10-31,MN-12-2026-10,"<b>Eaux souterraines</b><br><span style=""background:red;color:#fff;padding:2px 7px;border-radius:4px;font-weight:bold;font-size:0.85em"">Alerte renforcée</span><br>du 15 août 2026 au 31 oct. 2026<br><small>Zone : Célé</small>",27 sept. 2026
5647113,Dourdou de Conques,12,Aveyron,SOU,alerte_renforcee,Alerte renforcée,3,2026-08-15,2026-10-31,MN-12-2026-10,"<b>Eaux souterraines</b><br><span style=""background:red;color:#fff;padding:2px 7px;border-radius:4px;font-weight:bold;font-size:0.85em"">Alerte renforcée</span><br>du 15 août 2026 au 31 oct. 2026<br><small>Zone : Dourdou de Conques</small>",27 sept. 2026
5647140,Affluents rive droite du Tarn médian,12,Aveyron,SOU,alerte_renforcee,Alerte renforcée,3,2026-08-15,2026-10-31,MN-12-2026-10,"<b>Eaux souterraines</b><br><span style=""background:red;color:#fff;padding:2px 7px;border-radius:4px;font-weight:bold;font-size:0.85em"">Alerte renforcée</span><br>du 15 août 2026 au 31 oct. 2026<br><small>Zone : Affluents rive droite du Tarn médian</small>",27 sept. 2026
5647148,L'Aveyron médian et son bassin,12,Aveyron,SOU,alerte_renforcee,Alerte renforcée,3,2026-08-15,2026-10-31,MN-12-2026-10,"<b>Eaux souterraines</b><br><span style=""background:red;color:#fff;padding:2px 7px;border-radius:4px;font-weight:bold;font-size:0.85em"">Alerte renforcée</span><br>du 15 août 2026 au 31 oct. 2026<br><small>Zone : L'Aveyron médian et son bassin</small>",27 sept. 2026
5647154,Le Viaur aval réalimenté,12,Aveyron,SOU,alerte_renforcee,Alerte renforcée,3,2026-08-15,2026-10-31,MN-12-2026-10,"<b>Eaux souterraines</b><br><span style=""background:red;color:#fff;padding:2px 7px;border-radius:4px;font-weight:bold;font-size:0.85em"">Alerte renforcée</span><br>du 15 août 2026 au 31 oct. 2026<br><small>Zone : Le Viaur aval réalimenté</small>",27 sept. 2026
5647183,Réal de Jouques,13,Bouches-du-Rhône,SOU,alerte_renforcee,Alerte renforcée,3,2026-07-31,2026-10-15,2026-424-SE,"<b>Eaux souterraines</b><br><span style=""background:red;color:#fff;padding:2px 7px;border-radius:4px;font-weight:bold;font-size:0.85em"">Alerte renforcée</span><br>du 31 juil. 2026 au 15 oct. 2026<br><small>Zone : Réal de Jouques</small>",27 sept. 2026
5647163,Arc aval,13,Bouches-du-Rhône,SOU,alerte_renforcee,Alerte renforcée,3,2026-07-31,2026-10-15,2026-424-SE,"<b>Eaux souterraines</b><br><span style=""background:red;color:#fff;padding:2px 7px;border-radius:4px;font-weight:bold;font-size:0.85em"">Alerte renforcée</span><br>du 31 juil. 2026 au 15 oct. 2026<br><small>Zone : Arc aval</small>",27 sept. 2026
5647165,Arc amont,13,Bouches-du-Rhône,SOU,alerte_renforcee,Alerte renforcée,3,2026-07-31,2026-10-15,2026-424-SE,"<b>Eaux souterraines</b><br><span style=""background:red;color:#fff;padding:2px 7px;border-radius:4px;font-weight:bold;font-size:0.85em"">Alerte renforcée</span><br>du 31 juil. 2026 au 15 oct. 2026<br><small>Zone : Arc amont</small>",27 sept. 2026
5647241,Aubrac,15,Cantal,SOU,alerte_renforcee,Alerte renforcée,3,2026-09-18,,2026-199,"<b>Eaux souterraines</b><br><span style=""background:red;color:#fff;padding:2px 7px;border-radius:4px;font-weight:bold;font-size:0.85em"">Alerte renforcée</span><br>depuis le 18 sept. 2026<br><small>Zone : Aubrac</small>",27 sept. 2026
5647229,Cere,15,Cantal,SOU,alerte_renforcee,Alerte renforcée,3,2026-09-18,,2026-199,"<b>Eaux souterraines</b><br><span style=""background:red;color:#fff;padding:2px 7px;border-radius:4px;font-weight:bold;font-size:0.85em"">Alerte renforcée</span><br>depuis le 18 sept. 2026<br><small>Zone : Cere</small>",27 sept. 2026
5647230,Cele_hors_Veyre,15,Cantal,SOU,alerte_renforcee,Alerte renforcée,3,2026-09-18,,2026-199,"<b>Eaux souterraines</b><br><span style=""background:red;color:#fff;padding:2px 7px;border-radius:4px;font-weight:bold;font-size:0.85em"">Alerte renforcée</span><br>depuis le 18 sept. 2026<br><small>Zone : Cele_hors_Veyre</small>",27 sept. 2026
5650045,Bassin de l'Aisne partie du département 55,55,Meuse,SOU,alerte_renforcee,Alerte renforcée,3,2026-09-02,2026-11-02,11640-2026-DDT-SE,"<b>Eaux souterraines</b><br><span style=""background:red;color:#fff;padding:2px 7px;border-radius:4px;font-weight:bold;font-size:0.85em"">Alerte renforcée</span><br>du 2 sept. 2026 au 2 nov. 2026<br><small>Zone : Bassin de l'Aisne partie du département 55</small>",27 sept. 2026
5650046,Bassin Saulx-Ornain partie du département 55,55,Meuse,SOU,alerte_renforcee,Alerte renforcée,3,2026-09-02,2026-11-02,11640-2026-DDT-SE,"<b>Eaux souterraines</b><br><span style=""background:red;color:#fff;padding:2px 7px;border-radius:4px;font-weight:bold;font-size:0.85em"">Alerte renforcée</span><br>du 2 sept. 2026 au 2 nov. 2026<br><small>Zone : Bassin Saulx-Ornain partie du département 55</small>",27 sept. 2026
5650049,Meuse aval et Chiers partie du département 55,55,Meuse,SOU,alerte_renforcee,Alerte renforcée,3,2026-09-02,2026-11-02,11640-2026-DDT-SE,"<b>Eaux souterraines</b><br><span style=""background:red;color:#fff;padding:2px 7px;border-radius:4px;font-weight:bold;font-size:0.85em"">Alerte renforcée</span><br>du 2 sept. 2026 au 2 nov. 2026<br><small>Zone : Meuse aval et Chiers partie du département 55</small>",27 sept. 2026
5650050,Meuse amont et médiane partie du département 55,55,Meuse,SOU,alerte_renforcee,Alerte renforcée,3,2026-09-02,2026-11-02,11640-2026-DDT-SE,"<b>Eaux souterraines</b><br><span style=""background:red;color:#fff;padding:2px 7px;border-radius:4px;font-weight:bold;font-size:0.85em"">Alerte renforcée</span><br>du 2 sept. 2026 au 2 nov. 2026<br><small>Zone : Meuse amont et médiane partie du département 55</small>",27 sept. 2026
5650079,Groix,56,Morbihan,SOU,alerte_renforcee,Alerte renforcée,3,2026-08-08,2026-11-30,20260807_AP_AR_Iles,"<b>Eaux souterraines</b><br><span style=""background:red;color:#fff;padding:2px 7px;border-radius:4px;font-weight:bold;font-size:0.85em"">Alerte renforcée</span><br>du 8 août 2026 au 30 nov. 2026<br><small>Zone : Groix</small>",27 sept. 2026
5650082,Hoedic,56,Morbihan,SOU,alerte_renforcee,Alerte renforcée,3,2026-08-08,2026-11-30,20260807_AP_AR_Iles,"<b>Eaux souterraines</b><br><span style=""background:red;color:#fff;padding:2px 7px;border-radius:4px;font-weight:bold;font-size:0.85em"">Alerte renforcée</span><br>du 8 août 2026 au 30 nov. 2026<br><small>Zone : Hoedic</small>",27 sept. 2026
5650084,Houat,56,Morbihan,SOU,alerte_renforcee,Alerte renforcée,3,2026-08-08,2026-11-30,20260807_AP_AR_Iles,"<b>Eaux souterraines</b><br><span style=""background:red;color:#fff;padding:2px 7px;border-radius:4px;font-weight:bold;font-size:0.85em"">Alerte renforcée</span><br>du 8 août 2026 au 30 nov. 2026<br><small>Zone : Houat</small>",27 sept. 2026
5650085,Belle-Île-en-mer,56,Morbihan,SOU,alerte_renforcee,Alerte renforcée,3,2026-08-08,2026-11-30,20260807_AP_AR_Iles,"<b>Eaux souterraines</b><br><span style=""background:red;color:#fff;padding:2px 7px;border-radius:4px;font-weight:bold;font-size:0.85em"">Alerte renforcée</span><br>du 8 août 2026 au 30 nov. 2026<br><small>Zone : Belle-Île-en-mer</small>",27 sept. 2026
5647238,Truyere-aval,15,Cantal,SOU,alerte_renforcee,Alerte renforcée,3,2026-09-18,,2026-199,"<b>Eaux souterraines</b><br><span style=""background:red;color:#fff;padding:2px 7px;border-radius:4px;font-weight:bold;font-size:0.85em"">Alerte renforcée</span><br>depuis le 18 sept. 2026<br><small>Zone : Truyere-aval</small>",27 sept. 2026
5647330,Bassin de la Grande Sauldre et du Beuvron,18,Cher,SOU,alerte_renforcee,Alerte renforcée,3,2026-09-17,, DDT-2026-360,"<b>Eaux souterraines</b><br><span style=""background:red;color:#fff;padding:2px 7px;border-radius:4px;font-weight:bold;font-size:0.85em"">Alerte renforcée</span><br>depuis le 17 sept. 2026<br><small>Zone : Bassin de la Grande Sauldre et du Beuvron</small>",27 sept. 2026
5647336,Bassin de la Petite Sauldre et de la Rère,18,Cher,SOU,alerte_renforcee,Alerte renforcée,3,2026-09-17,, DDT-2026-360,"<b>Eaux souterraines</b><br><span style=""background:red;color:#fff;padding:2px 7px;border-radius:4px;font-weight:bold;font-size:0.85em"">Alerte renforcée</span><br>depuis le 17 sept. 2026<br><small>Zone : Bassin de la Petite Sauldre et de la Rère</small>",27 sept. 2026
5654070,zone non couverte par l'arrêté cadre,90,Territoire de Belfort,SOU,alerte_renforcee,Alerte renforcée,3,2026-07-17,,90-2026-09-17-00003,"<b>Eaux souterraines</b><br><span style=""background:red;color:#fff;padding:2px 7px;border-radius:4px;font-weight:bold;font-size:0.85em"">Alerte renforcée</span><br>depuis le 17 juil. 2026<br><small>Zone : zone non couverte par l'arrêté cadre</small>",27 sept. 2026
5647291,Bassin de la Seudre aval,17,Charente-Maritime,SOU,alerte_renforcee,Alerte renforcée,3,2026-09-18,2026-10-31,26B599 Charente,"<b>Eaux souterraines</b><br><span style=""background:red;color:#fff;padding:2px 7px;border-radius:4px;font-weight:bold;font-size:0.85em"">Alerte renforcée</span><br>du 18 sept. 2026 au 31 oct. 2026<br><small>Zone : Bassin de la Seudre aval</small>",27 sept. 2026
5647306,Bassin de la Livenne,17,Charente-Maritime,SOU,alerte_renforcee,Alerte renforcée,3,2026-08-13,2026-10-31,26EB549 AR Hors ZRE,"<b>Eaux souterraines</b><br><span style=""background:red;color:#fff;padding:2px 7px;border-radius:4px;font-weight:bold;font-size:0.85em"">Alerte renforcée</span><br>du 13 août 2026 au 31 oct. 2026<br><small>Zone : Bassin de la Livenne</small>",27 sept. 2026
5647309,Ile de Ré,17,Charente-Maritime,SOU,alerte_renforcee,Alerte renforcée,3,2026-08-13,2026-10-31,26EB549 AR Hors ZRE,"<b>Eaux souterraines</b><br><span style=""background:red;color:#fff;padding:2px 7px;border-radius:4px;font-weight:bold;font-size:0.85em"">Alerte renforcée</span><br>du 13 août 2026 au 31 oct. 2026<br><small>Zone : Ile de Ré</small>",27 sept. 2026
5647442,Bèze (SOU),21,Côte-d'Or,SOU,alerte_renforcee,Alerte renforcée,3,2026-08-03,,1283*,"<b>Eaux souterraines</b><br><span style=""background:red;color:#fff;padding:2px 7px;border-radius:4px;font-weight:bold;font-size:0.85em"">Alerte renforcée</span><br>depuis le 3 août 2026<br><small>Zone : Bèze (SOU)</small>",27 sept. 2026
5647443,Armançon amont (SOU),21,Côte-d'Or,SOU,alerte_renforcee,Alerte renforcée,3,2026-08-03,,1283*,"<b>Eaux souterraines</b><br><span style=""background:red;color:#fff;padding:2px 7px;border-radius:4px;font-weight:bold;font-size:0.85em"">Alerte renforcée</span><br>depuis le 3 août 2026<br><small>Zone : Armançon amont (SOU)</small>",27 sept. 2026
5647424,Dheune (SOU),21,Côte-d'Or,SOU,alerte_renforcee,Alerte renforcée,3,2026-08-03,,1283*,"<b>Eaux souterraines</b><br><span style=""background:red;color:#fff;padding:2px 7px;border-radius:4px;font-weight:bold;font-size:0.85em"">Alerte renforcée</span><br>depuis le 3 août 2026<br><small>Zone : Dheune (SOU)</small>",27 sept. 2026
5649472,Adour réalimenté et autres axes influencés Amont Audon,40,Landes,SOU,alerte_renforcee,Alerte renforcée,3,2026-09-26,2026-10-31,AP ACI ADOUR 2026-1246,"<b>Eaux souterraines</b><br><span style=""background:red;color:#fff;padding:2px 7px;border-radius:4px;font-weight:bold;font-size:0.85em"">Alerte renforcée</span><br>du 26 sept. 2026 au 31 oct. 2026<br><small>Zone : Adour réalimenté et autres axes influencés Amont Audon</small>",27 sept. 2026
5649482,Adour réalimenté Amont Lees,40,Landes,SOU,alerte_renforcee,Alerte renforcée,3,2026-09-26,2026-10-31,AP ACI ADOUR 2026-1246,"<b>Eaux souterraines</b><br><span style=""background:red;color:#fff;padding:2px 7px;border-radius:4px;font-weight:bold;font-size:0.85em"">Alerte renforcée</span><br>du 26 sept. 2026 au 31 oct. 2026<br><small>Zone : Adour réalimenté Amont Lees</small>",27 sept. 2026
5649515,Bassin de la Bidouze aval-40,40,Landes,SOU,alerte_renforcee,Alerte renforcée,3,2026-09-25,2026-10-31,AP ACI GAVES 2026-1247,"<b>Eaux souterraines</b><br><span style=""background:red;color:#fff;padding:2px 7px;border-radius:4px;font-weight:bold;font-size:0.85em"">Alerte renforcée</span><br>du 25 sept. 2026 au 31 oct. 2026<br><small>Zone : Bassin de la Bidouze aval-40</small>",27 sept. 2026
5648134,Bassin versant de la Cesse,34,Hérault,SOU,alerte_renforcee,Alerte renforcée,3,2026-09-24,2026-10-31,DDTM34-2026-09-17516,"<b>Eaux souterraines</b><br><span style=""background:red;color:#fff;padding:2px 7px;border-radius:4px;font-weight:bold;font-size:0.85em"">Alerte renforcée</span><br>du 24 sept. 2026 au 31 oct. 2026<br><small>Zone : Bassin versant de la Cesse</small>",27 sept. 2026
5648149,Axe Orb aval Réals,34,Hérault,SOU,alerte_renforcee,Alerte renforcée,3,2026-09-24,2026-10-31,DDTM34-2026-09-17516,"<b>Eaux souterraines</b><br><span style=""background:red;color:#fff;padding:2px 7px;border-radius:4px;font-weight:bold;font-size:0.85em"">Alerte renforcée</span><br>du 24 sept. 2026 au 31 oct. 2026<br><small>Zone : Axe Orb aval Réals</small>",27 sept. 2026
5648153,Bassin versant de l’Aude aval,34,Hérault,SOU,alerte_renforcee,Alerte renforcée,3,2026-09-24,2026-10-31,DDTM34-2026-09-17516,"<b>Eaux souterraines</b><br><span style=""background:red;color:#fff;padding:2px 7px;border-radius:4px;font-weight:bold;font-size:0.85em"">Alerte renforcée</span><br>du 24 sept. 2026 au 31 oct. 2026<br><small>Zone : Bassin versant de l’Aude aval</small>",27 sept. 2026
5649577,Bassin du Beuvron,41,Loir-et-Cher,SOU,alerte_renforcee,Alerte renforcée,3,2026-09-25,,41-2026-09-24-00004,"<b>Eaux souterraines</b><br><span style=""background:red;color:#fff;padding:2px 7px;border-radius:4px;font-weight:bold;font-size:0.85em"">Alerte renforcée</span><br>depuis le 25 sept. 2026<br><small>Zone : Bassin du Beuvron</small>",27 sept. 2026
5649557,Bassin de la Brenne,41,Loir-et-Cher,SOU,alerte_renforcee,Alerte renforcée,3,2026-09-25,,41-2026-09-24-00004,"<b>Eaux souterraines</b><br><span style=""background:red;color:#fff;padding:2px 7px;border-radius:4px;font-weight:bold;font-size:0.85em"">Alerte renforcée</span><br>depuis le 25 sept. 2026<br><small>Zone : Bassin de la Brenne</small>",27 sept. 2026
5649560,Bassin de la Sauldre,41,Loir-et-Cher,SOU,alerte_renforcee,Alerte renforcée,3,2026-09-25,,41-2026-09-24-00004,"<b>Eaux souterraines</b><br><span style=""background:red;color:#fff;padding:2px 7px;border-radius:4px;font-weight:bold;font-size:0.85em"">Alerte renforcée</span><br>depuis le 25 sept. 2026<br><small>Zone : Bassin de la Sauldre</small>",27 sept. 2026
5649569,Bassin de la Masse,41,Loir-et-Cher,SOU,alerte_renforcee,Alerte renforcée,3,2026-09-25,,41-2026-09-24-00004,"<b>Eaux souterraines</b><br><span style=""background:red;color:#fff;padding:2px 7px;border-radius:4px;font-weight:bold;font-size:0.85em"">Alerte renforcée</span><br>depuis le 25 sept. 2026<br><small>Zone : Bassin de la Masse</small>",27 sept. 2026
5649618,Sud LoireSOU,42,Loire,SOU,alerte_renforcee,Alerte renforcée,3,2026-09-14,2026-10-31,DT-42-26-0606,"<b>Eaux souterraines</b><br><span style=""background:red;color:#fff;padding:2px 7px;border-radius:4px;font-weight:bold;font-size:0.85em"">Alerte renforcée</span><br>du 14 sept. 2026 au 31 oct. 2026<br><small>Zone : Sud LoireSOU</small>",27 sept. 2026
5649622,Monts du LyonnaisSOU,42,Loire,SOU,alerte_renforcee,Alerte renforcée,3,2026-09-14,2026-10-31,DT-42-26-0606,"<b>Eaux souterraines</b><br><span style=""background:red;color:#fff;padding:2px 7px;border-radius:4px;font-weight:bold;font-size:0.85em"">Alerte renforcée</span><br>du 14 sept. 2026 au 31 oct. 2026<br><small>Zone : Monts du LyonnaisSOU</small>",27 sept. 2026
5649608,Roannais AixSOU,42,Loire,SOU,alerte_renforcee,Alerte renforcée,3,2026-09-14,2026-10-31,DT-42-26-0606,"<b>Eaux souterraines</b><br><span style=""background:red;color:#fff;padding:2px 7px;border-radius:4px;font-weight:bold;font-size:0.85em"">Alerte renforcée</span><br>du 14 sept. 2026 au 31 oct. 2026<br><small>Zone : Roannais AixSOU</small>",27 sept. 2026
5649600,GierSOU,42,Loire,SOU,alerte_renforcee,Alerte renforcée,3,2026-09-14,2026-10-31,DT-42-26-0606,"<b>Eaux souterraines</b><br><span style=""background:red;color:#fff;padding:2px 7px;border-radius:4px;font-weight:bold;font-size:0.85em"">Alerte renforcée</span><br>du 14 sept. 2026 au 31 oct. 2026<br><small>Zone : GierSOU</small>",27 sept. 2026
5653733,Le Viaur amont réalimenté,81,Tarn,SOU,alerte_renforcee,Alerte renforcée,3,2026-09-12,2026-10-31,260909,"<b>Eaux souterraines</b><br><span style=""background:red;color:#fff;padding:2px 7px;border-radius:4px;font-weight:bold;font-size:0.85em"">Alerte renforcée</span><br>du 12 sept. 2026 au 31 oct. 2026<br><small>Zone : Le Viaur amont réalimenté</small>",27 sept. 2026
5649726,Loing amont,45,Loiret,SOU,alerte_renforcee,Alerte renforcée,3,2026-09-23,,DDT-SEEF-2026-210,"<b>Eaux souterraines</b><br><span style=""background:red;color:#fff;padding:2px 7px;border-radius:4px;font-weight:bold;font-size:0.85em"">Alerte renforcée</span><br>depuis le 23 sept. 2026<br><small>Zone : Loing amont</small>",27 sept. 2026
5654237,Yerres – nappe du Champigny – zone interconnectée agglomération parisienne,91,Essonne,SOU,alerte_renforcee,Alerte renforcée,3,2026-08-01,2026-10-31,2026-301_yerres+13+29_esuo_ar_ph1,"<b>Eaux souterraines</b><br><span style=""background:red;color:#fff;padding:2px 7px;border-radius:4px;font-weight:bold;font-size:0.85em"">Alerte renforcée</span><br>du 1 août 2026 au 31 oct. 2026<br><small>Zone : Yerres – nappe du Champigny – zone interconnectée agglomération parisienne</small>",27 sept. 2026
5654223,Yerres & Seine essonnienne – nappe du Champigny – zone interconnectée agglomération parisienne,91,Essonne,SOU,alerte_renforcee,Alerte renforcée,3,2026-08-01,2026-10-31,2026-301_yerres+14+30_esuo_ar_ph1,"<b>Eaux souterraines</b><br><span style=""background:red;color:#fff;padding:2px 7px;border-radius:4px;font-weight:bold;font-size:0.85em"">Alerte renforcée</span><br>du 1 août 2026 au 31 oct. 2026<br><small>Zone : Yerres & Seine essonnienne – nappe du Champigny – zone interconnectée agglomération parisienne</small>",27 sept. 2026
5649694,Trezee-Ousson,45,Loiret,SOU,alerte_renforcee,Alerte renforcée,3,2026-09-23,,DDT-SEEF-2026-210,"<b>Eaux souterraines</b><br><span style=""background:red;color:#fff;padding:2px 7px;border-radius:4px;font-weight:bold;font-size:0.85em"">Alerte renforcée</span><br>depuis le 23 sept. 2026<br><small>Zone : Trezee-Ousson</small>",27 sept. 2026
5649697,Aveyron,45,Loiret,SOU,alerte_renforcee,Alerte renforcée,3,2026-09-23,,DDT-SEEF-2026-210,"<b>Eaux souterraines</b><br><span style=""background:red;color:#fff;padding:2px 7px;border-radius:4px;font-weight:bold;font-size:0.85em"">Alerte renforcée</span><br>depuis le 23 sept. 2026<br><small>Zone : Aveyron</small>",27 sept. 2026
5649698,Aquiaulne,45,Loiret,SOU,alerte_renforcee,Alerte renforcée,3,2026-09-23,,DDT-SEEF-2026-210,"<b>Eaux souterraines</b><br><span style=""background:red;color:#fff;padding:2px 7px;border-radius:4px;font-weight:bold;font-size:0.85em"">Alerte renforcée</span><br>depuis le 23 sept. 2026<br><small>Zone : Aquiaulne</small>",27 sept. 2026
5649789,La Bonnette,46,Lot,SOU,alerte_renforcee,Alerte renforcée,3,2026-09-19,2026-10-31,AP_E_2026_260,"<b>Eaux souterraines</b><br><span style=""background:red;color:#fff;padding:2px 7px;border-radius:4px;font-weight:bold;font-size:0.85em"">Alerte renforcée</span><br>du 19 sept. 2026 au 31 oct. 2026<br><small>Zone : La Bonnette</small>",27 sept. 2026
5649928,Loir-Sarthe aval,49,Maine-et-Loire,SOU,alerte_renforcee,Alerte renforcée,3,2026-09-17,,DDT-SEEB-PPE-ETIAGE-49 n°2026-12,"<b>Eaux souterraines</b><br><span style=""background:red;color:#fff;padding:2px 7px;border-radius:4px;font-weight:bold;font-size:0.85em"">Alerte renforcée</span><br>depuis le 17 sept. 2026<br><small>Zone : Loir-Sarthe aval</small>",27 sept. 2026
5649935,Argenton,49,Maine-et-Loire,SOU,alerte_renforcee,Alerte renforcée,3,2026-09-17,,DDT-SEEB-PPE-Etiage-TTA-n°2026-07,"<b>Eaux souterraines</b><br><span style=""background:red;color:#fff;padding:2px 7px;border-radius:4px;font-weight:bold;font-size:0.85em"">Alerte renforcée</span><br>depuis le 17 sept. 2026<br><small>Zone : Argenton</small>",27 sept. 2026
5649859,bassin de la Dourbie (sout),48,Lozère,SOU,alerte_renforcee,Alerte renforcée,3,2026-09-26,2026-11-24,DDT-SEB-2026-267-0001,"<b>Eaux souterraines</b><br><span style=""background:red;color:#fff;padding:2px 7px;border-radius:4px;font-weight:bold;font-size:0.85em"">Alerte renforcée</span><br>du 26 sept. 2026 au 24 nov. 2026<br><small>Zone : bassin de la Dourbie (sout)</small>",27 sept. 2026
5648501,Bassin de l'Aigronne,37,Indre-et-Loire,SOU,alerte_renforcee,Alerte renforcée,3,2026-09-27,2026-10-31,Arrêté du 25 SEPTEMBRE 2026,"<b>Eaux souterraines</b><br><span style=""background:red;color:#fff;padding:2px 7px;border-radius:4px;font-weight:bold;font-size:0.85em"">Alerte renforcée</span><br>du 27 sept. 2026 au 31 oct. 2026<br><small>Zone : Bassin de l'Aigronne</small>",27 sept. 2026
5649947,V - Sée - côtiers granvillais - ESO,50,Manche,SOU,alerte_renforcee,Alerte renforcée,3,2026-09-25,2026-10-31,2026-DDTM-SE-189,"<b>Eaux souterraines</b><br><span style=""background:red;color:#fff;padding:2px 7px;border-radius:4px;font-weight:bold;font-size:0.85em"">Alerte renforcée</span><br>du 25 sept. 2026 au 31 oct. 2026<br><small>Zone : V - Sée - côtiers granvillais - ESO</small>",27 sept. 2026
5649948,VI - Sélune - ESO,50,Manche,SOU,alerte_renforcee,Alerte renforcée,3,2026-09-25,2026-10-31,2026-DDTM-SE-189,"<b>Eaux souterraines</b><br><span style=""background:red;color:#fff;padding:2px 7px;border-radius:4px;font-weight:bold;font-size:0.85em"">Alerte renforcée</span><br>du 25 sept. 2026 au 31 oct. 2026<br><small>Zone : VI - Sélune - ESO</small>",27 sept. 2026
5649952,II - Douve - Taute - côtiers nord-est - ESO,50,Manche,SOU,alerte_renforcee,Alerte renforcée,3,2026-09-25,2026-10-31,2026-DDTM-SE-189,"<b>Eaux souterraines</b><br><span style=""background:red;color:#fff;padding:2px 7px;border-radius:4px;font-weight:bold;font-size:0.85em"">Alerte renforcée</span><br>du 25 sept. 2026 au 31 oct. 2026<br><small>Zone : II - Douve - Taute - côtiers nord-est - ESO</small>",27 sept. 2026
5649953,I - Nord Cotentin - ESO,50,Manche,SOU,alerte_renforcee,Alerte renforcée,3,2026-09-25,2026-10-31,2026-DDTM-SE-189,"<b>Eaux souterraines</b><br><span style=""background:red;color:#fff;padding:2px 7px;border-radius:4px;font-weight:bold;font-size:0.85em"">Alerte renforcée</span><br>du 25 sept. 2026 au 31 oct. 2026<br><small>Zone : I - Nord Cotentin - ESO</small>",27 sept. 2026
5649960,Blaise - SOU,51,Marne,SOU,alerte_renforcee,Alerte renforcée,3,2026-08-29,2026-10-31,60-2026-SEC,"<b>Eaux souterraines</b><br><span style=""background:red;color:#fff;padding:2px 7px;border-radius:4px;font-weight:bold;font-size:0.85em"">Alerte renforcée</span><br>du 29 août 2026 au 31 oct. 2026<br><small>Zone : Blaise - SOU</small>",27 sept. 2026
5649962,Saulx et Omain - SOU,51,Marne,SOU,alerte_renforcee,Alerte renforcée,3,2026-08-29,2026-10-31,60-2026-SEC,"<b>Eaux souterraines</b><br><span style=""background:red;color:#fff;padding:2px 7px;border-radius:4px;font-weight:bold;font-size:0.85em"">Alerte renforcée</span><br>du 29 août 2026 au 31 oct. 2026<br><small>Zone : Saulx et Omain - SOU</small>",27 sept. 2026
5649966,Grand Morin - SOU,51,Marne,SOU,alerte_renforcee,Alerte renforcée,3,2026-08-29,2026-10-31,60-2026-SEC,"<b>Eaux souterraines</b><br><span style=""background:red;color:#fff;padding:2px 7px;border-radius:4px;font-weight:bold;font-size:0.85em"">Alerte renforcée</span><br>du 29 août 2026 au 31 oct. 2026<br><small>Zone : Grand Morin - SOU</small>",27 sept. 2026
5649967,Affluents Crayeux Marne et Aisne Aval - SOU,51,Marne,SOU,alerte_renforcee,Alerte renforcée,3,2026-08-29,2026-10-31,60-2026-SEC,"<b>Eaux souterraines</b><br><span style=""background:red;color:#fff;padding:2px 7px;border-radius:4px;font-weight:bold;font-size:0.85em"">Alerte renforcée</span><br>du 29 août 2026 au 31 oct. 2026<br><small>Zone : Affluents Crayeux Marne et Aisne Aval - SOU</small>",27 sept. 2026
5649974,Petit Morin - SOU,51,Marne,SOU,alerte_renforcee,Alerte renforcée,3,2026-08-29,2026-10-31,60-2026-SEC,"<b>Eaux souterraines</b><br><span style=""background:red;color:#fff;padding:2px 7px;border-radius:4px;font-weight:bold;font-size:0.85em"">Alerte renforcée</span><br>du 29 août 2026 au 31 oct. 2026<br><small>Zone : Petit Morin - SOU</small>",27 sept. 2026
5649977,Aisne Amont - SOU,51,Marne,SOU,alerte_renforcee,Alerte renforcée,3,2026-08-29,2026-10-31,60-2026-SEC,"<b>Eaux souterraines</b><br><span style=""background:red;color:#fff;padding:2px 7px;border-radius:4px;font-weight:bold;font-size:0.85em"">Alerte renforcée</span><br>du 29 août 2026 au 31 oct. 2026<br><small>Zone : Aisne Amont - SOU</small>",27 sept. 2026
5649980,Craie de Champagne Nord - SOU,51,Marne,SOU,alerte_renforcee,Alerte renforcée,3,2026-08-29,2026-10-31,60-2026-SEC,"<b>Eaux souterraines</b><br><span style=""background:red;color:#fff;padding:2px 7px;border-radius:4px;font-weight:bold;font-size:0.85em"">Alerte renforcée</span><br>du 29 août 2026 au 31 oct. 2026<br><small>Zone : Craie de Champagne Nord - SOU</small>",27 sept. 2026
5648569,Bassin de la Fare,37,Indre-et-Loire,SOU,alerte_renforcee,Alerte renforcée,3,2026-09-27,2026-10-31,Arrêté du 25 SEPTEMBRE 2026,"<b>Eaux souterraines</b><br><span style=""background:red;color:#fff;padding:2px 7px;border-radius:4px;font-weight:bold;font-size:0.85em"">Alerte renforcée</span><br>du 27 sept. 2026 au 31 oct. 2026<br><small>Zone : Bassin de la Fare</small>",27 sept. 2026
5648577,Bassin de la Brenne,37,Indre-et-Loire,SOU,alerte_renforcee,Alerte renforcée,3,2026-09-27,2026-10-31,Arrêté du 25 SEPTEMBRE 2026,"<b>Eaux souterraines</b><br><span style=""background:red;color:#fff;padding:2px 7px;border-radius:4px;font-weight:bold;font-size:0.85em"">Alerte renforcée</span><br>du 27 sept. 2026 au 31 oct. 2026<br><small>Zone : Bassin de la Brenne</small>",27 sept. 2026
5647813,Bassin de la Drôme,26,Drôme,SOU,alerte_renforcee,Alerte renforcée,3,2026-08-06,2026-10-31,26-2026-08-05-00007,"<b>Eaux souterraines</b><br><span style=""background:red;color:#fff;padding:2px 7px;border-radius:4px;font-weight:bold;font-size:0.85em"">Alerte renforcée</span><br>du 6 août 2026 au 31 oct. 2026<br><small>Zone : Bassin de la Drôme</small>",27 sept. 2026
5651696,bassin de l'Aronde,60,Oise,SOU,alerte_renforcee,Alerte renforcée,3,2026-09-15,,DDT60 - 20260915,"<b>Eaux souterraines</b><br><span style=""background:red;color:#fff;padding:2px 7px;border-radius:4px;font-weight:bold;font-size:0.85em"">Alerte renforcée</span><br>depuis le 15 sept. 2026<br><small>Zone : bassin de l'Aronde</small>",27 sept. 2026
5651700,bassin Oise-Aisne,60,Oise,SOU,alerte_renforcee,Alerte renforcée,3,2026-09-15,,DDT60 - 20260915,"<b>Eaux souterraines</b><br><span style=""background:red;color:#fff;padding:2px 7px;border-radius:4px;font-weight:bold;font-size:0.85em"">Alerte renforcée</span><br>depuis le 15 sept. 2026<br><small>Zone : bassin Oise-Aisne</small>",27 sept. 2026
5647818,Galaure - Drôme des Collines,26,Drôme,SOU,alerte_renforcee,Alerte renforcée,3,2026-08-20,2026-10-31,26-2026-08-18-00007-Galaure-DDC,"<b>Eaux souterraines</b><br><span style=""background:red;color:#fff;padding:2px 7px;border-radius:4px;font-weight:bold;font-size:0.85em"">Alerte renforcée</span><br>du 20 août 2026 au 31 oct. 2026<br><small>Zone : Galaure - Drôme des Collines</small>",27 sept. 2026
5647821,Lez provençal -Lauzon,26,Drôme,SOU,alerte_renforcee,Alerte renforcée,3,2026-07-27,2026-10-31,26-2026-07-27-00004-Lez,"<b>Eaux souterraines</b><br><span style=""background:red;color:#fff;padding:2px 7px;border-radius:4px;font-weight:bold;font-size:0.85em"">Alerte renforcée</span><br>du 27 juil. 2026 au 31 oct. 2026<br><small>Zone : Lez provençal -Lauzon</small>",27 sept. 2026
5652393,Zone d'alerte TOUQUES,61,Orne,SOU,alerte_renforcee,Alerte renforcée,3,2026-09-17,2026-10-31,2350-26-00093,"<b>Eaux souterraines</b><br><span style=""background:red;color:#fff;padding:2px 7px;border-radius:4px;font-weight:bold;font-size:0.85em"">Alerte renforcée</span><br>du 17 sept. 2026 au 31 oct. 2026<br><small>Zone : Zone d'alerte TOUQUES</small>",27 sept. 2026
5652597,BV de l'Arros et de l'Estéous,65,Hautes-Pyrénées,SOU,alerte_renforcee,Alerte renforcée,3,2026-09-12,2026-10-31,65-2026-09-11-00001,"<b>Eaux souterraines</b><br><span style=""background:red;color:#fff;padding:2px 7px;border-radius:4px;font-weight:bold;font-size:0.85em"">Alerte renforcée</span><br>du 12 sept. 2026 au 31 oct. 2026<br><small>Zone : BV de l'Arros et de l'Estéous</small>",27 sept. 2026
5652435,Bassins versants de la Marque et de la Deûle,62,Pas-de-Calais,SOU,alerte_renforcee,Alerte renforcée,3,2026-08-15,2026-10-31,2026-08-14,"<b>Eaux souterraines</b><br><span style=""background:red;color:#fff;padding:2px 7px;border-radius:4px;font-weight:bold;font-size:0.85em"">Alerte renforcée</span><br>du 15 août 2026 au 31 oct. 2026<br><small>Zone : Bassins versants de la Marque et de la Deûle</small>",27 sept. 2026
5652441,Bassin versant de la Lys,62,Pas-de-Calais,SOU,alerte_renforcee,Alerte renforcée,3,2026-08-15,2026-10-31,2026-08-14,"<b>Eaux souterraines</b><br><span style=""background:red;color:#fff;padding:2px 7px;border-radius:4px;font-weight:bold;font-size:0.85em"">Alerte renforcée</span><br>du 15 août 2026 au 31 oct. 2026<br><small>Zone : Bassin versant de la Lys</small>",27 sept. 2026
5652442,Bassins versants des fleuves côtiers du Boulonnais,62,Pas-de-Calais,SOU,alerte_renforcee,Alerte renforcée,3,2026-08-15,2026-10-31,2026-08-14,"<b>Eaux souterraines</b><br><span style=""background:red;color:#fff;padding:2px 7px;border-radius:4px;font-weight:bold;font-size:0.85em"">Alerte renforcée</span><br>du 15 août 2026 au 31 oct. 2026<br><small>Zone : Bassins versants des fleuves côtiers du Boulonnais</small>",27 sept. 2026
5652444,Bassins versants de l’Audomarois et du delta de l'Aa,62,Pas-de-Calais,SOU,alerte_renforcee,Alerte renforcée,3,2026-08-15,2026-10-31,2026-08-14,"<b>Eaux souterraines</b><br><span style=""background:red;color:#fff;padding:2px 7px;border-radius:4px;font-weight:bold;font-size:0.85em"">Alerte renforcée</span><br>du 15 août 2026 au 31 oct. 2026<br><small>Zone : Bassins versants de l’Audomarois et du delta de l'Aa</small>",27 sept. 2026
5648531,Bassin de la Maulne,37,Indre-et-Loire,SOU,alerte_renforcee,Alerte renforcée,3,2026-09-27,2026-10-31,Arrêté du 25 SEPTEMBRE 2026,"<b>Eaux souterraines</b><br><span style=""background:red;color:#fff;padding:2px 7px;border-radius:4px;font-weight:bold;font-size:0.85em"">Alerte renforcée</span><br>du 27 sept. 2026 au 31 oct. 2026<br><small>Zone : Bassin de la Maulne</small>",27 sept. 2026
5652504,Bassin de la Bidouze aval,64,Pyrénées-Atlantiques,SOU,alerte_renforcee,Alerte renforcée,3,2026-08-21,2026-10-31,AP-64-2026-08-18-00007_Alerte_Renforcee_Bidouze,"<b>Eaux souterraines</b><br><span style=""background:red;color:#fff;padding:2px 7px;border-radius:4px;font-weight:bold;font-size:0.85em"">Alerte renforcée</span><br>du 21 août 2026 au 31 oct. 2026<br><small>Zone : Bassin de la Bidouze aval</small>",27 sept. 2026
5652505,Bassin de la Bidouze amont,64,Pyrénées-Atlantiques,SOU,alerte_renforcee,Alerte renforcée,3,2026-08-21,2026-10-31,AP-64-2026-08-18-00007_Alerte_Renforcee_Bidouze,"<b>Eaux souterraines</b><br><span style=""background:red;color:#fff;padding:2px 7px;border-radius:4px;font-weight:bold;font-size:0.85em"">Alerte renforcée</span><br>du 21 août 2026 au 31 oct. 2026<br><small>Zone : Bassin de la Bidouze amont</small>",27 sept. 2026
5648543,Bassin du Long,37,Indre-et-Loire,SOU,alerte_renforcee,Alerte renforcée,3,2026-09-27,2026-10-31,Arrêté du 25 SEPTEMBRE 2026,"<b>Eaux souterraines</b><br><span style=""background:red;color:#fff;padding:2px 7px;border-radius:4px;font-weight:bold;font-size:0.85em"">Alerte renforcée</span><br>du 27 sept. 2026 au 31 oct. 2026<br><small>Zone : Bassin du Long</small>",27 sept. 2026
5652540,Bassin de l'Adour amont,64,Pyrénées-Atlantiques,SOU,alerte_renforcee,Alerte renforcée,3,2026-09-26,2026-10-31,AP-64-2026-09-25-00002-ZRE,"<b>Eaux souterraines</b><br><span style=""background:red;color:#fff;padding:2px 7px;border-radius:4px;font-weight:bold;font-size:0.85em"">Alerte renforcée</span><br>du 26 sept. 2026 au 31 oct. 2026<br><small>Zone : Bassin de l'Adour amont</small>",27 sept. 2026
5648596,Bassin du Lathan,37,Indre-et-Loire,SOU,alerte_renforcee,Alerte renforcée,3,2026-09-27,2026-10-31,Arrêté du 25 SEPTEMBRE 2026,"<b>Eaux souterraines</b><br><span style=""background:red;color:#fff;padding:2px 7px;border-radius:4px;font-weight:bold;font-size:0.85em"">Alerte renforcée</span><br>du 27 sept. 2026 au 31 oct. 2026<br><small>Zone : Bassin du Lathan</small>",27 sept. 2026
5647887,LOIR Aval,28,Eure-et-Loir,SOU,alerte_renforcee,Alerte renforcée,3,2026-09-21,,AP_SGREB_2026_255_restrictions_usages_eau,"<b>Eaux souterraines</b><br><span style=""background:red;color:#fff;padding:2px 7px;border-radius:4px;font-weight:bold;font-size:0.85em"">Alerte renforcée</span><br>depuis le 21 sept. 2026<br><small>Zone : LOIR Aval</small>",27 sept. 2026
5647901,EURE Moyen haut,28,Eure-et-Loir,SOU,alerte_renforcee,Alerte renforcée,3,2026-09-21,,AP_SGREB_2026_255_restrictions_usages_eau,"<b>Eaux souterraines</b><br><span style=""background:red;color:#fff;padding:2px 7px;border-radius:4px;font-weight:bold;font-size:0.85em"">Alerte renforcée</span><br>depuis le 21 sept. 2026<br><small>Zone : EURE Moyen haut</small>",27 sept. 2026
5647902,YERRE,28,Eure-et-Loir,SOU,alerte_renforcee,Alerte renforcée,3,2026-09-21,,AP_SGREB_2026_255_restrictions_usages_eau,"<b>Eaux souterraines</b><br><span style=""background:red;color:#fff;padding:2px 7px;border-radius:4px;font-weight:bold;font-size:0.85em"">Alerte renforcée</span><br>depuis le 21 sept. 2026<br><small>Zone : YERRE</small>",27 sept. 2026
5652550,Bassin du Gave de Pau,64,Pyrénées-Atlantiques,SOU,alerte_renforcee,Alerte renforcée,3,2026-09-25,2026-10-31,AP-64-2026-09-25-00005_Alerte_Renforcee_Gave_Pau,"<b>Eaux souterraines</b><br><span style=""background:red;color:#fff;padding:2px 7px;border-radius:4px;font-weight:bold;font-size:0.85em"">Alerte renforcée</span><br>du 25 sept. 2026 au 31 oct. 2026<br><small>Zone : Bassin du Gave de Pau</small>",27 sept. 2026
5648536,Bassin de la Deme,37,Indre-et-Loire,SOU,alerte_renforcee,Alerte renforcée,3,2026-09-27,2026-10-31,Arrêté du 25 SEPTEMBRE 2026,"<b>Eaux souterraines</b><br><span style=""background:red;color:#fff;padding:2px 7px;border-radius:4px;font-weight:bold;font-size:0.85em"">Alerte renforcée</span><br>du 27 sept. 2026 au 31 oct. 2026<br><small>Zone : Bassin de la Deme</small>",27 sept. 2026
5652640,nappe de la Doller aval,68,Haut-Rhin,SOU,alerte_renforcee,Alerte renforcée,3,2026-07-31,2026-11-01,2026-13,"<b>Eaux souterraines</b><br><span style=""background:red;color:#fff;padding:2px 7px;border-radius:4px;font-weight:bold;font-size:0.85em"">Alerte renforcée</span><br>du 31 juil. 2026 au 1 nov. 2026<br><small>Zone : nappe de la Doller aval</small>",27 sept. 2026
5652651,nappe de l'Ill amont,68,Haut-Rhin,SOU,alerte_renforcee,Alerte renforcée,3,2026-09-11,2026-11-01,2026-20,"<b>Eaux souterraines</b><br><span style=""background:red;color:#fff;padding:2px 7px;border-radius:4px;font-weight:bold;font-size:0.85em"">Alerte renforcée</span><br>du 11 sept. 2026 au 1 nov. 2026<br><small>Zone : nappe de l'Ill amont</small>",27 sept. 2026
5653587,Zone Seine,78,Yvelines,SOU,alerte_renforcee,Alerte renforcée,3,2026-09-19,2026-12-31,78-2026-09-18-0005,"<b>Eaux souterraines</b><br><span style=""background:red;color:#fff;padding:2px 7px;border-radius:4px;font-weight:bold;font-size:0.85em"">Alerte renforcée</span><br>du 19 sept. 2026 au 31 déc. 2026<br><small>Zone : Zone Seine</small>",27 sept. 2026
5648494,Bassin du Brignon,37,Indre-et-Loire,SOU,alerte_renforcee,Alerte renforcée,3,2026-09-27,2026-10-31,Arrêté du 25 SEPTEMBRE 2026,"<b>Eaux souterraines</b><br><span style=""background:red;color:#fff;padding:2px 7px;border-radius:4px;font-weight:bold;font-size:0.85em"">Alerte renforcée</span><br>du 27 sept. 2026 au 31 oct. 2026<br><small>Zone : Bassin du Brignon</small>",27 sept. 2026
5648507,Bassin du Changeon,37,Indre-et-Loire,SOU,alerte_renforcee,Alerte renforcée,3,2026-09-27,2026-10-31,Arrêté du 25 SEPTEMBRE 2026,"<b>Eaux souterraines</b><br><span style=""background:red;color:#fff;padding:2px 7px;border-radius:4px;font-weight:bold;font-size:0.85em"">Alerte renforcée</span><br>du 27 sept. 2026 au 31 oct. 2026<br><small>Zone : Bassin du Changeon</small>",27 sept. 2026
5648510,Bassin de la Masse,37,Indre-et-Loire,SOU,alerte_renforcee,Alerte renforcée,3,2026-09-27,2026-10-31,Arrêté du 25 SEPTEMBRE 2026,"<b>Eaux souterraines</b><br><span style=""background:red;color:#fff;padding:2px 7px;border-radius:4px;font-weight:bold;font-size:0.85em"">Alerte renforcée</span><br>du 27 sept. 2026 au 31 oct. 2026<br><small>Zone : Bassin de la Masse</small>",27 sept. 2026
5645137,Oise Amont - Sambre souterraine,02,Aisne,SOU,alerte_renforcee,Alerte renforcée,3,2026-08-26,,ENV/PE/2026/046,"<b>Eaux souterraines</b><br><span style=""background:red;color:#fff;padding:2px 7px;border-radius:4px;font-weight:bold;font-size:0.85em"">Alerte renforcée</span><br>depuis le 26 août 2026<br><small>Zone : Oise Amont - Sambre souterraine</small>",27 sept. 2026
5648528,Bassin de la Choisille,37,Indre-et-Loire,SOU,alerte_renforcee,Alerte renforcée,3,2026-09-27,2026-10-31,Arrêté du 25 SEPTEMBRE 2026,"<b>Eaux souterraines</b><br><span style=""background:red;color:#fff;padding:2px 7px;border-radius:4px;font-weight:bold;font-size:0.85em"">Alerte renforcée</span><br>du 27 sept. 2026 au 31 oct. 2026<br><small>Zone : Bassin de la Choisille</small>",27 sept. 2026
5648559,Bassin de la Cisse,37,Indre-et-Loire,SOU,alerte_renforcee,Alerte renforcée,3,2026-09-27,2026-10-31,Arrêté du 25 SEPTEMBRE 2026,"<b>Eaux souterraines</b><br><span style=""background:red;color:#fff;padding:2px 7px;border-radius:4px;font-weight:bold;font-size:0.85em"">Alerte renforcée</span><br>du 27 sept. 2026 au 31 oct. 2026<br><small>Zone : Bassin de la Cisse</small>",27 sept. 2026
5648563,Bassin de la Gartempe,37,Indre-et-Loire,SOU,alerte_renforcee,Alerte renforcée,3,2026-09-27,2026-10-31,Arrêté du 25 SEPTEMBRE 2026,"<b>Eaux souterraines</b><br><span style=""background:red;color:#fff;padding:2px 7px;border-radius:4px;font-weight:bold;font-size:0.85em"">Alerte renforcée</span><br>du 27 sept. 2026 au 31 oct. 2026<br><small>Zone : Bassin de la Gartempe</small>",27 sept. 2026
5648590,Bassin de la Claise,37,Indre-et-Loire,SOU,alerte_renforcee,Alerte renforcée,3,2026-09-27,2026-10-31,Arrêté du 25 SEPTEMBRE 2026,"<b>Eaux souterraines</b><br><span style=""background:red;color:#fff;padding:2px 7px;border-radius:4px;font-weight:bold;font-size:0.85em"">Alerte renforcée</span><br>du 27 sept. 2026 au 31 oct. 2026<br><small>Zone : Bassin de la Claise</small>",27 sept. 2026
5648607,Bassin du Douai ou de la Riasse,37,Indre-et-Loire,SOU,alerte_renforcee,Alerte renforcée,3,2026-09-27,2026-10-31,Arrêté du 25 SEPTEMBRE 2026,"<b>Eaux souterraines</b><br><span style=""background:red;color:#fff;padding:2px 7px;border-radius:4px;font-weight:bold;font-size:0.85em"">Alerte renforcée</span><br>du 27 sept. 2026 au 31 oct. 2026<br><small>Zone : Bassin du Douai ou de la Riasse</small>",27 sept. 2026
5652566,Bassin de l'Ardanavy et de l'Aran,64,Pyrénées-Atlantiques,SOU,alerte_renforcee,Alerte renforcée,3,2026-07-17,2026-10-31,AP-64-2026-07-16-00023_Alerte_Ardanavy_Aran.odt,"<b>Eaux souterraines</b><br><span style=""background:red;color:#fff;padding:2px 7px;border-radius:4px;font-weight:bold;font-size:0.85em"">Alerte renforcée</span><br>du 17 juil. 2026 au 31 oct. 2026<br><small>Zone : Bassin de l'Ardanavy et de l'Aran</small>",27 sept. 2026
5652593,BV du Gabas,65,Hautes-Pyrénées,SOU,alerte_renforcee,Alerte renforcée,3,2026-08-01,2026-10-31,65-2026-07-31-00003,"<b>Eaux souterraines</b><br><span style=""background:red;color:#fff;padding:2px 7px;border-radius:4px;font-weight:bold;font-size:0.85em"">Alerte renforcée</span><br>du 1 août 2026 au 31 oct. 2026<br><small>Zone : BV du Gabas</small>",27 sept. 2026
5646003,Lauzon,04,Alpes-de-Haute-Provence,SOU,alerte_renforcee,Alerte renforcée,3,2026-09-25,2026-10-31,2026-268-007,"<b>Eaux souterraines</b><br><span style=""background:red;color:#fff;padding:2px 7px;border-radius:4px;font-weight:bold;font-size:0.85em"">Alerte renforcée</span><br>du 25 sept. 2026 au 31 oct. 2026<br><small>Zone : Lauzon</small>",27 sept. 2026
5648696,Molasse Miocène Bas Dauphiné,38,Isère,SOU,alerte_renforcee,Alerte renforcée,3,2026-08-20,2026-10-31,38-2026-08-20-00003_&_26-2026-08-18-00007 [GDdC],"<b>Eaux souterraines</b><br><span style=""background:red;color:#fff;padding:2px 7px;border-radius:4px;font-weight:bold;font-size:0.85em"">Alerte renforcée</span><br>du 20 août 2026 au 31 oct. 2026<br><small>Zone : Molasse Miocène Bas Dauphiné</small>",27 sept. 2026
5649367,Nord Jura,39,Jura,SOU,alerte_renforcee,Alerte renforcée,3,2026-09-25,2026-12-25,39-2026-09-25-0001,"<b>Eaux souterraines</b><br><span style=""background:red;color:#fff;padding:2px 7px;border-radius:4px;font-weight:bold;font-size:0.85em"">Alerte renforcée</span><br>du 25 sept. 2026 au 25 déc. 2026<br><small>Zone : Nord Jura</small>",27 sept. 2026
5652576,BV du canal d'Alaric,65,Hautes-Pyrénées,SOU,alerte_renforcee,Alerte renforcée,3,2026-08-13,2026-10-31,65-2026-08-13-00001,"<b>Eaux souterraines</b><br><span style=""background:red;color:#fff;padding:2px 7px;border-radius:4px;font-weight:bold;font-size:0.85em"">Alerte renforcée</span><br>du 13 août 2026 au 31 oct. 2026<br><small>Zone : BV du canal d'Alaric</small>",27 sept. 2026
5652578,BV de l'Adour,65,Hautes-Pyrénées,SOU,alerte_renforcee,Alerte renforcée,3,2026-08-13,2026-10-31,65-2026-08-13-00001,"<b>Eaux souterraines</b><br><span style=""background:red;color:#fff;padding:2px 7px;border-radius:4px;font-weight:bold;font-size:0.85em"">Alerte renforcée</span><br>du 13 août 2026 au 31 oct. 2026<br><small>Zone : BV de l'Adour</small>",27 sept. 2026
5652579,BV de l'Echez,65,Hautes-Pyrénées,SOU,alerte_renforcee,Alerte renforcée,3,2026-08-13,2026-10-31,65-2026-08-13-00001,"<b>Eaux souterraines</b><br><span style=""background:red;color:#fff;padding:2px 7px;border-radius:4px;font-weight:bold;font-size:0.85em"">Alerte renforcée</span><br>du 13 août 2026 au 31 oct. 2026<br><small>Zone : BV de l'Echez</small>",27 sept. 2026
5652584,BV de la Garonne,65,Hautes-Pyrénées,SOU,alerte_renforcee,Alerte renforcée,3,2026-09-12,2026-10-31,65-2026-09-11-00002,"<b>Eaux souterraines</b><br><span style=""background:red;color:#fff;padding:2px 7px;border-radius:4px;font-weight:bold;font-size:0.85em"">Alerte renforcée</span><br>du 12 sept. 2026 au 31 oct. 2026<br><small>Zone : BV de la Garonne</small>",27 sept. 2026
5652588,BV du Louet à l'amont confluence canal de Sombrun,65,Hautes-Pyrénées,SOU,alerte_renforcee,Alerte renforcée,3,2026-08-02,2026-10-31,65-2026-07-28-00002,"<b>Eaux souterraines</b><br><span style=""background:red;color:#fff;padding:2px 7px;border-radius:4px;font-weight:bold;font-size:0.85em"">Alerte renforcée</span><br>du 2 août 2026 au 31 oct. 2026<br><small>Zone : BV du Louet à l'amont confluence canal de Sombrun</small>",27 sept. 2026
5652591,BV des Lees,65,Hautes-Pyrénées,SOU,alerte_renforcee,Alerte renforcée,3,2026-08-01,2026-10-31,65-2026-07-31-00003,"<b>Eaux souterraines</b><br><span style=""background:red;color:#fff;padding:2px 7px;border-radius:4px;font-weight:bold;font-size:0.85em"">Alerte renforcée</span><br>du 1 août 2026 au 31 oct. 2026<br><small>Zone : BV des Lees</small>",27 sept. 2026
5648706,Terrasses de l'Isère rive gauche,38,Isère,SOU,alerte_renforcee,Alerte renforcée,3,2026-08-20,2026-09-30,38-2026-08-20-00004 [Isère],"<b>Eaux souterraines</b><br><span style=""background:red;color:#fff;padding:2px 7px;border-radius:4px;font-weight:bold;font-size:0.85em"">Alerte renforcée</span><br>du 20 août 2026 au 30 sept. 2026<br><small>Zone : Terrasses de l'Isère rive gauche</small>",27 sept. 2026
5652603,Nappes Têt amont,66,Pyrénées-Orientales,SOU,alerte_renforcee,Alerte renforcée,3,2026-09-11,2026-11-30,DDTM-SER-2026-254-0001,"<b>Eaux souterraines</b><br><span style=""background:red;color:#fff;padding:2px 7px;border-radius:4px;font-weight:bold;font-size:0.85em"">Alerte renforcée</span><br>du 11 sept. 2026 au 30 nov. 2026<br><small>Zone : Nappes Têt amont</small>",27 sept. 2026
5652608,Nappes Tech,66,Pyrénées-Orientales,SOU,alerte_renforcee,Alerte renforcée,3,2026-09-11,2026-11-30,DDTM-SER-2026-254-0001,"<b>Eaux souterraines</b><br><span style=""background:red;color:#fff;padding:2px 7px;border-radius:4px;font-weight:bold;font-size:0.85em"">Alerte renforcée</span><br>du 11 sept. 2026 au 30 nov. 2026<br><small>Zone : Nappes Tech</small>",27 sept. 2026
5652631,"nappes de la Lauter, de la Sauer, de la Moder et de la Zorn - partie dpt 67",67,Bas-Rhin,SOU,alerte_renforcee,Alerte renforcée,3,2026-09-09,2026-10-31,9 septembre 2026,"<b>Eaux souterraines</b><br><span style=""background:red;color:#fff;padding:2px 7px;border-radius:4px;font-weight:bold;font-size:0.85em"">Alerte renforcée</span><br>du 9 sept. 2026 au 31 oct. 2026<br><small>Zone : nappes de la Lauter, de la Sauer, de la Moder et de la Zorn - partie dpt 67</small>",27 sept. 2026
5653688,L'Aveyron aval,81,Tarn,SOU,alerte_renforcee,Alerte renforcée,3,2026-09-12,2026-10-31,260909,"<b>Eaux souterraines</b><br><span style=""background:red;color:#fff;padding:2px 7px;border-radius:4px;font-weight:bold;font-size:0.85em"">Alerte renforcée</span><br>du 12 sept. 2026 au 31 oct. 2026<br><small>Zone : L'Aveyron aval</small>",27 sept. 2026
5653710,Le Viaur aval réalimenté,81,Tarn,SOU,alerte_renforcee,Alerte renforcée,3,2026-09-12,2026-10-31,260909,"<b>Eaux souterraines</b><br><span style=""background:red;color:#fff;padding:2px 7px;border-radius:4px;font-weight:bold;font-size:0.85em"">Alerte renforcée</span><br>du 12 sept. 2026 au 31 oct. 2026<br><small>Zone : Le Viaur aval réalimenté</small>",27 sept. 2026
5653712,Affluents du Tarn moyen du Rance à la confluence avec l’Agout,81,Tarn,SOU,alerte_renforcee,Alerte renforcée,3,2026-09-12,2026-10-31,260909,"<b>Eaux souterraines</b><br><span style=""background:red;color:#fff;padding:2px 7px;border-radius:4px;font-weight:bold;font-size:0.85em"">Alerte renforcée</span><br>du 12 sept. 2026 au 31 oct. 2026<br><small>Zone : Affluents du Tarn moyen du Rance à la confluence avec l’Agout</small>",27 sept. 2026
5653728,Affluents rive droite du Tarn médian de la confluence avec la Jonte à la confluence avec le Rance,81,Tarn,SOU,alerte_renforcee,Alerte renforcée,3,2026-09-12,2026-10-31,260909,"<b>Eaux souterraines</b><br><span style=""background:red;color:#fff;padding:2px 7px;border-radius:4px;font-weight:bold;font-size:0.85em"">Alerte renforcée</span><br>du 12 sept. 2026 au 31 oct. 2026<br><small>Zone : Affluents rive droite du Tarn médian de la confluence avec la Jonte à la confluence avec le Rance</small>",27 sept. 2026
5653739,Bassin du Dourdou de Camares amont et Len,81,Tarn,SOU,alerte_renforcee,Alerte renforcée,3,2026-09-12,2026-10-31,260909,"<b>Eaux souterraines</b><br><span style=""background:red;color:#fff;padding:2px 7px;border-radius:4px;font-weight:bold;font-size:0.85em"">Alerte renforcée</span><br>du 12 sept. 2026 au 31 oct. 2026<br><small>Zone : Bassin du Dourdou de Camares amont et Len</small>",27 sept. 2026
5653748,La Vère en aval de Fourogue,81,Tarn,SOU,alerte_renforcee,Alerte renforcée,3,2026-09-12,2026-10-31,260909,"<b>Eaux souterraines</b><br><span style=""background:red;color:#fff;padding:2px 7px;border-radius:4px;font-weight:bold;font-size:0.85em"">Alerte renforcée</span><br>du 12 sept. 2026 au 31 oct. 2026<br><small>Zone : La Vère en aval de Fourogue</small>",27 sept. 2026
5653756,Le Cérou en aval de Saint-Géraud,81,Tarn,SOU,alerte_renforcee,Alerte renforcée,3,2026-09-12,2026-10-31,260909,"<b>Eaux souterraines</b><br><span style=""background:red;color:#fff;padding:2px 7px;border-radius:4px;font-weight:bold;font-size:0.85em"">Alerte renforcée</span><br>du 12 sept. 2026 au 31 oct. 2026<br><small>Zone : Le Cérou en aval de Saint-Géraud</small>",27 sept. 2026
5653872,Bassin du Lez provençal-Lauzon,84,Vaucluse,SOU,alerte_renforcee,Alerte renforcée,3,2026-07-27,2026-10-31,AIP 27 JUILLET 2026 ALERTE RENFORCEE LEZ PROVENCAL,"<b>Eaux souterraines</b><br><span style=""background:red;color:#fff;padding:2px 7px;border-radius:4px;font-weight:bold;font-size:0.85em"">Alerte renforcée</span><br>du 27 juil. 2026 au 31 oct. 2026<br><small>Zone : Bassin du Lez provençal-Lauzon</small>",27 sept. 2026
5653873,Bassin du Sud Luberon,84,Vaucluse,SOU,alerte_renforcee,Alerte renforcée,3,2026-09-24,2026-10-31,AP 23 SEPT 2026 VAUCLUSE,"<b>Eaux souterraines</b><br><span style=""background:red;color:#fff;padding:2px 7px;border-radius:4px;font-weight:bold;font-size:0.85em"">Alerte renforcée</span><br>du 24 sept. 2026 au 31 oct. 2026<br><small>Zone : Bassin du Sud Luberon</small>",27 sept. 2026
5646993,zone d'alerte n°4.1_Nappe d'accompagnement (connectée) de l'Ariège en aval de Foix,09,Ariège,SOU,alerte_renforcee,Alerte renforcée,3,2026-09-21,2026-10-31,20260918,"<b>Eaux souterraines</b><br><span style=""background:red;color:#fff;padding:2px 7px;border-radius:4px;font-weight:bold;font-size:0.85em"">Alerte renforcée</span><br>du 21 sept. 2026 au 31 oct. 2026<br><small>Zone : zone d'alerte n°4.1_Nappe d'accompagnement (connectée) de l'Ariège en aval de Foix</small>",27 sept. 2026
5646996,zone d'alerte n°5.1_Nappe d'accompagnement (connectée) de l'Hers-Vif réalimenté,09,Ariège,SOU,alerte_renforcee,Alerte renforcée,3,2026-09-21,2026-10-31,20260918,"<b>Eaux souterraines</b><br><span style=""background:red;color:#fff;padding:2px 7px;border-radius:4px;font-weight:bold;font-size:0.85em"">Alerte renforcée</span><br>du 21 sept. 2026 au 31 oct. 2026<br><small>Zone : zone d'alerte n°5.1_Nappe d'accompagnement (connectée) de l'Hers-Vif réalimenté</small>",27 sept. 2026
5647008,Craie du Senonais et pays d'Othe,10,Aube,SOU,alerte_renforcee,Alerte renforcée,3,2026-09-10,2026-10-31,DDT/SEB/PREMA-2026-250-0002,"<b>Eaux souterraines</b><br><span style=""background:red;color:#fff;padding:2px 7px;border-radius:4px;font-weight:bold;font-size:0.85em"">Alerte renforcée</span><br>du 10 sept. 2026 au 31 oct. 2026<br><small>Zone : Craie du Senonais et pays d'Othe</small>",27 sept. 2026
5653789,Part - Zone 22 - BONNETTE,82,Tarn-et-Garonne,SOU,alerte_renforcee,Alerte renforcée,3,2026-09-12,,82-2026-09-11-00002,"<b>Eaux souterraines</b><br><span style=""background:red;color:#fff;padding:2px 7px;border-radius:4px;font-weight:bold;font-size:0.85em"">Alerte renforcée</span><br>depuis le 12 sept. 2026<br><small>Zone : Part - Zone 22 - BONNETTE</small>",27 sept. 2026
5653839,Siagne aval,83,Var,SOU,alerte_renforcee,Alerte renforcée,3,2026-08-06,,DDTM/SEBIO/2026-174,"<b>Eaux souterraines</b><br><span style=""background:red;color:#fff;padding:2px 7px;border-radius:4px;font-weight:bold;font-size:0.85em"">Alerte renforcée</span><br>depuis le 6 août 2026<br><small>Zone : Siagne aval</small>",27 sept. 2026
5653854,Siagne amont,83,Var,SOU,alerte_renforcee,Alerte renforcée,3,2026-08-06,,DDTM/SEBIO/2026-173,"<b>Eaux souterraines</b><br><span style=""background:red;color:#fff;padding:2px 7px;border-radius:4px;font-weight:bold;font-size:0.85em"">Alerte renforcée</span><br>depuis le 6 août 2026<br><small>Zone : Siagne amont</small>",27 sept. 2026
5653856,Arc amont,83,Var,SOU,alerte_renforcee,Alerte renforcée,3,2026-08-06,,DDTM/SEBIO/2026-176,"<b>Eaux souterraines</b><br><span style=""background:red;color:#fff;padding:2px 7px;border-radius:4px;font-weight:bold;font-size:0.85em"">Alerte renforcée</span><br>depuis le 6 août 2026<br><small>Zone : Arc amont</small>",27 sept. 2026
5653984,Bassin de la Gartempe - sous bassin de l'Anglin,86,Vienne,SOU,alerte_renforcee,Alerte renforcée,3,2026-08-31,2026-10-31,AP_N°2026_DDT_SEB_482_Gartempe_Anglin,"<b>Eaux souterraines</b><br><span style=""background:red;color:#fff;padding:2px 7px;border-radius:4px;font-weight:bold;font-size:0.85em"">Alerte renforcée</span><br>du 31 août 2026 au 31 oct. 2026<br><small>Zone : Bassin de la Gartempe - sous bassin de l'Anglin</small>",27 sept. 2026
5647036,9. Secteur Orbiel et affluents rive gauche de l'Aude sur ce secteur,11,Aude,SOU,alerte_renforcee,Alerte renforcée,3,2026-09-18,2026-10-31,DDTM-SAFEB-2026-16,"<b>Eaux souterraines</b><br><span style=""background:red;color:#fff;padding:2px 7px;border-radius:4px;font-weight:bold;font-size:0.85em"">Alerte renforcée</span><br>du 18 sept. 2026 au 31 oct. 2026<br><small>Zone : 9. Secteur Orbiel et affluents rive gauche de l'Aude sur ce secteur</small>",27 sept. 2026
5648897,Bourbre (spé sout.),38,Isère,SOU,alerte_renforcee,Alerte renforcée,3,2026-08-20,2026-09-30,38-2026-08-20-00004 [Isère],"<b>Eaux souterraines</b><br><span style=""background:red;color:#fff;padding:2px 7px;border-radius:4px;font-weight:bold;font-size:0.85em"">Alerte renforcée</span><br>du 20 août 2026 au 30 sept. 2026<br><small>Zone : Bourbre (spé sout.)</small>",27 sept. 2026
5653952,Bassin du Clain - sous bassin de la Pallu,86,Vienne,SOU,alerte_renforcee,Alerte renforcée,3,2026-08-24,2026-10-31,AP_2026_DDT_SEB_462_Clain,"<b>Eaux souterraines</b><br><span style=""background:red;color:#fff;padding:2px 7px;border-radius:4px;font-weight:bold;font-size:0.85em"">Alerte renforcée</span><br>du 24 août 2026 au 31 oct. 2026<br><small>Zone : Bassin du Clain - sous bassin de la Pallu</small>",27 sept. 2026
5648916,Isle Crémieu (spé sout.),38,Isère,SOU,alerte_renforcee,Alerte renforcée,3,2026-08-20,2026-09-30,38-2026-08-20-00004 [Isère],"<b>Eaux souterraines</b><br><span style=""background:red;color:#fff;padding:2px 7px;border-radius:4px;font-weight:bold;font-size:0.85em"">Alerte renforcée</span><br>du 20 août 2026 au 30 sept. 2026<br><small>Zone : Isle Crémieu (spé sout.)</small>",27 sept. 2026
5653930,Bassin de la Dive du Nord - secteur du Marais de la Dive,86,Vienne,SOU,alerte_renforcee,Alerte renforcée,3,2026-09-14,2026-11-01,AP_2026_DDT_SEB_501_DiveDuNord,"<b>Eaux souterraines</b><br><span style=""background:red;color:#fff;padding:2px 7px;border-radius:4px;font-weight:bold;font-size:0.85em"">Alerte renforcée</span><br>du 14 sept. 2026 au 1 nov. 2026<br><small>Zone : Bassin de la Dive du Nord - secteur du Marais de la Dive</small>",27 sept. 2026
5653942,Bassin de la Dive du Nord - secteur de  la Dive canalisée,86,Vienne,SOU,alerte_renforcee,Alerte renforcée,3,2026-09-14,2026-11-01,AP_2026_DDT_SEB_501_DiveDuNord,"<b>Eaux souterraines</b><br><span style=""background:red;color:#fff;padding:2px 7px;border-radius:4px;font-weight:bold;font-size:0.85em"">Alerte renforcée</span><br>du 14 sept. 2026 au 1 nov. 2026<br><small>Zone : Bassin de la Dive du Nord - secteur de  la Dive canalisée</small>",27 sept. 2026
5653946,Bassin de la Creuse,86,Vienne,SOU,alerte_renforcee,Alerte renforcée,3,2026-07-20,2026-11-01,AP_2026_DDT_SEB_379_Creuse,"<b>Eaux souterraines</b><br><span style=""background:red;color:#fff;padding:2px 7px;border-radius:4px;font-weight:bold;font-size:0.85em"">Alerte renforcée</span><br>du 20 juil. 2026 au 1 nov. 2026<br><small>Zone : Bassin de la Creuse</small>",27 sept. 2026
5653962,Bassin du Clain - sous bassin de la Dive du Sud et de la Bouleure,86,Vienne,SOU,alerte_renforcee,Alerte renforcée,3,2026-08-24,2026-10-31,AP_2026_DDT_SEB_462_Clain,"<b>Eaux souterraines</b><br><span style=""background:red;color:#fff;padding:2px 7px;border-radius:4px;font-weight:bold;font-size:0.85em"">Alerte renforcée</span><br>du 24 août 2026 au 31 oct. 2026<br><small>Zone : Bassin du Clain - sous bassin de la Dive du Sud et de la Bouleure</small>",27 sept. 2026
5653965,Bassin de la Vienne - sous-bassin Issoire - Blourde,86,Vienne,SOU,alerte_renforcee,Alerte renforcée,3,2026-08-31,2026-10-31,AP_N°2026_DDT_SEB_481_Vienne,"<b>Eaux souterraines</b><br><span style=""background:red;color:#fff;padding:2px 7px;border-radius:4px;font-weight:bold;font-size:0.85em"">Alerte renforcée</span><br>du 31 août 2026 au 31 oct. 2026<br><small>Zone : Bassin de la Vienne - sous-bassin Issoire - Blourde</small>",27 sept. 2026
5653973,Bassin de la Vienne - sous-bassin Talbat - Clain,86,Vienne,SOU,alerte_renforcee,Alerte renforcée,3,2026-08-31,2026-10-31,AP_N°2026_DDT_SEB_481_Vienne,"<b>Eaux souterraines</b><br><span style=""background:red;color:#fff;padding:2px 7px;border-radius:4px;font-weight:bold;font-size:0.85em"">Alerte renforcée</span><br>du 31 août 2026 au 31 oct. 2026<br><small>Zone : Bassin de la Vienne - sous-bassin Talbat - Clain</small>",27 sept. 2026
5653974,Bassin de la Vienne - sous-bassin Clain - Creuse,86,Vienne,SOU,alerte_renforcee,Alerte renforcée,3,2026-08-31,2026-10-31,AP_N°2026_DDT_SEB_481_Vienne,"<b>Eaux souterraines</b><br><span style=""background:red;color:#fff;padding:2px 7px;border-radius:4px;font-weight:bold;font-size:0.85em"">Alerte renforcée</span><br>du 31 août 2026 au 31 oct. 2026<br><small>Zone : Bassin de la Vienne - sous-bassin Clain - Creuse</small>",27 sept. 2026
5653976,Bassin de la Vienne - sous-bassin Blourde-Talbat,86,Vienne,SOU,alerte_renforcee,Alerte renforcée,3,2026-08-31,2026-10-31,AP_N°2026_DDT_SEB_481_Vienne,"<b>Eaux souterraines</b><br><span style=""background:red;color:#fff;padding:2px 7px;border-radius:4px;font-weight:bold;font-size:0.85em"">Alerte renforcée</span><br>du 31 août 2026 au 31 oct. 2026<br><small>Zone : Bassin de la Vienne - sous-bassin Blourde-Talbat</small>",27 sept. 2026
5653979,Bassin de la Sèvre Niortaise - secteur amont MP1,86,Vienne,SOU,alerte_renforcee,Alerte renforcée,3,2026-08-12,2026-11-01,APN°2026_DDT_SEB_439_Marais Poitevin,"<b>Eaux souterraines</b><br><span style=""background:red;color:#fff;padding:2px 7px;border-radius:4px;font-weight:bold;font-size:0.85em"">Alerte renforcée</span><br>du 12 août 2026 au 1 nov. 2026<br><small>Zone : Bassin de la Sèvre Niortaise - secteur amont MP1</small>",27 sept. 2026
5651687,bassin de la Brele,60,Oise,SOU,alerte_renforcee,Alerte renforcée,3,2026-09-15,,DDT60 - 20260915,"<b>Eaux souterraines</b><br><span style=""background:red;color:#fff;padding:2px 7px;border-radius:4px;font-weight:bold;font-size:0.85em"">Alerte renforcée</span><br>depuis le 15 sept. 2026<br><small>Zone : bassin de la Brele</small>",27 sept. 2026
5651664,Bassins versants de la Marque et de la Deûle,59,Nord,SOU,alerte_renforcee,Alerte renforcée,3,2026-08-15,2026-10-31,Arrêté préfectoral du 14 août 2026,"<b>Eaux souterraines</b><br><span style=""background:red;color:#fff;padding:2px 7px;border-radius:4px;font-weight:bold;font-size:0.85em"">Alerte renforcée</span><br>du 15 août 2026 au 31 oct. 2026<br><small>Zone : Bassins versants de la Marque et de la Deûle</small>",27 sept. 2026
5651666,Bassin versant de la Lys,59,Nord,SOU,alerte_renforcee,Alerte renforcée,3,2026-08-15,2026-10-31,Arrêté préfectoral du 14 août 2026,"<b>Eaux souterraines</b><br><span style=""background:red;color:#fff;padding:2px 7px;border-radius:4px;font-weight:bold;font-size:0.85em"">Alerte renforcée</span><br>du 15 août 2026 au 31 oct. 2026<br><small>Zone : Bassin versant de la Lys</small>",27 sept. 2026
5651667,Bassin versant de la Scarpe aval,59,Nord,SOU,alerte_renforcee,Alerte renforcée,3,2026-08-15,2026-10-31,Arrêté préfectoral du 14 août 2026,"<b>Eaux souterraines</b><br><span style=""background:red;color:#fff;padding:2px 7px;border-radius:4px;font-weight:bold;font-size:0.85em"">Alerte renforcée</span><br>du 15 août 2026 au 31 oct. 2026<br><small>Zone : Bassin versant de la Scarpe aval</small>",27 sept. 2026
5651669,Bassins versants de l'Audomarois et du Delta de l'Aa,59,Nord,SOU,alerte_renforcee,Alerte renforcée,3,2026-08-15,2026-10-31,Arrêté préfectoral du 14 août 2026,"<b>Eaux souterraines</b><br><span style=""background:red;color:#fff;padding:2px 7px;border-radius:4px;font-weight:bold;font-size:0.85em"">Alerte renforcée</span><br>du 15 août 2026 au 31 oct. 2026<br><small>Zone : Bassins versants de l'Audomarois et du Delta de l'Aa</small>",27 sept. 2026
5651346,YONNE aval,58,Nièvre,SOU,alerte_renforcee,Alerte renforcée,3,2026-08-17,2026-11-30,58-2026-08-13-00003,"<b>Eaux souterraines</b><br><span style=""background:red;color:#fff;padding:2px 7px;border-radius:4px;font-weight:bold;font-size:0.85em"">Alerte renforcée</span><br>du 17 août 2026 au 30 nov. 2026<br><small>Zone : YONNE aval</small>",27 sept. 2026
5651397,NOHAIN - MAZOU,58,Nièvre,SOU,alerte_renforcee,Alerte renforcée,3,2026-08-17,2026-11-30,58-2026-08-13-00003,"<b>Eaux souterraines</b><br><span style=""background:red;color:#fff;padding:2px 7px;border-radius:4px;font-weight:bold;font-size:0.85em"">Alerte renforcée</span><br>du 17 août 2026 au 30 nov. 2026<br><small>Zone : NOHAIN - MAZOU</small>",27 sept. 2026
5648667,Sanne-Varèze-4 Vallées (sout.),38,Isère,SOU,alerte_renforcee,Alerte renforcée,3,2026-08-20,2026-09-30,38-2026-08-20-00004 [Isère],"<b>Eaux souterraines</b><br><span style=""background:red;color:#fff;padding:2px 7px;border-radius:4px;font-weight:bold;font-size:0.85em"">Alerte renforcée</span><br>du 20 août 2026 au 30 sept. 2026<br><small>Zone : Sanne-Varèze-4 Vallées (sout.)</small>",27 sept. 2026
5648671,Belledonne (sout.),38,Isère,SOU,alerte_renforcee,Alerte renforcée,3,2026-08-20,2026-09-30,38-2026-08-20-00004 [Isère],"<b>Eaux souterraines</b><br><span style=""background:red;color:#fff;padding:2px 7px;border-radius:4px;font-weight:bold;font-size:0.85em"">Alerte renforcée</span><br>du 20 août 2026 au 30 sept. 2026<br><small>Zone : Belledonne (sout.)</small>",27 sept. 2026
5648673,Bourbre (sout.),38,Isère,SOU,alerte_renforcee,Alerte renforcée,3,2026-08-20,2026-09-30,38-2026-08-20-00004 [Isère],"<b>Eaux souterraines</b><br><span style=""background:red;color:#fff;padding:2px 7px;border-radius:4px;font-weight:bold;font-size:0.85em"">Alerte renforcée</span><br>du 20 août 2026 au 30 sept. 2026<br><small>Zone : Bourbre (sout.)</small>",27 sept. 2026
5648678,Vercors (sout.),38,Isère,SOU,alerte_renforcee,Alerte renforcée,3,2026-08-20,2026-09-30,38-2026-08-20-00004 [Isère],"<b>Eaux souterraines</b><br><span style=""background:red;color:#fff;padding:2px 7px;border-radius:4px;font-weight:bold;font-size:0.85em"">Alerte renforcée</span><br>du 20 août 2026 au 30 sept. 2026<br><small>Zone : Vercors (sout.)</small>",27 sept. 2026
5648683,Isle Crémieu (sout.),38,Isère,SOU,alerte_renforcee,Alerte renforcée,3,2026-08-20,2026-09-30,38-2026-08-20-00004 [Isère],"<b>Eaux souterraines</b><br><span style=""background:red;color:#fff;padding:2px 7px;border-radius:4px;font-weight:bold;font-size:0.85em"">Alerte renforcée</span><br>du 20 août 2026 au 30 sept. 2026<br><small>Zone : Isle Crémieu (sout.)</small>",27 sept. 2026
5648686,Oisans/Bonne (sout.),38,Isère,SOU,alerte_renforcee,Alerte renforcée,3,2026-08-20,2026-09-30,38-2026-08-20-00004 [Isère],"<b>Eaux souterraines</b><br><span style=""background:red;color:#fff;padding:2px 7px;border-radius:4px;font-weight:bold;font-size:0.85em"">Alerte renforcée</span><br>du 20 août 2026 au 30 sept. 2026<br><small>Zone : Oisans/Bonne (sout.)</small>",27 sept. 2026
5648689,Nappes de Chambaran,38,Isère,SOU,alerte_renforcee,Alerte renforcée,3,2026-08-20,2026-09-30,38-2026-08-20-00004 [Isère],"<b>Eaux souterraines</b><br><span style=""background:red;color:#fff;padding:2px 7px;border-radius:4px;font-weight:bold;font-size:0.85em"">Alerte renforcée</span><br>du 20 août 2026 au 30 sept. 2026<br><small>Zone : Nappes de Chambaran</small>",27 sept. 2026
5648692,Trièves/Matheysine (sout.),38,Isère,SOU,alerte_renforcee,Alerte renforcée,3,2026-08-20,2026-09-30,38-2026-08-20-00004 [Isère],"<b>Eaux souterraines</b><br><span style=""background:red;color:#fff;padding:2px 7px;border-radius:4px;font-weight:bold;font-size:0.85em"">Alerte renforcée</span><br>du 20 août 2026 au 30 sept. 2026<br><small>Zone : Trièves/Matheysine (sout.)</small>",27 sept. 2026
5648694,Nappes de l'Est Lyonnais,38,Isère,SOU,alerte_renforcee,Alerte renforcée,3,2026-07-23,2026-10-31,38-2026-07-22-00001,"<b>Eaux souterraines</b><br><span style=""background:red;color:#fff;padding:2px 7px;border-radius:4px;font-weight:bold;font-size:0.85em"">Alerte renforcée</span><br>du 23 juil. 2026 au 31 oct. 2026<br><small>Zone : Nappes de l'Est Lyonnais</small>",27 sept. 2026
5648874,Sanne-Varèze-4 Vallées (spé sout.),38,Isère,SOU,alerte_renforcee,Alerte renforcée,3,2026-08-20,2026-09-30,38-2026-08-20-00004 [Isère],"<b>Eaux souterraines</b><br><span style=""background:red;color:#fff;padding:2px 7px;border-radius:4px;font-weight:bold;font-size:0.85em"">Alerte renforcée</span><br>du 20 août 2026 au 30 sept. 2026<br><small>Zone : Sanne-Varèze-4 Vallées (spé sout.)</small>",27 sept. 2026
5651690,bassin de la Celle et Evoisson,60,Oise,SOU,alerte_renforcee,Alerte renforcée,3,2026-09-15,,DDT60 - 20260915,"<b>Eaux souterraines</b><br><span style=""background:red;color:#fff;padding:2px 7px;border-radius:4px;font-weight:bold;font-size:0.85em"">Alerte renforcée</span><br>depuis le 15 sept. 2026<br><small>Zone : bassin de la Celle et Evoisson</small>",27 sept. 2026
5654016,Saône amont,88,Vosges,SOU,crise,Crise,4,2026-07-16,2026-09-30,Arrêté n° 282/2026 du 16 juillet,"<b>Eaux souterraines</b><br><span style=""background:maroon;color:#fff;padding:2px 7px;border-radius:4px;font-weight:bold;font-size:0.85em"">Crise</span><br>du 16 juil. 2026 au 30 sept. 2026<br><small>Zone : Saône amont</small>",27 sept. 2026
5654018,Moselle amont et Meurthe partie du département 88,88,Vosges,SOU,crise,Crise,4,2026-07-16,2026-09-30,Arrêté n° 281/2026 du 16 juillet,"<b>Eaux souterraines</b><br><span style=""background:maroon;color:#fff;padding:2px 7px;border-radius:4px;font-weight:bold;font-size:0.85em"">Crise</span><br>du 16 juil. 2026 au 30 sept. 2026<br><small>Zone : Moselle amont et Meurthe partie du département 88</small>",27 sept. 2026
5654020,Meuse amont et médiane partie du département 88,88,Vosges,SOU,crise,Crise,4,2026-07-16,2026-09-30,Arrêté n° 280/2026 du 16 juillet,"<b>Eaux souterraines</b><br><span style=""background:maroon;color:#fff;padding:2px 7px;border-radius:4px;font-weight:bold;font-size:0.85em"">Crise</span><br>du 16 juil. 2026 au 30 sept. 2026<br><small>Zone : Meuse amont et médiane partie du département 88</small>",27 sept. 2026
5645117,Saône Aval,01,Ain,SOU,crise,Crise,4,2026-08-20,2026-10-31,2026-07,"<b>Eaux souterraines</b><br><span style=""background:maroon;color:#fff;padding:2px 7px;border-radius:4px;font-weight:bold;font-size:0.85em"">Crise</span><br>du 20 août 2026 au 31 oct. 2026<br><small>Zone : Saône Aval</small>",27 sept. 2026
5653606,Vendée - eaux souterraines,79,Deux-Sèvres,SOU,crise,Crise,4,2026-08-12,2026-10-31,20260811_AP_SNMP,"<b>Eaux souterraines</b><br><span style=""background:maroon;color:#fff;padding:2px 7px;border-radius:4px;font-weight:bold;font-size:0.85em"">Crise</span><br>du 12 août 2026 au 31 oct. 2026<br><small>Zone : Vendée - eaux souterraines</small>",27 sept. 2026
5647485,Creuse amont,23,Creuse,SOU,crise,Crise,4,2026-07-30,2026-10-30,23-2026-07-29-00002,"<b>Eaux souterraines</b><br><span style=""background:maroon;color:#fff;padding:2px 7px;border-radius:4px;font-weight:bold;font-size:0.85em"">Crise</span><br>du 30 juil. 2026 au 30 oct. 2026<br><small>Zone : Creuse amont</small>",27 sept. 2026
5653642,Layon - eaux souterraines,79,Deux-Sèvres,SOU,crise,Crise,4,2026-07-23,2026-10-31,20260722_AP_LAYON,"<b>Eaux souterraines</b><br><span style=""background:maroon;color:#fff;padding:2px 7px;border-radius:4px;font-weight:bold;font-size:0.85em"">Crise</span><br>du 23 juil. 2026 au 31 oct. 2026<br><small>Zone : Layon - eaux souterraines</small>",27 sept. 2026
5647204,Secteur Bessin - ESO,14,Calvados,SOU,crise,Crise,4,2026-09-11,2026-10-31,2026_06,"<b>Eaux souterraines</b><br><span style=""background:maroon;color:#fff;padding:2px 7px;border-radius:4px;font-weight:bold;font-size:0.85em"">Crise</span><br>du 11 sept. 2026 au 31 oct. 2026<br><small>Zone : Secteur Bessin - ESO</small>",27 sept. 2026
5647206,Secteur Virois - ESO,14,Calvados,SOU,crise,Crise,4,2026-09-11,2026-10-31,2026_06,"<b>Eaux souterraines</b><br><span style=""background:maroon;color:#fff;padding:2px 7px;border-radius:4px;font-weight:bold;font-size:0.85em"">Crise</span><br>du 11 sept. 2026 au 31 oct. 2026<br><small>Zone : Secteur Virois - ESO</small>",27 sept. 2026
5647990,Herault (sout),30,Gard,SOU,crise,Crise,4,2026-08-21,2026-10-31,30-2026-08-21-00001,"<b>Eaux souterraines</b><br><span style=""background:maroon;color:#fff;padding:2px 7px;border-radius:4px;font-weight:bold;font-size:0.85em"">Crise</span><br>du 21 août 2026 au 31 oct. 2026<br><small>Zone : Herault (sout)</small>",27 sept. 2026
5647995,Vidourle (sout),30,Gard,SOU,crise,Crise,4,2026-08-21,2026-10-31,30-2026-08-21-00001,"<b>Eaux souterraines</b><br><span style=""background:maroon;color:#fff;padding:2px 7px;border-radius:4px;font-weight:bold;font-size:0.85em"">Crise</span><br>du 21 août 2026 au 31 oct. 2026<br><small>Zone : Vidourle (sout)</small>",27 sept. 2026
5647997,Gardon amont (de ses sources à la prise d'eau du canal de boucoiran au niveau du pont de la RN 106) (sout),30,Gard,SOU,crise,Crise,4,2026-08-21,2026-10-31,30-2026-08-21-00001,"<b>Eaux souterraines</b><br><span style=""background:maroon;color:#fff;padding:2px 7px;border-radius:4px;font-weight:bold;font-size:0.85em"">Crise</span><br>du 21 août 2026 au 31 oct. 2026<br><small>Zone : Gardon amont (de ses sources à la prise d'eau du canal de boucoiran au niveau du pont de la RN 106) (sout)</small>",27 sept. 2026
5647998,"Cèze amont (de source à la confluence Tave jusqu'à la confluence avec la Claysse, ruisseau de la Clays) (sout)",30,Gard,SOU,crise,Crise,4,2026-08-21,2026-10-31,30-2026-08-21-00001,"<b>Eaux souterraines</b><br><span style=""background:maroon;color:#fff;padding:2px 7px;border-radius:4px;font-weight:bold;font-size:0.85em"">Crise</span><br>du 21 août 2026 au 31 oct. 2026<br><small>Zone : Cèze amont (de source à la confluence Tave jusqu'à la confluence avec la Claysse, ruisseau de la Clays) (sout)</small>",27 sept. 2026
5653609,Marais Mouillé Sèvre Niortaise - eaux souterraines,79,Deux-Sèvres,SOU,crise,Crise,4,2026-08-12,2026-10-31,20260811_AP_SNMP,"<b>Eaux souterraines</b><br><span style=""background:maroon;color:#fff;padding:2px 7px;border-radius:4px;font-weight:bold;font-size:0.85em"">Crise</span><br>du 12 août 2026 au 31 oct. 2026<br><small>Zone : Marais Mouillé Sèvre Niortaise - eaux souterraines</small>",27 sept. 2026
5653616,Autize - eaux souterraines,79,Deux-Sèvres,SOU,crise,Crise,4,2026-08-12,2026-10-31,20260811_AP_SNMP,"<b>Eaux souterraines</b><br><span style=""background:maroon;color:#fff;padding:2px 7px;border-radius:4px;font-weight:bold;font-size:0.85em"">Crise</span><br>du 12 août 2026 au 31 oct. 2026<br><small>Zone : Autize - eaux souterraines</small>",27 sept. 2026
5652658,ZONE 2 - axe Saône - ESO,69,Rhône,SOU,crise,Crise,4,2026-08-24,2026-10-31,DDT_SENR_2026_B121,"<b>Eaux souterraines</b><br><span style=""background:maroon;color:#fff;padding:2px 7px;border-radius:4px;font-weight:bold;font-size:0.85em"">Crise</span><br>du 24 août 2026 au 31 oct. 2026<br><small>Zone : ZONE 2 - axe Saône - ESO</small>",27 sept. 2026
5653623,Vonne - eaux souterraines,79,Deux-Sèvres,SOU,crise,Crise,4,2026-07-24,2026-10-31,20260723_AP_Clain,"<b>Eaux souterraines</b><br><span style=""background:maroon;color:#fff;padding:2px 7px;border-radius:4px;font-weight:bold;font-size:0.85em"">Crise</span><br>du 24 juil. 2026 au 31 oct. 2026<br><small>Zone : Vonne - eaux souterraines</small>",27 sept. 2026
5653628,Aume Couture - eaux souterraines,79,Deux-Sèvres,SOU,crise,Crise,4,2026-09-19,2026-10-31,20260919_AP_Charente-Boutonne,"<b>Eaux souterraines</b><br><span style=""background:maroon;color:#fff;padding:2px 7px;border-radius:4px;font-weight:bold;font-size:0.85em"">Crise</span><br>du 19 sept. 2026 au 31 oct. 2026<br><small>Zone : Aume Couture - eaux souterraines</small>",27 sept. 2026
5653630,Boutonne - eaux souterraines,79,Deux-Sèvres,SOU,crise,Crise,4,2026-09-19,2026-10-31,20260919_AP_Charente-Boutonne,"<b>Eaux souterraines</b><br><span style=""background:maroon;color:#fff;padding:2px 7px;border-radius:4px;font-weight:bold;font-size:0.85em"">Crise</span><br>du 19 sept. 2026 au 31 oct. 2026<br><small>Zone : Boutonne - eaux souterraines</small>",27 sept. 2026
5647225,Veyre,15,Cantal,SOU,crise,Crise,4,2026-09-18,,2026-199,"<b>Eaux souterraines</b><br><span style=""background:maroon;color:#fff;padding:2px 7px;border-radius:4px;font-weight:bold;font-size:0.85em"">Crise</span><br>depuis le 18 sept. 2026<br><small>Zone : Veyre</small>",27 sept. 2026
5647227,Sumene,15,Cantal,SOU,crise,Crise,4,2026-09-18,,2026-199,"<b>Eaux souterraines</b><br><span style=""background:maroon;color:#fff;padding:2px 7px;border-radius:4px;font-weight:bold;font-size:0.85em"">Crise</span><br>depuis le 18 sept. 2026<br><small>Zone : Sumene</small>",27 sept. 2026
5652674,sout_Nappes et rivières des basses vallées du Doubs et de l'Ognon,70,Haute-Saône,SOU,crise,Crise,4,2026-07-22,,70-2026-07-22-00004_Vallée Doubs Ognon Loue,"<b>Eaux souterraines</b><br><span style=""background:maroon;color:#fff;padding:2px 7px;border-radius:4px;font-weight:bold;font-size:0.85em"">Crise</span><br>depuis le 22 juil. 2026<br><small>Zone : sout_Nappes et rivières des basses vallées du Doubs et de l'Ognon</small>",27 sept. 2026
5652676,sout_Bassin versant de l'Allan_dpt 70,70,Haute-Saône,SOU,crise,Crise,4,2026-07-22,,70-2026-07-22-00003_SousBassin_de_l'Allan,"<b>Eaux souterraines</b><br><span style=""background:maroon;color:#fff;padding:2px 7px;border-radius:4px;font-weight:bold;font-size:0.85em"">Crise</span><br>depuis le 22 juil. 2026<br><small>Zone : sout_Bassin versant de l'Allan_dpt 70</small>",27 sept. 2026
5652678,sout_Rivières vosgiennes et de la dépression vosgienne,70,Haute-Saône,SOU,crise,Crise,4,2026-07-08,,70-2026-07-08-00019_Vosges_Haut-Saônoises,"<b>Eaux souterraines</b><br><span style=""background:maroon;color:#fff;padding:2px 7px;border-radius:4px;font-weight:bold;font-size:0.85em"">Crise</span><br>depuis le 8 juil. 2026<br><small>Zone : sout_Rivières vosgiennes et de la dépression vosgienne</small>",27 sept. 2026
5652680,sout_Saône Amont 70,70,Haute-Saône,SOU,crise,Crise,4,2026-07-22,,70-2026-07-22-00005_SaoneAmont,"<b>Eaux souterraines</b><br><span style=""background:maroon;color:#fff;padding:2px 7px;border-radius:4px;font-weight:bold;font-size:0.85em"">Crise</span><br>depuis le 22 juil. 2026<br><small>Zone : sout_Saône Amont 70</small>",27 sept. 2026
5652682,sout_Rivières du plateau haut de saônois,70,Haute-Saône,SOU,crise,Crise,4,2026-08-06,,70-2026-08-06-00003_Plateau_Calcaire_(RM22),"<b>Eaux souterraines</b><br><span style=""background:maroon;color:#fff;padding:2px 7px;border-radius:4px;font-weight:bold;font-size:0.85em"">Crise</span><br>depuis le 6 août 2026<br><small>Zone : sout_Rivières du plateau haut de saônois</small>",27 sept. 2026
5652695,SEILLE ET GUYOTTE,71,Saône-et-Loire,SOU,crise,Crise,4,2026-09-25,2026-10-31,71-2026-09-24-00001,"<b>Eaux souterraines</b><br><span style=""background:maroon;color:#fff;padding:2px 7px;border-radius:4px;font-weight:bold;font-size:0.85em"">Crise</span><br>du 25 sept. 2026 au 31 oct. 2026<br><small>Zone : SEILLE ET GUYOTTE</small>",27 sept. 2026
5652698,GROSNE,71,Saône-et-Loire,SOU,crise,Crise,4,2026-09-25,2026-10-31,71-2026-09-24-00001,"<b>Eaux souterraines</b><br><span style=""background:maroon;color:#fff;padding:2px 7px;border-radius:4px;font-weight:bold;font-size:0.85em"">Crise</span><br>du 25 sept. 2026 au 31 oct. 2026<br><small>Zone : GROSNE</small>",27 sept. 2026
5652699,ARROUX MORVAN,71,Saône-et-Loire,SOU,crise,Crise,4,2026-09-25,2026-10-31,71-2026-09-24-00001,"<b>Eaux souterraines</b><br><span style=""background:maroon;color:#fff;padding:2px 7px;border-radius:4px;font-weight:bold;font-size:0.85em"">Crise</span><br>du 25 sept. 2026 au 31 oct. 2026<br><small>Zone : ARROUX MORVAN</small>",27 sept. 2026
5652700,ARCONCE ET SORNIN,71,Saône-et-Loire,SOU,crise,Crise,4,2026-09-25,2026-10-31,71-2026-09-24-00001,"<b>Eaux souterraines</b><br><span style=""background:maroon;color:#fff;padding:2px 7px;border-radius:4px;font-weight:bold;font-size:0.85em"">Crise</span><br>du 25 sept. 2026 au 31 oct. 2026<br><small>Zone : ARCONCE ET SORNIN</small>",27 sept. 2026
5652701,BOURBINCE,71,Saône-et-Loire,SOU,crise,Crise,4,2026-09-25,2026-10-31,71-2026-09-24-00001,"<b>Eaux souterraines</b><br><span style=""background:maroon;color:#fff;padding:2px 7px;border-radius:4px;font-weight:bold;font-size:0.85em"">Crise</span><br>du 25 sept. 2026 au 31 oct. 2026<br><small>Zone : BOURBINCE</small>",27 sept. 2026
5652702,VALLEE DE LA LOIRE,71,Saône-et-Loire,SOU,crise,Crise,4,2026-09-25,2026-10-31,71-2026-09-24-00001,"<b>Eaux souterraines</b><br><span style=""background:maroon;color:#fff;padding:2px 7px;border-radius:4px;font-weight:bold;font-size:0.85em"">Crise</span><br>du 25 sept. 2026 au 31 oct. 2026<br><small>Zone : VALLEE DE LA LOIRE</small>",27 sept. 2026
5652703,SAONE AVAL,71,Saône-et-Loire,SOU,crise,Crise,4,2026-09-25,2026-10-31,71-2026-09-24-00001,"<b>Eaux souterraines</b><br><span style=""background:maroon;color:#fff;padding:2px 7px;border-radius:4px;font-weight:bold;font-size:0.85em"">Crise</span><br>du 25 sept. 2026 au 31 oct. 2026<br><small>Zone : SAONE AVAL</small>",27 sept. 2026
5652704,DHEUNE,71,Saône-et-Loire,SOU,crise,Crise,4,2026-09-25,2026-10-31,71-2026-09-24-00001,"<b>Eaux souterraines</b><br><span style=""background:maroon;color:#fff;padding:2px 7px;border-radius:4px;font-weight:bold;font-size:0.85em"">Crise</span><br>du 25 sept. 2026 au 31 oct. 2026<br><small>Zone : DHEUNE</small>",27 sept. 2026
5647314,Marais Sèvre Niortaise,17,Charente-Maritime,SOU,crise,Crise,4,2026-09-18,2026-10-31,26EB600 Marais Poitevin,"<b>Eaux souterraines</b><br><span style=""background:maroon;color:#fff;padding:2px 7px;border-radius:4px;font-weight:bold;font-size:0.85em"">Crise</span><br>du 18 sept. 2026 au 31 oct. 2026<br><small>Zone : Marais Sèvre Niortaise</small>",27 sept. 2026
5647316,Bassin du Curé - Sèvre Niortaise,17,Charente-Maritime,SOU,crise,Crise,4,2026-09-18,2026-10-31,26EB600 Marais Poitevin,"<b>Eaux souterraines</b><br><span style=""background:maroon;color:#fff;padding:2px 7px;border-radius:4px;font-weight:bold;font-size:0.85em"">Crise</span><br>du 18 sept. 2026 au 31 oct. 2026<br><small>Zone : Bassin du Curé - Sèvre Niortaise</small>",27 sept. 2026
5647284,Bassin du Bruant,17,Charente-Maritime,SOU,crise,Crise,4,2026-09-18,2026-10-31,26B599 Charente,"<b>Eaux souterraines</b><br><span style=""background:maroon;color:#fff;padding:2px 7px;border-radius:4px;font-weight:bold;font-size:0.85em"">Crise</span><br>du 18 sept. 2026 au 31 oct. 2026<br><small>Zone : Bassin du Bruant</small>",27 sept. 2026
5648204,Secteur milieux aquatiques 2 - Bassin du Couesnon_ZA_ESO,35,Ille-et-Vilaine,SOU,crise,Crise,4,2026-08-15,,35-2026-08-14-00002,"<b>Eaux souterraines</b><br><span style=""background:maroon;color:#fff;padding:2px 7px;border-radius:4px;font-weight:bold;font-size:0.85em"">Crise</span><br>depuis le 15 août 2026<br><small>Zone : Secteur milieux aquatiques 2 - Bassin du Couesnon_ZA_ESO</small>",27 sept. 2026
5647295,Bassin de la Géres-Devise,17,Charente-Maritime,SOU,crise,Crise,4,2026-09-18,2026-10-31,26B599 Charente,"<b>Eaux souterraines</b><br><span style=""background:maroon;color:#fff;padding:2px 7px;border-radius:4px;font-weight:bold;font-size:0.85em"">Crise</span><br>du 18 sept. 2026 au 31 oct. 2026<br><small>Zone : Bassin de la Géres-Devise</small>",27 sept. 2026
5648197,Secteur milieux aquatiques 3 - Bassin de la Vilaine Nord-Meu_ZA_ESO,35,Ille-et-Vilaine,SOU,crise,Crise,4,2026-08-15,,35-2026-08-14-00002,"<b>Eaux souterraines</b><br><span style=""background:maroon;color:#fff;padding:2px 7px;border-radius:4px;font-weight:bold;font-size:0.85em"">Crise</span><br>depuis le 15 août 2026<br><small>Zone : Secteur milieux aquatiques 3 - Bassin de la Vilaine Nord-Meu_ZA_ESO</small>",27 sept. 2026
5648199,Secteur milieux aquatiques 5 - Bassin de la rive gauche de la Vilaine_ZA_ESO,35,Ille-et-Vilaine,SOU,crise,Crise,4,2026-08-15,,35-2026-08-14-00002,"<b>Eaux souterraines</b><br><span style=""background:maroon;color:#fff;padding:2px 7px;border-radius:4px;font-weight:bold;font-size:0.85em"">Crise</span><br>depuis le 15 août 2026<br><small>Zone : Secteur milieux aquatiques 5 - Bassin de la rive gauche de la Vilaine_ZA_ESO</small>",27 sept. 2026
5648201,Secteur milieux aquatiques 4 - Bassin de la Vilaine en amont de Rennes_ZA_ESO,35,Ille-et-Vilaine,SOU,crise,Crise,4,2026-08-15,,35-2026-08-14-00002,"<b>Eaux souterraines</b><br><span style=""background:maroon;color:#fff;padding:2px 7px;border-radius:4px;font-weight:bold;font-size:0.85em"">Crise</span><br>depuis le 15 août 2026<br><small>Zone : Secteur milieux aquatiques 4 - Bassin de la Vilaine en amont de Rennes_ZA_ESO</small>",27 sept. 2026
5648205,Secteur milieux aquatiques 1 - Bassin Côtier_ZA_ESO,35,Ille-et-Vilaine,SOU,crise,Crise,4,2026-08-15,,35-2026-08-14-00002,"<b>Eaux souterraines</b><br><span style=""background:maroon;color:#fff;padding:2px 7px;border-radius:4px;font-weight:bold;font-size:0.85em"">Crise</span><br>depuis le 15 août 2026<br><small>Zone : Secteur milieux aquatiques 1 - Bassin Côtier_ZA_ESO</small>",27 sept. 2026
5646148,Cance,07,Ardèche,SOU,crise,Crise,4,2026-09-21,2026-10-31,07-2026-09-21-00005,"<b>Eaux souterraines</b><br><span style=""background:maroon;color:#fff;padding:2px 7px;border-radius:4px;font-weight:bold;font-size:0.85em"">Crise</span><br>du 21 sept. 2026 au 31 oct. 2026<br><small>Zone : Cance</small>",27 sept. 2026
5647303,Bassin de l'Antenne-Rouzille,17,Charente-Maritime,SOU,crise,Crise,4,2026-09-18,2026-10-31,26B599 Charente,"<b>Eaux souterraines</b><br><span style=""background:maroon;color:#fff;padding:2px 7px;border-radius:4px;font-weight:bold;font-size:0.85em"">Crise</span><br>du 18 sept. 2026 au 31 oct. 2026<br><small>Zone : Bassin de l'Antenne-Rouzille</small>",27 sept. 2026
5647304,Bassin de Charente-aval,17,Charente-Maritime,SOU,crise,Crise,4,2026-09-18,2026-10-31,26B599 Charente,"<b>Eaux souterraines</b><br><span style=""background:maroon;color:#fff;padding:2px 7px;border-radius:4px;font-weight:bold;font-size:0.85em"">Crise</span><br>du 18 sept. 2026 au 31 oct. 2026<br><small>Zone : Bassin de Charente-aval</small>",27 sept. 2026
5652797,Chéran,74,Haute-Savoie,SOU,crise,Crise,4,2026-08-20,2026-09-30,DDT-2026-1031,"<b>Eaux souterraines</b><br><span style=""background:maroon;color:#fff;padding:2px 7px;border-radius:4px;font-weight:bold;font-size:0.85em"">Crise</span><br>du 20 août 2026 au 30 sept. 2026<br><small>Zone : Chéran</small>",27 sept. 2026
5652798,Dranses,74,Haute-Savoie,SOU,crise,Crise,4,2026-08-20,2026-09-30,DDT-2026-1031,"<b>Eaux souterraines</b><br><span style=""background:maroon;color:#fff;padding:2px 7px;border-radius:4px;font-weight:bold;font-size:0.85em"">Crise</span><br>du 20 août 2026 au 30 sept. 2026<br><small>Zone : Dranses</small>",27 sept. 2026
5652801,Usses,74,Haute-Savoie,SOU,crise,Crise,4,2026-08-20,2026-09-30,DDT-2026-1031,"<b>Eaux souterraines</b><br><span style=""background:maroon;color:#fff;padding:2px 7px;border-radius:4px;font-weight:bold;font-size:0.85em"">Crise</span><br>du 20 août 2026 au 30 sept. 2026<br><small>Zone : Usses</small>",27 sept. 2026
5652782,Chéran,73,Savoie,SOU,crise,Crise,4,2026-09-25,2026-10-30,2026-1220,"<b>Eaux souterraines</b><br><span style=""background:maroon;color:#fff;padding:2px 7px;border-radius:4px;font-weight:bold;font-size:0.85em"">Crise</span><br>du 25 sept. 2026 au 30 oct. 2026<br><small>Zone : Chéran</small>",27 sept. 2026
5647040,17. Bassin versant de l'Hers Mort,11,Aude,SOU,crise,Crise,4,2026-09-18,2026-10-31,DDTM-SAFEB-2026-16,"<b>Eaux souterraines</b><br><span style=""background:maroon;color:#fff;padding:2px 7px;border-radius:4px;font-weight:bold;font-size:0.85em"">Crise</span><br>du 18 sept. 2026 au 31 oct. 2026<br><small>Zone : 17. Bassin versant de l'Hers Mort</small>",27 sept. 2026
5647041,18. Bassin versant du Thoré,11,Aude,SOU,crise,Crise,4,2026-09-18,2026-10-31,DDTM-SAFEB-2026-16,"<b>Eaux souterraines</b><br><span style=""background:maroon;color:#fff;padding:2px 7px;border-radius:4px;font-weight:bold;font-size:0.85em"">Crise</span><br>du 18 sept. 2026 au 31 oct. 2026<br><small>Zone : 18. Bassin versant du Thoré</small>",27 sept. 2026
5647044,19. Bassin versant du Sor,11,Aude,SOU,crise,Crise,4,2026-09-18,2026-10-31,DDTM-SAFEB-2026-16,"<b>Eaux souterraines</b><br><span style=""background:maroon;color:#fff;padding:2px 7px;border-radius:4px;font-weight:bold;font-size:0.85em"">Crise</span><br>du 18 sept. 2026 au 31 oct. 2026<br><small>Zone : 19. Bassin versant du Sor</small>",27 sept. 2026
5647047,8. Secteur Argent-Double et affluents rive gauche de l’Aude sur ce secteur,11,Aude,SOU,crise,Crise,4,2026-09-18,2026-10-31,DDTM-SAFEB-2026-16,"<b>Eaux souterraines</b><br><span style=""background:maroon;color:#fff;padding:2px 7px;border-radius:4px;font-weight:bold;font-size:0.85em"">Crise</span><br>du 18 sept. 2026 au 31 oct. 2026<br><small>Zone : 8. Secteur Argent-Double et affluents rive gauche de l’Aude sur ce secteur</small>",27 sept. 2026
5647050,3. Secteur Aude amont (hors axe réalimenté),11,Aude,SOU,crise,Crise,4,2026-09-18,2026-10-31,DDTM-SAFEB-2026-16,"<b>Eaux souterraines</b><br><span style=""background:maroon;color:#fff;padding:2px 7px;border-radius:4px;font-weight:bold;font-size:0.85em"">Crise</span><br>du 18 sept. 2026 au 31 oct. 2026<br><small>Zone : 3. Secteur Aude amont (hors axe réalimenté)</small>",27 sept. 2026
5652723,Argance,72,Sarthe,SOU,crise,Crise,4,2026-09-24,,AP n°13 du 22 09 2026,"<b>Eaux souterraines</b><br><span style=""background:maroon;color:#fff;padding:2px 7px;border-radius:4px;font-weight:bold;font-size:0.85em"">Crise</span><br>depuis le 24 sept. 2026<br><small>Zone : Argance</small>",27 sept. 2026
5652730,Aune,72,Sarthe,SOU,crise,Crise,4,2026-09-24,,AP n°13 du 22 09 2026,"<b>Eaux souterraines</b><br><span style=""background:maroon;color:#fff;padding:2px 7px;border-radius:4px;font-weight:bold;font-size:0.85em"">Crise</span><br>depuis le 24 sept. 2026<br><small>Zone : Aune</small>",27 sept. 2026
5652731,Vive Parence,72,Sarthe,SOU,crise,Crise,4,2026-09-24,,AP n°13 du 22 09 2026,"<b>Eaux souterraines</b><br><span style=""background:maroon;color:#fff;padding:2px 7px;border-radius:4px;font-weight:bold;font-size:0.85em"">Crise</span><br>depuis le 24 sept. 2026<br><small>Zone : Vive Parence</small>",27 sept. 2026
5652740,Bienne,72,Sarthe,SOU,crise,Crise,4,2026-09-24,,AP n°13 du 22 09 2026,"<b>Eaux souterraines</b><br><span style=""background:maroon;color:#fff;padding:2px 7px;border-radius:4px;font-weight:bold;font-size:0.85em"">Crise</span><br>depuis le 24 sept. 2026<br><small>Zone : Bienne</small>",27 sept. 2026
5652743,Vaige-Taude-Erve,72,Sarthe,SOU,crise,Crise,4,2026-09-24,,AP n°13 du 22 09 2026,"<b>Eaux souterraines</b><br><span style=""background:maroon;color:#fff;padding:2px 7px;border-radius:4px;font-weight:bold;font-size:0.85em"">Crise</span><br>depuis le 24 sept. 2026<br><small>Zone : Vaige-Taude-Erve</small>",27 sept. 2026
5652749,Affluents de la Sarthe Médiane,72,Sarthe,SOU,crise,Crise,4,2026-09-24,,AP n°13 du 22 09 2026,"<b>Eaux souterraines</b><br><span style=""background:maroon;color:#fff;padding:2px 7px;border-radius:4px;font-weight:bold;font-size:0.85em"">Crise</span><br>depuis le 24 sept. 2026<br><small>Zone : Affluents de la Sarthe Médiane</small>",27 sept. 2026
5650033,"Moselle aval, Orne, Nied et Seille - eaux souterraines",54,Meurthe-et-Moselle,SOU,crise,Crise,4,2026-08-12,2026-09-30,20260812_AP_PREF_MAONS_CRISE_SIGNE,"<b>Eaux souterraines</b><br><span style=""background:maroon;color:#fff;padding:2px 7px;border-radius:4px;font-weight:bold;font-size:0.85em"">Crise</span><br>du 12 août 2026 au 30 sept. 2026<br><small>Zone : Moselle aval, Orne, Nied et Seille - eaux souterraines</small>",27 sept. 2026
5650035,Moselle amont et Meurthe - eaux souterraines,54,Meurthe-et-Moselle,SOU,crise,Crise,4,2026-08-12,2026-09-30,20260812_AP_PREF_MAM_CRISE_SIGNE,"<b>Eaux souterraines</b><br><span style=""background:maroon;color:#fff;padding:2px 7px;border-radius:4px;font-weight:bold;font-size:0.85em"">Crise</span><br>du 12 août 2026 au 30 sept. 2026<br><small>Zone : Moselle amont et Meurthe - eaux souterraines</small>",27 sept. 2026
5650036,Meuse aval et Chiers - eaux souterraines,54,Meurthe-et-Moselle,SOU,crise,Crise,4,2026-08-12,2026-09-30,20260812_AP_PREF_MAC_CRISE_SIGNE,"<b>Eaux souterraines</b><br><span style=""background:maroon;color:#fff;padding:2px 7px;border-radius:4px;font-weight:bold;font-size:0.85em"">Crise</span><br>du 12 août 2026 au 30 sept. 2026<br><small>Zone : Meuse aval et Chiers - eaux souterraines</small>",27 sept. 2026
5650077,Scorff,56,Morbihan,SOU,crise,Crise,4,2026-08-19,2026-11-30,20260819_AP_56_crise,"<b>Eaux souterraines</b><br><span style=""background:maroon;color:#fff;padding:2px 7px;border-radius:4px;font-weight:bold;font-size:0.85em"">Crise</span><br>du 19 août 2026 au 30 nov. 2026<br><small>Zone : Scorff</small>",27 sept. 2026
5650022,bassin Mayenne amont ouest,53,Mayenne,SOU,crise,Crise,4,2026-09-23,,AP_N°11_DDT53_22092026,"<b>Eaux souterraines</b><br><span style=""background:maroon;color:#fff;padding:2px 7px;border-radius:4px;font-weight:bold;font-size:0.85em"">Crise</span><br>depuis le 23 sept. 2026<br><small>Zone : bassin Mayenne amont ouest</small>",27 sept. 2026
5650025,bassin Mayenne médiane et aval,53,Mayenne,SOU,crise,Crise,4,2026-09-23,,AP_N°11_DDT53_22092026,"<b>Eaux souterraines</b><br><span style=""background:maroon;color:#fff;padding:2px 7px;border-radius:4px;font-weight:bold;font-size:0.85em"">Crise</span><br>depuis le 23 sept. 2026<br><small>Zone : bassin Mayenne médiane et aval</small>",27 sept. 2026
5650063,Blavet rive gauche,56,Morbihan,SOU,crise,Crise,4,2026-08-19,2026-11-30,20260819_AP_56_crise,"<b>Eaux souterraines</b><br><span style=""background:maroon;color:#fff;padding:2px 7px;border-radius:4px;font-weight:bold;font-size:0.85em"">Crise</span><br>du 19 août 2026 au 30 nov. 2026<br><small>Zone : Blavet rive gauche</small>",27 sept. 2026
5654036,Zone de gestion Tholon-Ravillon-;Vrin-d'Ocques,89,Yonne,SOU,crise,Crise,4,2026-09-04,2026-12-31,DDT/SEE/2026/0072,"<b>Eaux souterraines</b><br><span style=""background:maroon;color:#fff;padding:2px 7px;border-radius:4px;font-weight:bold;font-size:0.85em"">Crise</span><br>du 4 sept. 2026 au 31 déc. 2026<br><small>Zone : Zone de gestion Tholon-Ravillon-;Vrin-d'Ocques</small>",27 sept. 2026
5650016,bassin Mayenne amont est,53,Mayenne,SOU,crise,Crise,4,2026-09-23,,AP_N°11_DDT53_22092026,"<b>Eaux souterraines</b><br><span style=""background:maroon;color:#fff;padding:2px 7px;border-radius:4px;font-weight:bold;font-size:0.85em"">Crise</span><br>depuis le 23 sept. 2026<br><small>Zone : bassin Mayenne amont est</small>",27 sept. 2026
5650018,bassin Oudon,53,Mayenne,SOU,crise,Crise,4,2026-09-23,,AP_N°11_DDT53_22092026,"<b>Eaux souterraines</b><br><span style=""background:maroon;color:#fff;padding:2px 7px;border-radius:4px;font-weight:bold;font-size:0.85em"">Crise</span><br>depuis le 23 sept. 2026<br><small>Zone : bassin Oudon</small>",27 sept. 2026
5650020,bassin Sarthe aval,53,Mayenne,SOU,crise,Crise,4,2026-09-23,,AP_N°11_DDT53_22092026,"<b>Eaux souterraines</b><br><span style=""background:maroon;color:#fff;padding:2px 7px;border-radius:4px;font-weight:bold;font-size:0.85em"">Crise</span><br>depuis le 23 sept. 2026<br><small>Zone : bassin Sarthe aval</small>",27 sept. 2026
5646135,Zone dépendant des bassins Cagne et Loup,06,Alpes-Maritimes,SOU,crise,Crise,4,2026-08-14,2026-10-31,AP-2026-110,"<b>Eaux souterraines</b><br><span style=""background:maroon;color:#fff;padding:2px 7px;border-radius:4px;font-weight:bold;font-size:0.85em"">Crise</span><br>du 14 août 2026 au 31 oct. 2026<br><small>Zone : Zone dépendant des bassins Cagne et Loup</small>",27 sept. 2026
5647345,Bassin de l'Yèvre amont,18,Cher,SOU,crise,Crise,4,2026-09-17,, DDT-2026-360,"<b>Eaux souterraines</b><br><span style=""background:maroon;color:#fff;padding:2px 7px;border-radius:4px;font-weight:bold;font-size:0.85em"">Crise</span><br>depuis le 17 sept. 2026<br><small>Zone : Bassin de l'Yèvre amont</small>",27 sept. 2026
5647347,Bassin de l'Aubois,18,Cher,SOU,crise,Crise,4,2026-09-17,, DDT-2026-360,"<b>Eaux souterraines</b><br><span style=""background:maroon;color:#fff;padding:2px 7px;border-radius:4px;font-weight:bold;font-size:0.85em"">Crise</span><br>depuis le 17 sept. 2026<br><small>Zone : Bassin de l'Aubois</small>",27 sept. 2026
5654025,Zone de gestion Cousin,89,Yonne,SOU,crise,Crise,4,2026-09-04,2026-12-31,DDT/SEE/2026/0072,"<b>Eaux souterraines</b><br><span style=""background:maroon;color:#fff;padding:2px 7px;border-radius:4px;font-weight:bold;font-size:0.85em"">Crise</span><br>du 4 sept. 2026 au 31 déc. 2026<br><small>Zone : Zone de gestion Cousin</small>",27 sept. 2026
5654037,Zone de gestion Armançon Aval,89,Yonne,SOU,crise,Crise,4,2026-09-04,2026-12-31,DDT/SEE/2026/0072,"<b>Eaux souterraines</b><br><span style=""background:maroon;color:#fff;padding:2px 7px;border-radius:4px;font-weight:bold;font-size:0.85em"">Crise</span><br>du 4 sept. 2026 au 31 déc. 2026<br><small>Zone : Zone de gestion Armançon Aval</small>",27 sept. 2026
5654042,Zone de gestion Cure,89,Yonne,SOU,crise,Crise,4,2026-09-04,2026-12-31,DDT/SEE/2026/0072,"<b>Eaux souterraines</b><br><span style=""background:maroon;color:#fff;padding:2px 7px;border-radius:4px;font-weight:bold;font-size:0.85em"">Crise</span><br>du 4 sept. 2026 au 31 déc. 2026<br><small>Zone : Zone de gestion Cure</small>",27 sept. 2026
5654045,Zone de gestion Serein,89,Yonne,SOU,crise,Crise,4,2026-09-04,2026-12-31,DDT/SEE/2026/0072,"<b>Eaux souterraines</b><br><span style=""background:maroon;color:#fff;padding:2px 7px;border-radius:4px;font-weight:bold;font-size:0.85em"">Crise</span><br>du 4 sept. 2026 au 31 déc. 2026<br><small>Zone : Zone de gestion Serein</small>",27 sept. 2026
5654047,Zone de gestion de la Vrille,89,Yonne,SOU,crise,Crise,4,2026-09-04,2026-12-31,DDT/SEE/2026/0072,"<b>Eaux souterraines</b><br><span style=""background:maroon;color:#fff;padding:2px 7px;border-radius:4px;font-weight:bold;font-size:0.85em"">Crise</span><br>du 4 sept. 2026 au 31 déc. 2026<br><small>Zone : Zone de gestion de la Vrille</small>",27 sept. 2026
5648217,Arnon,36,Indre,SOU,crise,Crise,4,2026-08-08,,36-2026-08-06-00002 ,"<b>Eaux souterraines</b><br><span style=""background:maroon;color:#fff;padding:2px 7px;border-radius:4px;font-weight:bold;font-size:0.85em"">Crise</span><br>depuis le 8 août 2026<br><small>Zone : Arnon</small>",27 sept. 2026
5647325,"Bassin du Colin, de l'Ouatier et du Langis",18,Cher,SOU,crise,Crise,4,2026-09-17,, DDT-2026-360,"<b>Eaux souterraines</b><br><span style=""background:maroon;color:#fff;padding:2px 7px;border-radius:4px;font-weight:bold;font-size:0.85em"">Crise</span><br>depuis le 17 sept. 2026<br><small>Zone : Bassin du Colin, de l'Ouatier et du Langis</small>",27 sept. 2026
5647342,Bassin de l'Yèvre aval,18,Cher,SOU,crise,Crise,4,2026-09-17,, DDT-2026-360,"<b>Eaux souterraines</b><br><span style=""background:maroon;color:#fff;padding:2px 7px;border-radius:4px;font-weight:bold;font-size:0.85em"">Crise</span><br>depuis le 17 sept. 2026<br><small>Zone : Bassin de l'Yèvre aval</small>",27 sept. 2026
5647343,Bassin de l'Arnon amont,18,Cher,SOU,crise,Crise,4,2026-09-17,, DDT-2026-360,"<b>Eaux souterraines</b><br><span style=""background:maroon;color:#fff;padding:2px 7px;border-radius:4px;font-weight:bold;font-size:0.85em"">Crise</span><br>depuis le 17 sept. 2026<br><small>Zone : Bassin de l'Arnon amont</small>",27 sept. 2026
5646133,Zone dépendant des bassins Cagne et Esteron,06,Alpes-Maritimes,SOU,crise,Crise,4,2026-08-14,2026-10-31,AP-2026-110,"<b>Eaux souterraines</b><br><span style=""background:maroon;color:#fff;padding:2px 7px;border-radius:4px;font-weight:bold;font-size:0.85em"">Crise</span><br>du 14 août 2026 au 31 oct. 2026<br><small>Zone : Zone dépendant des bassins Cagne et Esteron</small>",27 sept. 2026
5646151,Loire,07,Ardèche,SOU,crise,Crise,4,2026-09-21,2026-10-31,07-2026-09-21-00005,"<b>Eaux souterraines</b><br><span style=""background:maroon;color:#fff;padding:2px 7px;border-radius:4px;font-weight:bold;font-size:0.85em"">Crise</span><br>du 21 sept. 2026 au 31 oct. 2026<br><small>Zone : Loire</small>",27 sept. 2026
5646154,Doux,07,Ardèche,SOU,crise,Crise,4,2026-09-21,2026-10-31,07-2026-09-21-00005,"<b>Eaux souterraines</b><br><span style=""background:maroon;color:#fff;padding:2px 7px;border-radius:4px;font-weight:bold;font-size:0.85em"">Crise</span><br>du 21 sept. 2026 au 31 oct. 2026<br><small>Zone : Doux</small>",27 sept. 2026
5646156,Allier,07,Ardèche,SOU,crise,Crise,4,2026-09-21,2026-10-31,07-2026-09-21-00005,"<b>Eaux souterraines</b><br><span style=""background:maroon;color:#fff;padding:2px 7px;border-radius:4px;font-weight:bold;font-size:0.85em"">Crise</span><br>du 21 sept. 2026 au 31 oct. 2026<br><small>Zone : Allier</small>",27 sept. 2026
5646157,Cèze,07,Ardèche,SOU,crise,Crise,4,2026-09-21,2026-10-31,07-2026-09-21-00005,"<b>Eaux souterraines</b><br><span style=""background:maroon;color:#fff;padding:2px 7px;border-radius:4px;font-weight:bold;font-size:0.85em"">Crise</span><br>du 21 sept. 2026 au 31 oct. 2026<br><small>Zone : Cèze</small>",27 sept. 2026
5646160,Eyrieux,07,Ardèche,SOU,crise,Crise,4,2026-09-21,2026-10-31,07-2026-09-21-00005,"<b>Eaux souterraines</b><br><span style=""background:maroon;color:#fff;padding:2px 7px;border-radius:4px;font-weight:bold;font-size:0.85em"">Crise</span><br>du 21 sept. 2026 au 31 oct. 2026<br><small>Zone : Eyrieux</small>",27 sept. 2026
5648232,Modon,36,Indre,SOU,crise,Crise,4,2026-08-08,,36-2026-08-06-00002 ,"<b>Eaux souterraines</b><br><span style=""background:maroon;color:#fff;padding:2px 7px;border-radius:4px;font-weight:bold;font-size:0.85em"">Crise</span><br>depuis le 8 août 2026<br><small>Zone : Modon</small>",27 sept. 2026
5648224,Anglin aval,36,Indre,SOU,crise,Crise,4,2026-08-08,,36-2026-08-06-00002 ,"<b>Eaux souterraines</b><br><span style=""background:maroon;color:#fff;padding:2px 7px;border-radius:4px;font-weight:bold;font-size:0.85em"">Crise</span><br>depuis le 8 août 2026<br><small>Zone : Anglin aval</small>",27 sept. 2026
5648231,Indre aval,36,Indre,SOU,crise,Crise,4,2026-08-08,,36-2026-08-06-00002 ,"<b>Eaux souterraines</b><br><span style=""background:maroon;color:#fff;padding:2px 7px;border-radius:4px;font-weight:bold;font-size:0.85em"">Crise</span><br>depuis le 8 août 2026<br><small>Zone : Indre aval</small>",27 sept. 2026
5646172,Calcaires de l'Oxfordien des Ardennes,08,Ardennes,SOU,crise,Crise,4,2026-07-29,2026-10-31,Arrêté n°2026 / 553 - OXFORDIEN - CRISE,"<b>Eaux souterraines</b><br><span style=""background:maroon;color:#fff;padding:2px 7px;border-radius:4px;font-weight:bold;font-size:0.85em"">Crise</span><br>du 29 juil. 2026 au 31 oct. 2026<br><small>Zone : Calcaires de l'Oxfordien des Ardennes</small>",27 sept. 2026
5648237,Fouzon,36,Indre,SOU,crise,Crise,4,2026-08-08,,36-2026-08-06-00002 ,"<b>Eaux souterraines</b><br><span style=""background:maroon;color:#fff;padding:2px 7px;border-radius:4px;font-weight:bold;font-size:0.85em"">Crise</span><br>depuis le 8 août 2026<br><small>Zone : Fouzon</small>",27 sept. 2026
5646177,Oise,08,Ardennes,SOU,crise,Crise,4,2026-08-25,2026-10-31,Arrêté N°2026/619 OISE - CRISE,"<b>Eaux souterraines</b><br><span style=""background:maroon;color:#fff;padding:2px 7px;border-radius:4px;font-weight:bold;font-size:0.85em"">Crise</span><br>du 25 août 2026 au 31 oct. 2026<br><small>Zone : Oise</small>",27 sept. 2026
5647130,Affluents rive droite Truyère,12,Aveyron,SOU,crise,Crise,4,2026-08-15,2026-10-31,MN-12-2026-10,"<b>Eaux souterraines</b><br><span style=""background:maroon;color:#fff;padding:2px 7px;border-radius:4px;font-weight:bold;font-size:0.85em"">Crise</span><br>du 15 août 2026 au 31 oct. 2026<br><small>Zone : Affluents rive droite Truyère</small>",27 sept. 2026
5647105,L'Alzou et ses affluents,12,Aveyron,SOU,crise,Crise,4,2026-08-15,2026-10-31,MN-12-2026-10,"<b>Eaux souterraines</b><br><span style=""background:maroon;color:#fff;padding:2px 7px;border-radius:4px;font-weight:bold;font-size:0.85em"">Crise</span><br>du 15 août 2026 au 31 oct. 2026<br><small>Zone : L'Alzou et ses affluents</small>",27 sept. 2026
5647108,Diège,12,Aveyron,SOU,crise,Crise,4,2026-08-15,2026-10-31,MN-12-2026-10,"<b>Eaux souterraines</b><br><span style=""background:maroon;color:#fff;padding:2px 7px;border-radius:4px;font-weight:bold;font-size:0.85em"">Crise</span><br>du 15 août 2026 au 31 oct. 2026<br><small>Zone : Diège</small>",27 sept. 2026
5647119,Rance,12,Aveyron,SOU,crise,Crise,4,2026-08-15,2026-10-31,MN-12-2026-10,"<b>Eaux souterraines</b><br><span style=""background:maroon;color:#fff;padding:2px 7px;border-radius:4px;font-weight:bold;font-size:0.85em"">Crise</span><br>du 15 août 2026 au 31 oct. 2026<br><small>Zone : Rance</small>",27 sept. 2026
5647135,Le Cérou non réalimenté et ses affluents,12,Aveyron,SOU,crise,Crise,4,2026-08-15,2026-10-31,MN-12-2026-10,"<b>Eaux souterraines</b><br><span style=""background:maroon;color:#fff;padding:2px 7px;border-radius:4px;font-weight:bold;font-size:0.85em"">Crise</span><br>du 15 août 2026 au 31 oct. 2026<br><small>Zone : Le Cérou non réalimenté et ses affluents</small>",27 sept. 2026
5647139,Le Viaur non réalimenté et les affluents du Viaur,12,Aveyron,SOU,crise,Crise,4,2026-08-15,2026-10-31,MN-12-2026-10,"<b>Eaux souterraines</b><br><span style=""background:maroon;color:#fff;padding:2px 7px;border-radius:4px;font-weight:bold;font-size:0.85em"">Crise</span><br>du 15 août 2026 au 31 oct. 2026<br><small>Zone : Le Viaur non réalimenté et les affluents du Viaur</small>",27 sept. 2026
5647144,Tarn amont,12,Aveyron,SOU,crise,Crise,4,2026-08-15,2026-10-31,MN-12-2026-10,"<b>Eaux souterraines</b><br><span style=""background:maroon;color:#fff;padding:2px 7px;border-radius:4px;font-weight:bold;font-size:0.85em"">Crise</span><br>du 15 août 2026 au 31 oct. 2026<br><small>Zone : Tarn amont</small>",27 sept. 2026
5647145,Orb,12,Aveyron,SOU,crise,Crise,4,2026-08-15,2026-10-31,MN-12-2026-10,"<b>Eaux souterraines</b><br><span style=""background:maroon;color:#fff;padding:2px 7px;border-radius:4px;font-weight:bold;font-size:0.85em"">Crise</span><br>du 15 août 2026 au 31 oct. 2026<br><small>Zone : Orb</small>",27 sept. 2026
5647147,Affluents du Lot amont,12,Aveyron,SOU,crise,Crise,4,2026-08-15,2026-10-31,MN-12-2026-10,"<b>Eaux souterraines</b><br><span style=""background:maroon;color:#fff;padding:2px 7px;border-radius:4px;font-weight:bold;font-size:0.85em"">Crise</span><br>du 15 août 2026 au 31 oct. 2026<br><small>Zone : Affluents du Lot amont</small>",27 sept. 2026
5647149,La Baye et ses affluents,12,Aveyron,SOU,crise,Crise,4,2026-08-15,2026-10-31,MN-12-2026-10,"<b>Eaux souterraines</b><br><span style=""background:maroon;color:#fff;padding:2px 7px;border-radius:4px;font-weight:bold;font-size:0.85em"">Crise</span><br>du 15 août 2026 au 31 oct. 2026<br><small>Zone : La Baye et ses affluents</small>",27 sept. 2026
5647160,La Seye et ses affluents,12,Aveyron,SOU,crise,Crise,4,2026-08-15,2026-10-31,MN-12-2026-10,"<b>Eaux souterraines</b><br><span style=""background:maroon;color:#fff;padding:2px 7px;border-radius:4px;font-weight:bold;font-size:0.85em"">Crise</span><br>du 15 août 2026 au 31 oct. 2026<br><small>Zone : La Seye et ses affluents</small>",27 sept. 2026
5647161,Affluents du Lot domanial amont,12,Aveyron,SOU,crise,Crise,4,2026-08-15,2026-10-31,MN-12-2026-10,"<b>Eaux souterraines</b><br><span style=""background:maroon;color:#fff;padding:2px 7px;border-radius:4px;font-weight:bold;font-size:0.85em"">Crise</span><br>du 15 août 2026 au 31 oct. 2026<br><small>Zone : Affluents du Lot domanial amont</small>",27 sept. 2026
5646201,Craie de Champagne Nord,08,Ardennes,SOU,crise,Crise,4,2026-07-29,2026-10-31,Arrêté n°2026 / 554 Champ Nord - alerte renforcée,"<b>Eaux souterraines</b><br><span style=""background:maroon;color:#fff;padding:2px 7px;border-radius:4px;font-weight:bold;font-size:0.85em"">Crise</span><br>du 29 juil. 2026 au 31 oct. 2026<br><small>Zone : Craie de Champagne Nord</small>",27 sept. 2026
5648218,Cher,36,Indre,SOU,crise,Crise,4,2026-08-08,,36-2026-08-06-00002 ,"<b>Eaux souterraines</b><br><span style=""background:maroon;color:#fff;padding:2px 7px;border-radius:4px;font-weight:bold;font-size:0.85em"">Crise</span><br>depuis le 8 août 2026<br><small>Zone : Cher</small>",27 sept. 2026
5648219,Claise,36,Indre,SOU,crise,Crise,4,2026-08-08,,36-2026-08-06-00002 ,"<b>Eaux souterraines</b><br><span style=""background:maroon;color:#fff;padding:2px 7px;border-radius:4px;font-weight:bold;font-size:0.85em"">Crise</span><br>depuis le 8 août 2026<br><small>Zone : Claise</small>",27 sept. 2026
5648227,Théols,36,Indre,SOU,crise,Crise,4,2026-08-08,,36-2026-08-06-00002 ,"<b>Eaux souterraines</b><br><span style=""background:maroon;color:#fff;padding:2px 7px;border-radius:4px;font-weight:bold;font-size:0.85em"">Crise</span><br>depuis le 8 août 2026<br><small>Zone : Théols</small>",27 sept. 2026
5647239,Alagnon,15,Cantal,SOU,crise,Crise,4,2026-09-18,,2026-199,"<b>Eaux souterraines</b><br><span style=""background:maroon;color:#fff;padding:2px 7px;border-radius:4px;font-weight:bold;font-size:0.85em"">Crise</span><br>depuis le 18 sept. 2026<br><small>Zone : Alagnon</small>",27 sept. 2026
5647240,Maronne,15,Cantal,SOU,crise,Crise,4,2026-09-18,,2026-199,"<b>Eaux souterraines</b><br><span style=""background:maroon;color:#fff;padding:2px 7px;border-radius:4px;font-weight:bold;font-size:0.85em"">Crise</span><br>depuis le 18 sept. 2026<br><small>Zone : Maronne</small>",27 sept. 2026
5650041,"Moselle aval, Orne, Nied et Seille partie du département 55",55,Meuse,SOU,crise,Crise,4,2026-09-02,2026-11-02,11640-2026-DDT-SE,"<b>Eaux souterraines</b><br><span style=""background:maroon;color:#fff;padding:2px 7px;border-radius:4px;font-weight:bold;font-size:0.85em"">Crise</span><br>du 2 sept. 2026 au 2 nov. 2026<br><small>Zone : Moselle aval, Orne, Nied et Seille partie du département 55</small>",27 sept. 2026
5647465,zone non couverte par l'arrêté cadre,22,Côtes-d'Armor,SOU,crise,Crise,4,2026-08-14,,20260814_AP-CRISE-DEP,"<b>Eaux souterraines</b><br><span style=""background:maroon;color:#fff;padding:2px 7px;border-radius:4px;font-weight:bold;font-size:0.85em"">Crise</span><br>depuis le 14 août 2026<br><small>Zone : zone non couverte par l'arrêté cadre</small>",27 sept. 2026
5647232,Ander_Margeride,15,Cantal,SOU,crise,Crise,4,2026-09-18,,2026-199,"<b>Eaux souterraines</b><br><span style=""background:maroon;color:#fff;padding:2px 7px;border-radius:4px;font-weight:bold;font-size:0.85em"">Crise</span><br>depuis le 18 sept. 2026<br><small>Zone : Ander_Margeride</small>",27 sept. 2026
5647234,Affluents_Lot,15,Cantal,SOU,crise,Crise,4,2026-09-18,,2026-199,"<b>Eaux souterraines</b><br><span style=""background:maroon;color:#fff;padding:2px 7px;border-radius:4px;font-weight:bold;font-size:0.85em"">Crise</span><br>depuis le 18 sept. 2026<br><small>Zone : Affluents_Lot</small>",27 sept. 2026
5647236,Haut-Allier,15,Cantal,SOU,crise,Crise,4,2026-09-18,,2026-199,"<b>Eaux souterraines</b><br><span style=""background:maroon;color:#fff;padding:2px 7px;border-radius:4px;font-weight:bold;font-size:0.85em"">Crise</span><br>depuis le 18 sept. 2026<br><small>Zone : Haut-Allier</small>",27 sept. 2026
5647237,Rhue,15,Cantal,SOU,crise,Crise,4,2026-09-18,,2026-199,"<b>Eaux souterraines</b><br><span style=""background:maroon;color:#fff;padding:2px 7px;border-radius:4px;font-weight:bold;font-size:0.85em"">Crise</span><br>depuis le 18 sept. 2026<br><small>Zone : Rhue</small>",27 sept. 2026
5650060,Ellé,56,Morbihan,SOU,crise,Crise,4,2026-08-19,2026-11-30,20260819_AP_56_crise,"<b>Eaux souterraines</b><br><span style=""background:maroon;color:#fff;padding:2px 7px;border-radius:4px;font-weight:bold;font-size:0.85em"">Crise</span><br>du 19 août 2026 au 30 nov. 2026<br><small>Zone : Ellé</small>",27 sept. 2026
5648239,Bouzanne,36,Indre,SOU,crise,Crise,4,2026-08-08,,36-2026-08-06-00002 ,"<b>Eaux souterraines</b><br><span style=""background:maroon;color:#fff;padding:2px 7px;border-radius:4px;font-weight:bold;font-size:0.85em"">Crise</span><br>depuis le 8 août 2026<br><small>Zone : Bouzanne</small>",27 sept. 2026
5648244,Anglin amont,36,Indre,SOU,crise,Crise,4,2026-08-08,,36-2026-08-06-00002 ,"<b>Eaux souterraines</b><br><span style=""background:maroon;color:#fff;padding:2px 7px;border-radius:4px;font-weight:bold;font-size:0.85em"">Crise</span><br>depuis le 8 août 2026<br><small>Zone : Anglin amont</small>",27 sept. 2026
5647328,Bassin de la Loire et de ses affluents,18,Cher,SOU,crise,Crise,4,2026-09-17,, DDT-2026-360,"<b>Eaux souterraines</b><br><span style=""background:maroon;color:#fff;padding:2px 7px;border-radius:4px;font-weight:bold;font-size:0.85em"">Crise</span><br>depuis le 17 sept. 2026<br><small>Zone : Bassin de la Loire et de ses affluents</small>",27 sept. 2026
5647329,"Bassin de l'Auron, de l'Airain et des Rampennes",18,Cher,SOU,crise,Crise,4,2026-09-17,, DDT-2026-360,"<b>Eaux souterraines</b><br><span style=""background:maroon;color:#fff;padding:2px 7px;border-radius:4px;font-weight:bold;font-size:0.85em"">Crise</span><br>depuis le 17 sept. 2026<br><small>Zone : Bassin de l'Auron, de l'Airain et des Rampennes</small>",27 sept. 2026
5647332,Bassin de la Théols,18,Cher,SOU,crise,Crise,4,2026-09-17,, DDT-2026-360,"<b>Eaux souterraines</b><br><span style=""background:maroon;color:#fff;padding:2px 7px;border-radius:4px;font-weight:bold;font-size:0.85em"">Crise</span><br>depuis le 17 sept. 2026<br><small>Zone : Bassin de la Théols</small>",27 sept. 2026
5647334,Bassin de la Vauvise,18,Cher,SOU,crise,Crise,4,2026-09-17,, DDT-2026-360,"<b>Eaux souterraines</b><br><span style=""background:maroon;color:#fff;padding:2px 7px;border-radius:4px;font-weight:bold;font-size:0.85em"">Crise</span><br>depuis le 17 sept. 2026<br><small>Zone : Bassin de la Vauvise</small>",27 sept. 2026
5647335,Bassin de l'Arnon aval,18,Cher,SOU,crise,Crise,4,2026-09-17,, DDT-2026-360,"<b>Eaux souterraines</b><br><span style=""background:maroon;color:#fff;padding:2px 7px;border-radius:4px;font-weight:bold;font-size:0.85em"">Crise</span><br>depuis le 17 sept. 2026<br><small>Zone : Bassin de l'Arnon aval</small>",27 sept. 2026
5647337,Bassin du Cher,18,Cher,SOU,crise,Crise,4,2026-09-17,, DDT-2026-360,"<b>Eaux souterraines</b><br><span style=""background:maroon;color:#fff;padding:2px 7px;border-radius:4px;font-weight:bold;font-size:0.85em"">Crise</span><br>depuis le 17 sept. 2026<br><small>Zone : Bassin du Cher</small>",27 sept. 2026
5648247,Indre amont,36,Indre,SOU,crise,Crise,4,2026-08-08,,36-2026-08-06-00002 ,"<b>Eaux souterraines</b><br><span style=""background:maroon;color:#fff;padding:2px 7px;border-radius:4px;font-weight:bold;font-size:0.85em"">Crise</span><br>depuis le 8 août 2026<br><small>Zone : Indre amont</small>",27 sept. 2026
5647348,Bassin du Fouzon,18,Cher,SOU,crise,Crise,4,2026-09-17,, DDT-2026-360,"<b>Eaux souterraines</b><br><span style=""background:maroon;color:#fff;padding:2px 7px;border-radius:4px;font-weight:bold;font-size:0.85em"">Crise</span><br>depuis le 17 sept. 2026<br><small>Zone : Bassin du Fouzon</small>",27 sept. 2026
5647349,Bassin de l'Indre amont,18,Cher,SOU,crise,Crise,4,2026-09-17,, DDT-2026-360,"<b>Eaux souterraines</b><br><span style=""background:maroon;color:#fff;padding:2px 7px;border-radius:4px;font-weight:bold;font-size:0.85em"">Crise</span><br>depuis le 17 sept. 2026<br><small>Zone : Bassin de l'Indre amont</small>",27 sept. 2026
5647286,Bassin de l'Aume-Couture,17,Charente-Maritime,SOU,crise,Crise,4,2026-09-18,2026-10-31,26B599 Charente,"<b>Eaux souterraines</b><br><span style=""background:maroon;color:#fff;padding:2px 7px;border-radius:4px;font-weight:bold;font-size:0.85em"">Crise</span><br>du 18 sept. 2026 au 31 oct. 2026<br><small>Zone : Bassin de l'Aume-Couture</small>",27 sept. 2026
5647290,Bassin du Né,17,Charente-Maritime,SOU,crise,Crise,4,2026-09-18,2026-10-31,26B599 Charente,"<b>Eaux souterraines</b><br><span style=""background:maroon;color:#fff;padding:2px 7px;border-radius:4px;font-weight:bold;font-size:0.85em"">Crise</span><br>du 18 sept. 2026 au 31 oct. 2026<br><small>Zone : Bassin du Né</small>",27 sept. 2026
5647378,zone Corrèze aval,19,Corrèze,SOU,crise,Crise,4,2026-08-29,2026-10-31,Arrete_Correze_semaine_35,"<b>Eaux souterraines</b><br><span style=""background:maroon;color:#fff;padding:2px 7px;border-radius:4px;font-weight:bold;font-size:0.85em"">Crise</span><br>du 29 août 2026 au 31 oct. 2026<br><small>Zone : zone Corrèze aval</small>",27 sept. 2026
5647380,zone Vézère cristalline aval rive droite,19,Corrèze,SOU,crise,Crise,4,2026-08-29,2026-10-31,Arrete_Correze_semaine_35,"<b>Eaux souterraines</b><br><span style=""background:maroon;color:#fff;padding:2px 7px;border-radius:4px;font-weight:bold;font-size:0.85em"">Crise</span><br>du 29 août 2026 au 31 oct. 2026<br><small>Zone : zone Vézère cristalline aval rive droite</small>",27 sept. 2026
5647387,zone Dordogne des grands barrages rive droite (19),19,Corrèze,SOU,crise,Crise,4,2026-08-29,2026-10-31,Arrete_Correze_semaine_35,"<b>Eaux souterraines</b><br><span style=""background:maroon;color:#fff;padding:2px 7px;border-radius:4px;font-weight:bold;font-size:0.85em"">Crise</span><br>du 29 août 2026 au 31 oct. 2026<br><small>Zone : zone Dordogne des grands barrages rive droite (19)</small>",27 sept. 2026
5647389,zone Dordogne des grands barrages rive gauche (19),19,Corrèze,SOU,crise,Crise,4,2026-08-29,2026-10-31,Arrete_Correze_semaine_35,"<b>Eaux souterraines</b><br><span style=""background:maroon;color:#fff;padding:2px 7px;border-radius:4px;font-weight:bold;font-size:0.85em"">Crise</span><br>du 29 août 2026 au 31 oct. 2026<br><small>Zone : zone Dordogne des grands barrages rive gauche (19)</small>",27 sept. 2026
5647391,zone Corrèze amont,19,Corrèze,SOU,crise,Crise,4,2026-08-29,2026-10-31,Arrete_Correze_semaine_35,"<b>Eaux souterraines</b><br><span style=""background:maroon;color:#fff;padding:2px 7px;border-radius:4px;font-weight:bold;font-size:0.85em"">Crise</span><br>du 29 août 2026 au 31 oct. 2026<br><small>Zone : zone Corrèze amont</small>",27 sept. 2026
5647392,zone Elle (19),19,Corrèze,SOU,crise,Crise,4,2026-08-29,2026-10-31,Arrete_Correze_semaine_35,"<b>Eaux souterraines</b><br><span style=""background:maroon;color:#fff;padding:2px 7px;border-radius:4px;font-weight:bold;font-size:0.85em"">Crise</span><br>du 29 août 2026 au 31 oct. 2026<br><small>Zone : zone Elle (19)</small>",27 sept. 2026
5647404,zone Vienne amont (19),19,Corrèze,SOU,crise,Crise,4,2026-08-29,2026-10-31,Arrete_Correze_semaine_35,"<b>Eaux souterraines</b><br><span style=""background:maroon;color:#fff;padding:2px 7px;border-radius:4px;font-weight:bold;font-size:0.85em"">Crise</span><br>du 29 août 2026 au 31 oct. 2026<br><small>Zone : zone Vienne amont (19)</small>",27 sept. 2026
5647384,zone Vézère cristalline amont (19),19,Corrèze,SOU,crise,Crise,4,2026-08-29,2026-10-31,Arrete_Correze_semaine_35,"<b>Eaux souterraines</b><br><span style=""background:maroon;color:#fff;padding:2px 7px;border-radius:4px;font-weight:bold;font-size:0.85em"">Crise</span><br>du 29 août 2026 au 31 oct. 2026<br><small>Zone : zone Vézère cristalline amont (19)</small>",27 sept. 2026
5647385,zone Vézère cristalline aval rive gauche,19,Corrèze,SOU,crise,Crise,4,2026-08-29,2026-10-31,Arrete_Correze_semaine_35,"<b>Eaux souterraines</b><br><span style=""background:maroon;color:#fff;padding:2px 7px;border-radius:4px;font-weight:bold;font-size:0.85em"">Crise</span><br>du 29 août 2026 au 31 oct. 2026<br><small>Zone : zone Vézère cristalline aval rive gauche</small>",27 sept. 2026
5647393,zone Logne,19,Corrèze,SOU,crise,Crise,4,2026-08-29,2026-10-31,Arrete_Correze_semaine_35,"<b>Eaux souterraines</b><br><span style=""background:maroon;color:#fff;padding:2px 7px;border-radius:4px;font-weight:bold;font-size:0.85em"">Crise</span><br>du 29 août 2026 au 31 oct. 2026<br><small>Zone : zone Logne</small>",27 sept. 2026
5647285,Bassin de la Boutonne aval et moyenne,17,Charente-Maritime,SOU,crise,Crise,4,2026-09-18,2026-10-31,26B599 Charente,"<b>Eaux souterraines</b><br><span style=""background:maroon;color:#fff;padding:2px 7px;border-radius:4px;font-weight:bold;font-size:0.85em"">Crise</span><br>du 18 sept. 2026 au 31 oct. 2026<br><small>Zone : Bassin de la Boutonne aval et moyenne</small>",27 sept. 2026
5648196,Secteur milieux aquatiques 7 - Bassin de la Chère_ZA_ESO,35,Ille-et-Vilaine,SOU,crise,Crise,4,2026-08-15,,35-2026-08-14-00002,"<b>Eaux souterraines</b><br><span style=""background:maroon;color:#fff;padding:2px 7px;border-radius:4px;font-weight:bold;font-size:0.85em"">Crise</span><br>depuis le 15 août 2026<br><small>Zone : Secteur milieux aquatiques 7 - Bassin de la Chère_ZA_ESO</small>",27 sept. 2026
5648207,Secteur milieux aquatiques 6 - Bassin de l'Aff_ZA_ESO,35,Ille-et-Vilaine,SOU,crise,Crise,4,2026-08-15,,35-2026-08-14-00002,"<b>Eaux souterraines</b><br><span style=""background:maroon;color:#fff;padding:2px 7px;border-radius:4px;font-weight:bold;font-size:0.85em"">Crise</span><br>depuis le 15 août 2026<br><small>Zone : Secteur milieux aquatiques 6 - Bassin de l'Aff_ZA_ESO</small>",27 sept. 2026
5647399,zone Dordogne karstique (19),19,Corrèze,SOU,crise,Crise,4,2026-08-29,2026-10-31,Arrete_Correze_semaine_35,"<b>Eaux souterraines</b><br><span style=""background:maroon;color:#fff;padding:2px 7px;border-radius:4px;font-weight:bold;font-size:0.85em"">Crise</span><br>du 29 août 2026 au 31 oct. 2026<br><small>Zone : zone Dordogne karstique (19)</small>",27 sept. 2026
5647400,zone Auvézère (19),19,Corrèze,SOU,crise,Crise,4,2026-08-29,2026-10-31,Arrete_Correze_semaine_35,"<b>Eaux souterraines</b><br><span style=""background:maroon;color:#fff;padding:2px 7px;border-radius:4px;font-weight:bold;font-size:0.85em"">Crise</span><br>du 29 août 2026 au 31 oct. 2026<br><small>Zone : zone Auvézère (19)</small>",27 sept. 2026
5647401,zone Couze,19,Corrèze,SOU,crise,Crise,4,2026-08-29,2026-10-31,Arrete_Correze_semaine_35,"<b>Eaux souterraines</b><br><span style=""background:maroon;color:#fff;padding:2px 7px;border-radius:4px;font-weight:bold;font-size:0.85em"">Crise</span><br>du 29 août 2026 au 31 oct. 2026<br><small>Zone : zone Couze</small>",27 sept. 2026
5647439,Vingeanne (SOU),21,Côte-d'Or,SOU,crise,Crise,4,2026-08-03,,1283*,"<b>Eaux souterraines</b><br><span style=""background:maroon;color:#fff;padding:2px 7px;border-radius:4px;font-weight:bold;font-size:0.85em"">Crise</span><br>depuis le 3 août 2026<br><small>Zone : Vingeanne (SOU)</small>",27 sept. 2026
5647445,Tille amont (SOU),21,Côte-d'Or,SOU,crise,Crise,4,2026-08-03,,1283*,"<b>Eaux souterraines</b><br><span style=""background:maroon;color:#fff;padding:2px 7px;border-radius:4px;font-weight:bold;font-size:0.85em"">Crise</span><br>depuis le 3 août 2026<br><small>Zone : Tille amont (SOU)</small>",27 sept. 2026
5647448,Châtillonnais (SOU),21,Côte-d'Or,SOU,crise,Crise,4,2026-08-03,,1283*,"<b>Eaux souterraines</b><br><span style=""background:maroon;color:#fff;padding:2px 7px;border-radius:4px;font-weight:bold;font-size:0.85em"">Crise</span><br>depuis le 3 août 2026<br><small>Zone : Châtillonnais (SOU)</small>",27 sept. 2026
5647450,Ouche amont (SOU),21,Côte-d'Or,SOU,crise,Crise,4,2026-08-03,,1283*,"<b>Eaux souterraines</b><br><span style=""background:maroon;color:#fff;padding:2px 7px;border-radius:4px;font-weight:bold;font-size:0.85em"">Crise</span><br>depuis le 3 août 2026<br><small>Zone : Ouche amont (SOU)</small>",27 sept. 2026
5647423,Ouche aval (SOU),21,Côte-d'Or,SOU,crise,Crise,4,2026-08-03,,1283*,"<b>Eaux souterraines</b><br><span style=""background:maroon;color:#fff;padding:2px 7px;border-radius:4px;font-weight:bold;font-size:0.85em"">Crise</span><br>depuis le 3 août 2026<br><small>Zone : Ouche aval (SOU)</small>",27 sept. 2026
5647425,Serein amont (SOU),21,Côte-d'Or,SOU,crise,Crise,4,2026-08-03,,1283*,"<b>Eaux souterraines</b><br><span style=""background:maroon;color:#fff;padding:2px 7px;border-radius:4px;font-weight:bold;font-size:0.85em"">Crise</span><br>depuis le 3 août 2026<br><small>Zone : Serein amont (SOU)</small>",27 sept. 2026
5647429,Saône moyenne (SOU),21,Côte-d'Or,SOU,crise,Crise,4,2026-08-03,,1283*,"<b>Eaux souterraines</b><br><span style=""background:maroon;color:#fff;padding:2px 7px;border-radius:4px;font-weight:bold;font-size:0.85em"">Crise</span><br>depuis le 3 août 2026<br><small>Zone : Saône moyenne (SOU)</small>",27 sept. 2026
5647431,Arroux (SOU),21,Côte-d'Or,SOU,crise,Crise,4,2026-08-03,,1283*,"<b>Eaux souterraines</b><br><span style=""background:maroon;color:#fff;padding:2px 7px;border-radius:4px;font-weight:bold;font-size:0.85em"">Crise</span><br>depuis le 3 août 2026<br><small>Zone : Arroux (SOU)</small>",27 sept. 2026
5647432,Bouzaise (SOU),21,Côte-d'Or,SOU,crise,Crise,4,2026-08-03,,1283*,"<b>Eaux souterraines</b><br><span style=""background:maroon;color:#fff;padding:2px 7px;border-radius:4px;font-weight:bold;font-size:0.85em"">Crise</span><br>depuis le 3 août 2026<br><small>Zone : Bouzaise (SOU)</small>",27 sept. 2026
5647435,Tille aval (SOU),21,Côte-d'Or,SOU,crise,Crise,4,2026-08-03,,1283*,"<b>Eaux souterraines</b><br><span style=""background:maroon;color:#fff;padding:2px 7px;border-radius:4px;font-weight:bold;font-size:0.85em"">Crise</span><br>depuis le 3 août 2026<br><small>Zone : Tille aval (SOU)</small>",27 sept. 2026
5647436,"Vouge, Biètre, Cent-Fonts (SOU)",21,Côte-d'Or,SOU,crise,Crise,4,2026-08-03,,1283*,"<b>Eaux souterraines</b><br><span style=""background:maroon;color:#fff;padding:2px 7px;border-radius:4px;font-weight:bold;font-size:0.85em"">Crise</span><br>depuis le 3 août 2026<br><small>Zone : Vouge, Biètre, Cent-Fonts (SOU)</small>",27 sept. 2026
5653705,Le Fresquel,81,Tarn,SOU,crise,Crise,4,2026-09-12,2026-10-31,260909,"<b>Eaux souterraines</b><br><span style=""background:maroon;color:#fff;padding:2px 7px;border-radius:4px;font-weight:bold;font-size:0.85em"">Crise</span><br>du 12 sept. 2026 au 31 oct. 2026<br><small>Zone : Le Fresquel</small>",27 sept. 2026
5650068,Oust Aval,56,Morbihan,SOU,crise,Crise,4,2026-08-19,2026-11-30,20260819_AP_56_crise,"<b>Eaux souterraines</b><br><span style=""background:maroon;color:#fff;padding:2px 7px;border-radius:4px;font-weight:bold;font-size:0.85em"">Crise</span><br>du 19 août 2026 au 30 nov. 2026<br><small>Zone : Oust Aval</small>",27 sept. 2026
5647481,Vienne,23,Creuse,SOU,crise,Crise,4,2026-07-30,2026-10-30,23-2026-07-29-00002,"<b>Eaux souterraines</b><br><span style=""background:maroon;color:#fff;padding:2px 7px;border-radius:4px;font-weight:bold;font-size:0.85em"">Crise</span><br>du 30 juil. 2026 au 30 oct. 2026<br><small>Zone : Vienne</small>",27 sept. 2026
5650074,Blavet rive droite,56,Morbihan,SOU,crise,Crise,4,2026-08-19,2026-11-30,20260819_AP_56_crise,"<b>Eaux souterraines</b><br><span style=""background:maroon;color:#fff;padding:2px 7px;border-radius:4px;font-weight:bold;font-size:0.85em"">Crise</span><br>du 19 août 2026 au 30 nov. 2026<br><small>Zone : Blavet rive droite</small>",27 sept. 2026
5647482,Creuse aval,23,Creuse,SOU,crise,Crise,4,2026-07-30,2026-10-30,23-2026-07-29-00002,"<b>Eaux souterraines</b><br><span style=""background:maroon;color:#fff;padding:2px 7px;border-radius:4px;font-weight:bold;font-size:0.85em"">Crise</span><br>du 30 juil. 2026 au 30 oct. 2026<br><small>Zone : Creuse aval</small>",27 sept. 2026
5647477,Dordogne,23,Creuse,SOU,crise,Crise,4,2026-07-30,2026-10-30,23-2026-07-29-00002,"<b>Eaux souterraines</b><br><span style=""background:maroon;color:#fff;padding:2px 7px;border-radius:4px;font-weight:bold;font-size:0.85em"">Crise</span><br>du 30 juil. 2026 au 30 oct. 2026<br><small>Zone : Dordogne</small>",27 sept. 2026
5647480,Cher,23,Creuse,SOU,crise,Crise,4,2026-07-30,2026-10-30,23-2026-07-29-00002,"<b>Eaux souterraines</b><br><span style=""background:maroon;color:#fff;padding:2px 7px;border-radius:4px;font-weight:bold;font-size:0.85em"">Crise</span><br>du 30 juil. 2026 au 30 oct. 2026<br><small>Zone : Cher</small>",27 sept. 2026
5650059,Oust amont,56,Morbihan,SOU,crise,Crise,4,2026-08-19,2026-11-30,20260819_AP_56_crise,"<b>Eaux souterraines</b><br><span style=""background:maroon;color:#fff;padding:2px 7px;border-radius:4px;font-weight:bold;font-size:0.85em"">Crise</span><br>du 19 août 2026 au 30 nov. 2026<br><small>Zone : Oust amont</small>",27 sept. 2026
5650064,Yvel,56,Morbihan,SOU,crise,Crise,4,2026-08-19,2026-11-30,20260819_AP_56_crise,"<b>Eaux souterraines</b><br><span style=""background:maroon;color:#fff;padding:2px 7px;border-radius:4px;font-weight:bold;font-size:0.85em"">Crise</span><br>du 19 août 2026 au 30 nov. 2026<br><small>Zone : Yvel</small>",27 sept. 2026
5650065,Aff,56,Morbihan,SOU,crise,Crise,4,2026-08-19,2026-11-30,20260819_AP_56_crise,"<b>Eaux souterraines</b><br><span style=""background:maroon;color:#fff;padding:2px 7px;border-radius:4px;font-weight:bold;font-size:0.85em"">Crise</span><br>du 19 août 2026 au 30 nov. 2026<br><small>Zone : Aff</small>",27 sept. 2026
5650078,Littoral,56,Morbihan,SOU,crise,Crise,4,2026-08-19,2026-11-30,20260819_AP_56_crise,"<b>Eaux souterraines</b><br><span style=""background:maroon;color:#fff;padding:2px 7px;border-radius:4px;font-weight:bold;font-size:0.85em"">Crise</span><br>du 19 août 2026 au 30 nov. 2026<br><small>Zone : Littoral</small>",27 sept. 2026
5649517,Bassin du Gave de Pau-40,40,Landes,SOU,crise,Crise,4,2026-09-25,2026-10-31,AP ACI GAVES 2026-1247,"<b>Eaux souterraines</b><br><span style=""background:maroon;color:#fff;padding:2px 7px;border-radius:4px;font-weight:bold;font-size:0.85em"">Crise</span><br>du 25 sept. 2026 au 31 oct. 2026<br><small>Zone : Bassin du Gave de Pau-40</small>",27 sept. 2026
5649518,Bassin du Gave d'Oloron-40,40,Landes,SOU,crise,Crise,4,2026-09-25,2026-10-31,AP ACI GAVES 2026-1247,"<b>Eaux souterraines</b><br><span style=""background:maroon;color:#fff;padding:2px 7px;border-radius:4px;font-weight:bold;font-size:0.85em"">Crise</span><br>du 25 sept. 2026 au 31 oct. 2026<br><small>Zone : Bassin du Gave d'Oloron-40</small>",27 sept. 2026
5649550,Affluents Loire amont,41,Loir-et-Cher,SOU,crise,Crise,4,2026-09-25,,41-2026-09-24-00004,"<b>Eaux souterraines</b><br><span style=""background:maroon;color:#fff;padding:2px 7px;border-radius:4px;font-weight:bold;font-size:0.85em"">Crise</span><br>depuis le 25 sept. 2026<br><small>Zone : Affluents Loire amont</small>",27 sept. 2026
5649564,Bassin du Cher,41,Loir-et-Cher,SOU,crise,Crise,4,2026-09-25,,41-2026-09-24-00004,"<b>Eaux souterraines</b><br><span style=""background:maroon;color:#fff;padding:2px 7px;border-radius:4px;font-weight:bold;font-size:0.85em"">Crise</span><br>depuis le 25 sept. 2026<br><small>Zone : Bassin du Cher</small>",27 sept. 2026
5654075,zone non couverte par l'arrêté cadre,90,Territoire de Belfort,SOU,crise,Crise,4,2026-07-17,,90-2026-09-17-00003,"<b>Eaux souterraines</b><br><span style=""background:maroon;color:#fff;padding:2px 7px;border-radius:4px;font-weight:bold;font-size:0.85em"">Crise</span><br>depuis le 17 juil. 2026<br><small>Zone : zone non couverte par l'arrêté cadre</small>",27 sept. 2026
5648140,Bassin versant du Vidourle,34,Hérault,SOU,crise,Crise,4,2026-09-24,2026-10-31,DDTM34-2026-09-17516,"<b>Eaux souterraines</b><br><span style=""background:maroon;color:#fff;padding:2px 7px;border-radius:4px;font-weight:bold;font-size:0.85em"">Crise</span><br>du 24 sept. 2026 au 31 oct. 2026<br><small>Zone : Bassin versant du Vidourle</small>",27 sept. 2026
5648144,Bassin versant du Thoré amont,34,Hérault,SOU,crise,Crise,4,2026-09-24,2026-10-31,DDTM34-2026-09-17516,"<b>Eaux souterraines</b><br><span style=""background:maroon;color:#fff;padding:2px 7px;border-radius:4px;font-weight:bold;font-size:0.85em"">Crise</span><br>du 24 sept. 2026 au 31 oct. 2026<br><small>Zone : Bassin versant du Thoré amont</small>",27 sept. 2026
5648145,Bassin versant de l’Argent double et de l’Ognon,34,Hérault,SOU,crise,Crise,4,2026-09-24,2026-10-31,DDTM34-2026-09-17516,"<b>Eaux souterraines</b><br><span style=""background:maroon;color:#fff;padding:2px 7px;border-radius:4px;font-weight:bold;font-size:0.85em"">Crise</span><br>du 24 sept. 2026 au 31 oct. 2026<br><small>Zone : Bassin versant de l’Argent double et de l’Ognon</small>",27 sept. 2026
5648161,Bassin versant du Jaur,34,Hérault,SOU,crise,Crise,4,2026-09-24,2026-10-31,DDTM34-2026-09-17516,"<b>Eaux souterraines</b><br><span style=""background:maroon;color:#fff;padding:2px 7px;border-radius:4px;font-weight:bold;font-size:0.85em"">Crise</span><br>du 24 sept. 2026 au 31 oct. 2026<br><small>Zone : Bassin versant du Jaur</small>",27 sept. 2026
5648164,Bassin versant de l'Orb de la Source à l’amont de la confluence avec le Jaur hors axe Orb soutenu,34,Hérault,SOU,crise,Crise,4,2026-09-24,2026-10-31,DDTM34-2026-09-17516,"<b>Eaux souterraines</b><br><span style=""background:maroon;color:#fff;padding:2px 7px;border-radius:4px;font-weight:bold;font-size:0.85em"">Crise</span><br>du 24 sept. 2026 au 31 oct. 2026<br><small>Zone : Bassin versant de l'Orb de la Source à l’amont de la confluence avec le Jaur hors axe Orb soutenu</small>",27 sept. 2026
5648165,Affluents de l'Orb de la confluence avec le Jaur jusqu'à l'embouchure,34,Hérault,SOU,crise,Crise,4,2026-09-24,2026-10-31,DDTM34-2026-09-17516,"<b>Eaux souterraines</b><br><span style=""background:maroon;color:#fff;padding:2px 7px;border-radius:4px;font-weight:bold;font-size:0.85em"">Crise</span><br>du 24 sept. 2026 au 31 oct. 2026<br><small>Zone : Affluents de l'Orb de la confluence avec le Jaur jusqu'à l'embouchure</small>",27 sept. 2026
5649576,Bassin du Cosson,41,Loir-et-Cher,SOU,crise,Crise,4,2026-09-25,,41-2026-09-24-00004,"<b>Eaux souterraines</b><br><span style=""background:maroon;color:#fff;padding:2px 7px;border-radius:4px;font-weight:bold;font-size:0.85em"">Crise</span><br>depuis le 25 sept. 2026<br><small>Zone : Bassin du Cosson</small>",27 sept. 2026
5653723,Bassin du Girou,81,Tarn,SOU,crise,Crise,4,2026-09-12,2026-10-31,260909,"<b>Eaux souterraines</b><br><span style=""background:maroon;color:#fff;padding:2px 7px;border-radius:4px;font-weight:bold;font-size:0.85em"">Crise</span><br>du 12 sept. 2026 au 31 oct. 2026<br><small>Zone : Bassin du Girou</small>",27 sept. 2026
5649555,Bassin du Fouzon,41,Loir-et-Cher,SOU,crise,Crise,4,2026-09-25,,41-2026-09-24-00004,"<b>Eaux souterraines</b><br><span style=""background:maroon;color:#fff;padding:2px 7px;border-radius:4px;font-weight:bold;font-size:0.85em"">Crise</span><br>depuis le 25 sept. 2026<br><small>Zone : Bassin du Fouzon</small>",27 sept. 2026
5649619,Rhins SorninSOU,42,Loire,SOU,crise,Crise,4,2026-09-14,2026-10-31,DT-42-26-0606,"<b>Eaux souterraines</b><br><span style=""background:maroon;color:#fff;padding:2px 7px;border-radius:4px;font-weight:bold;font-size:0.85em"">Crise</span><br>du 14 sept. 2026 au 31 oct. 2026<br><small>Zone : Rhins SorninSOU</small>",27 sept. 2026
5649620,Fleuve Loire avalSOU,42,Loire,SOU,crise,Crise,4,2026-09-14,2026-10-31,DT-42-26-0606,"<b>Eaux souterraines</b><br><span style=""background:maroon;color:#fff;padding:2px 7px;border-radius:4px;font-weight:bold;font-size:0.85em"">Crise</span><br>du 14 sept. 2026 au 31 oct. 2026<br><small>Zone : Fleuve Loire avalSOU</small>",27 sept. 2026
5649621,Isable AixSOU,42,Loire,SOU,crise,Crise,4,2026-09-14,2026-10-31,DT-42-26-0606,"<b>Eaux souterraines</b><br><span style=""background:maroon;color:#fff;padding:2px 7px;border-radius:4px;font-weight:bold;font-size:0.85em"">Crise</span><br>du 14 sept. 2026 au 31 oct. 2026<br><small>Zone : Isable AixSOU</small>",27 sept. 2026
5649609,Forez Lignon - VizezySOU,42,Loire,SOU,crise,Crise,4,2026-09-14,2026-10-31,DT-42-26-0606,"<b>Eaux souterraines</b><br><span style=""background:maroon;color:#fff;padding:2px 7px;border-radius:4px;font-weight:bold;font-size:0.85em"">Crise</span><br>du 14 sept. 2026 au 31 oct. 2026<br><small>Zone : Forez Lignon - VizezySOU</small>",27 sept. 2026
5649602,Pilat SudSOU,42,Loire,SOU,crise,Crise,4,2026-09-14,2026-10-31,DT-42-26-0606,"<b>Eaux souterraines</b><br><span style=""background:maroon;color:#fff;padding:2px 7px;border-radius:4px;font-weight:bold;font-size:0.85em"">Crise</span><br>du 14 sept. 2026 au 31 oct. 2026<br><small>Zone : Pilat SudSOU</small>",27 sept. 2026
5649613,Fleuve Loire amontSOU,42,Loire,SOU,crise,Crise,4,2026-09-14,2026-10-31,DT-42-26-0606,"<b>Eaux souterraines</b><br><span style=""background:maroon;color:#fff;padding:2px 7px;border-radius:4px;font-weight:bold;font-size:0.85em"">Crise</span><br>du 14 sept. 2026 au 31 oct. 2026<br><small>Zone : Fleuve Loire amontSOU</small>",27 sept. 2026
5649615,Forez Ance - Mare - BonsonSOU,42,Loire,SOU,crise,Crise,4,2026-09-14,2026-10-31,DT-42-26-0606,"<b>Eaux souterraines</b><br><span style=""background:maroon;color:#fff;padding:2px 7px;border-radius:4px;font-weight:bold;font-size:0.85em"">Crise</span><br>du 14 sept. 2026 au 31 oct. 2026<br><small>Zone : Forez Ance - Mare - BonsonSOU</small>",27 sept. 2026
5653727,Affluents de l’Agout moyen de la Raviège à la confluence avec le Thoré en excluant la Durenque,81,Tarn,SOU,crise,Crise,4,2026-09-12,2026-10-31,260909,"<b>Eaux souterraines</b><br><span style=""background:maroon;color:#fff;padding:2px 7px;border-radius:4px;font-weight:bold;font-size:0.85em"">Crise</span><br>du 12 sept. 2026 au 31 oct. 2026<br><small>Zone : Affluents de l’Agout moyen de la Raviège à la confluence avec le Thoré en excluant la Durenque</small>",27 sept. 2026
5653729,Le Sor de sa source au Cammazes et tous les affluents du Sor,81,Tarn,SOU,crise,Crise,4,2026-09-12,2026-10-31,260909,"<b>Eaux souterraines</b><br><span style=""background:maroon;color:#fff;padding:2px 7px;border-radius:4px;font-weight:bold;font-size:0.85em"">Crise</span><br>du 12 sept. 2026 au 31 oct. 2026<br><small>Zone : Le Sor de sa source au Cammazes et tous les affluents du Sor</small>",27 sept. 2026
5649679,Nappe Machecoul,44,Loire-Atlantique,SOU,crise,Crise,4,2026-09-24,2026-10-31,2026/SEE/0217,"<b>Eaux souterraines</b><br><span style=""background:maroon;color:#fff;padding:2px 7px;border-radius:4px;font-weight:bold;font-size:0.85em"">Crise</span><br>du 24 sept. 2026 au 31 oct. 2026<br><small>Zone : Nappe Machecoul</small>",27 sept. 2026
5649680,"Nappes de Massérac, Saint-Gildas-des-Bois, Soulvache",44,Loire-Atlantique,SOU,crise,Crise,4,2026-09-24,2026-10-31,2026/SEE/0217,"<b>Eaux souterraines</b><br><span style=""background:maroon;color:#fff;padding:2px 7px;border-radius:4px;font-weight:bold;font-size:0.85em"">Crise</span><br>du 24 sept. 2026 au 31 oct. 2026<br><small>Zone : Nappes de Massérac, Saint-Gildas-des-Bois, Soulvache</small>",27 sept. 2026
5649709,Loire amont,45,Loiret,SOU,crise,Crise,4,2026-09-23,,DDT-SEEF-2026-210,"<b>Eaux souterraines</b><br><span style=""background:maroon;color:#fff;padding:2px 7px;border-radius:4px;font-weight:bold;font-size:0.85em"">Crise</span><br>depuis le 23 sept. 2026<br><small>Zone : Loire amont</small>",27 sept. 2026
5649733,Cosson,45,Loiret,SOU,crise,Crise,4,2026-09-23,,DDT-SEEF-2026-210,"<b>Eaux souterraines</b><br><span style=""background:maroon;color:#fff;padding:2px 7px;border-radius:4px;font-weight:bold;font-size:0.85em"">Crise</span><br>depuis le 23 sept. 2026<br><small>Zone : Cosson</small>",27 sept. 2026
5649687,Avenelle-Ethelin,45,Loiret,SOU,crise,Crise,4,2026-09-23,,DDT-SEEF-2026-210,"<b>Eaux souterraines</b><br><span style=""background:maroon;color:#fff;padding:2px 7px;border-radius:4px;font-weight:bold;font-size:0.85em"">Crise</span><br>depuis le 23 sept. 2026<br><small>Zone : Avenelle-Ethelin</small>",27 sept. 2026
5649688,Loiret-Dhuy,45,Loiret,SOU,crise,Crise,4,2026-09-23,,DDT-SEEF-2026-210,"<b>Eaux souterraines</b><br><span style=""background:maroon;color:#fff;padding:2px 7px;border-radius:4px;font-weight:bold;font-size:0.85em"">Crise</span><br>depuis le 23 sept. 2026<br><small>Zone : Loiret-Dhuy</small>",27 sept. 2026
5649689,Montargois,45,Loiret,SOU,crise,Crise,4,2026-09-23,,DDT-SEEF-2026-210,"<b>Eaux souterraines</b><br><span style=""background:maroon;color:#fff;padding:2px 7px;border-radius:4px;font-weight:bold;font-size:0.85em"">Crise</span><br>depuis le 23 sept. 2026<br><small>Zone : Montargois</small>",27 sept. 2026
5649701,Ru de Pont Chevron,45,Loiret,SOU,crise,Crise,4,2026-09-23,,DDT-SEEF-2026-210,"<b>Eaux souterraines</b><br><span style=""background:maroon;color:#fff;padding:2px 7px;border-radius:4px;font-weight:bold;font-size:0.85em"">Crise</span><br>depuis le 23 sept. 2026<br><small>Zone : Ru de Pont Chevron</small>",27 sept. 2026
5649705,Ardoux,45,Loiret,SOU,crise,Crise,4,2026-09-23,,DDT-SEEF-2026-210,"<b>Eaux souterraines</b><br><span style=""background:maroon;color:#fff;padding:2px 7px;border-radius:4px;font-weight:bold;font-size:0.85em"">Crise</span><br>depuis le 23 sept. 2026<br><small>Zone : Ardoux</small>",27 sept. 2026
5649706,Fusain ESO,45,Loiret,SOU,crise,Crise,4,2026-09-23,,DDT-SEEF-2026-210,"<b>Eaux souterraines</b><br><span style=""background:maroon;color:#fff;padding:2px 7px;border-radius:4px;font-weight:bold;font-size:0.85em"">Crise</span><br>depuis le 23 sept. 2026<br><small>Zone : Fusain ESO</small>",27 sept. 2026
5649707,Bec d'Able,45,Loiret,SOU,crise,Crise,4,2026-09-23,,DDT-SEEF-2026-210,"<b>Eaux souterraines</b><br><span style=""background:maroon;color:#fff;padding:2px 7px;border-radius:4px;font-weight:bold;font-size:0.85em"">Crise</span><br>depuis le 23 sept. 2026<br><small>Zone : Bec d'Able</small>",27 sept. 2026
5649727,Milleron,45,Loiret,SOU,crise,Crise,4,2026-09-23,,DDT-SEEF-2026-210,"<b>Eaux souterraines</b><br><span style=""background:maroon;color:#fff;padding:2px 7px;border-radius:4px;font-weight:bold;font-size:0.85em"">Crise</span><br>depuis le 23 sept. 2026<br><small>Zone : Milleron</small>",27 sept. 2026
5649728,Sange,45,Loiret,SOU,crise,Crise,4,2026-09-23,,DDT-SEEF-2026-210,"<b>Eaux souterraines</b><br><span style=""background:maroon;color:#fff;padding:2px 7px;border-radius:4px;font-weight:bold;font-size:0.85em"">Crise</span><br>depuis le 23 sept. 2026<br><small>Zone : Sange</small>",27 sept. 2026
5649776,La Grande Barguelonne,46,Lot,SOU,crise,Crise,4,2026-09-19,2026-10-31,AP_E_2026_260,"<b>Eaux souterraines</b><br><span style=""background:maroon;color:#fff;padding:2px 7px;border-radius:4px;font-weight:bold;font-size:0.85em"">Crise</span><br>du 19 sept. 2026 au 31 oct. 2026<br><small>Zone : La Grande Barguelonne</small>",27 sept. 2026
5649778,Les affluents de Célé,46,Lot,SOU,crise,Crise,4,2026-09-19,2026-10-31,AP_E_2026_260,"<b>Eaux souterraines</b><br><span style=""background:maroon;color:#fff;padding:2px 7px;border-radius:4px;font-weight:bold;font-size:0.85em"">Crise</span><br>du 19 sept. 2026 au 31 oct. 2026<br><small>Zone : Les affluents de Célé</small>",27 sept. 2026
5649780,Le Lemboulas,46,Lot,SOU,crise,Crise,4,2026-09-19,2026-10-31,AP_E_2026_260,"<b>Eaux souterraines</b><br><span style=""background:maroon;color:#fff;padding:2px 7px;border-radius:4px;font-weight:bold;font-size:0.85em"">Crise</span><br>du 19 sept. 2026 au 31 oct. 2026<br><small>Zone : Le Lemboulas</small>",27 sept. 2026
5649781,Le Lendou,46,Lot,SOU,crise,Crise,4,2026-09-19,2026-10-31,AP_E_2026_260,"<b>Eaux souterraines</b><br><span style=""background:maroon;color:#fff;padding:2px 7px;border-radius:4px;font-weight:bold;font-size:0.85em"">Crise</span><br>du 19 sept. 2026 au 31 oct. 2026<br><small>Zone : Le Lendou</small>",27 sept. 2026
5649785,La Petite Barguelonne,46,Lot,SOU,crise,Crise,4,2026-09-19,2026-10-31,AP_E_2026_260,"<b>Eaux souterraines</b><br><span style=""background:maroon;color:#fff;padding:2px 7px;border-radius:4px;font-weight:bold;font-size:0.85em"">Crise</span><br>du 19 sept. 2026 au 31 oct. 2026<br><small>Zone : La Petite Barguelonne</small>",27 sept. 2026
5649787,La Lupte - Lembous,46,Lot,SOU,crise,Crise,4,2026-09-19,2026-10-31,AP_E_2026_260,"<b>Eaux souterraines</b><br><span style=""background:maroon;color:#fff;padding:2px 7px;border-radius:4px;font-weight:bold;font-size:0.85em"">Crise</span><br>du 19 sept. 2026 au 31 oct. 2026<br><small>Zone : La Lupte - Lembous</small>",27 sept. 2026
5649788,Les affluents du Lot,46,Lot,SOU,crise,Crise,4,2026-09-19,2026-10-31,AP_E_2026_260,"<b>Eaux souterraines</b><br><span style=""background:maroon;color:#fff;padding:2px 7px;border-radius:4px;font-weight:bold;font-size:0.85em"">Crise</span><br>du 19 sept. 2026 au 31 oct. 2026<br><small>Zone : Les affluents du Lot</small>",27 sept. 2026
5649791,La Séoune,46,Lot,SOU,crise,Crise,4,2026-09-19,2026-10-31,AP_E_2026_260,"<b>Eaux souterraines</b><br><span style=""background:maroon;color:#fff;padding:2px 7px;border-radius:4px;font-weight:bold;font-size:0.85em"">Crise</span><br>du 19 sept. 2026 au 31 oct. 2026<br><small>Zone : La Séoune</small>",27 sept. 2026
5649792,Le Célé,46,Lot,SOU,crise,Crise,4,2026-09-19,2026-10-31,AP_E_2026_260,"<b>Eaux souterraines</b><br><span style=""background:maroon;color:#fff;padding:2px 7px;border-radius:4px;font-weight:bold;font-size:0.85em"">Crise</span><br>du 19 sept. 2026 au 31 oct. 2026<br><small>Zone : Le Célé</small>",27 sept. 2026
5649793,Le Vert Aval - La Masse,46,Lot,SOU,crise,Crise,4,2026-09-19,2026-10-31,AP_E_2026_260,"<b>Eaux souterraines</b><br><span style=""background:maroon;color:#fff;padding:2px 7px;border-radius:4px;font-weight:bold;font-size:0.85em"">Crise</span><br>du 19 sept. 2026 au 31 oct. 2026<br><small>Zone : Le Vert Aval - La Masse</small>",27 sept. 2026
5649796,La Lère,46,Lot,SOU,crise,Crise,4,2026-09-19,2026-10-31,AP_E_2026_260,"<b>Eaux souterraines</b><br><span style=""background:maroon;color:#fff;padding:2px 7px;border-radius:4px;font-weight:bold;font-size:0.85em"">Crise</span><br>du 19 sept. 2026 au 31 oct. 2026<br><small>Zone : La Lère</small>",27 sept. 2026
5649807,Le Vers - La Rauze - La Sagne,46,Lot,SOU,crise,Crise,4,2026-09-19,2026-10-31,AP_E_2026_260,"<b>Eaux souterraines</b><br><span style=""background:maroon;color:#fff;padding:2px 7px;border-radius:4px;font-weight:bold;font-size:0.85em"">Crise</span><br>du 19 sept. 2026 au 31 oct. 2026<br><small>Zone : Le Vers - La Rauze - La Sagne</small>",27 sept. 2026
5649813,Le Vert Amont,46,Lot,SOU,crise,Crise,4,2026-09-19,2026-10-31,AP_E_2026_260,"<b>Eaux souterraines</b><br><span style=""background:maroon;color:#fff;padding:2px 7px;border-radius:4px;font-weight:bold;font-size:0.85em"">Crise</span><br>du 19 sept. 2026 au 31 oct. 2026<br><small>Zone : Le Vert Amont</small>",27 sept. 2026
5654432,Bassins du Réveillon et du Morbras,94,Val-de-Marne,SOU,crise,Crise,4,2026-07-06,2026-10-31,2026/02562,"<b>Eaux souterraines</b><br><span style=""background:maroon;color:#fff;padding:2px 7px;border-radius:4px;font-weight:bold;font-size:0.85em"">Crise</span><br>du 6 juil. 2026 au 31 oct. 2026<br><small>Zone : Bassins du Réveillon et du Morbras</small>",27 sept. 2026
5649910,Authion alluvions,49,Maine-et-Loire,SOU,crise,Crise,4,2026-09-17,,DDT-SEEB-PPE-ETIAGE-49 n°2026-12,"<b>Eaux souterraines</b><br><span style=""background:maroon;color:#fff;padding:2px 7px;border-radius:4px;font-weight:bold;font-size:0.85em"">Crise</span><br>depuis le 17 sept. 2026<br><small>Zone : Authion alluvions</small>",27 sept. 2026
5649914,Erdre,49,Maine-et-Loire,SOU,crise,Crise,4,2026-09-17,,DDT-SEEB-PPE-ETIAGE-49 n°2026-12,"<b>Eaux souterraines</b><br><span style=""background:maroon;color:#fff;padding:2px 7px;border-radius:4px;font-weight:bold;font-size:0.85em"">Crise</span><br>depuis le 17 sept. 2026<br><small>Zone : Erdre</small>",27 sept. 2026
5649916,Romme Brionneau,49,Maine-et-Loire,SOU,crise,Crise,4,2026-09-17,,DDT-SEEB-PPE-ETIAGE-49 n°2026-12,"<b>Eaux souterraines</b><br><span style=""background:maroon;color:#fff;padding:2px 7px;border-radius:4px;font-weight:bold;font-size:0.85em"">Crise</span><br>depuis le 17 sept. 2026<br><small>Zone : Romme Brionneau</small>",27 sept. 2026
5649923,Layon,49,Maine-et-Loire,SOU,crise,Crise,4,2026-09-17,,DDT-SEEB-PPE-ETIAGE-49 n°2026-12,"<b>Eaux souterraines</b><br><span style=""background:maroon;color:#fff;padding:2px 7px;border-radius:4px;font-weight:bold;font-size:0.85em"">Crise</span><br>depuis le 17 sept. 2026<br><small>Zone : Layon</small>",27 sept. 2026
5649929,Alluvions de la Loire-Thau,49,Maine-et-Loire,SOU,crise,Crise,4,2026-09-17,,DDT-SEEB-PPE-ETIAGE-49 n°2026-12,"<b>Eaux souterraines</b><br><span style=""background:maroon;color:#fff;padding:2px 7px;border-radius:4px;font-weight:bold;font-size:0.85em"">Crise</span><br>depuis le 17 sept. 2026<br><small>Zone : Alluvions de la Loire-Thau</small>",27 sept. 2026
5649931,Mayenne,49,Maine-et-Loire,SOU,crise,Crise,4,2026-09-17,,DDT-SEEB-PPE-ETIAGE-49 n°2026-12,"<b>Eaux souterraines</b><br><span style=""background:maroon;color:#fff;padding:2px 7px;border-radius:4px;font-weight:bold;font-size:0.85em"">Crise</span><br>depuis le 17 sept. 2026<br><small>Zone : Mayenne</small>",27 sept. 2026
5649887,bassin de la Truyère (sout),48,Lozère,SOU,crise,Crise,4,2026-09-26,2026-11-24,DDT-SEB-2026-267-0001,"<b>Eaux souterraines</b><br><span style=""background:maroon;color:#fff;padding:2px 7px;border-radius:4px;font-weight:bold;font-size:0.85em"">Crise</span><br>du 26 sept. 2026 au 24 nov. 2026<br><small>Zone : bassin de la Truyère (sout)</small>",27 sept. 2026
5649874,cours d'eau Colagne (sout),48,Lozère,SOU,crise,Crise,4,2026-09-26,2026-11-24,DDT-SEB-2026-267-0001,"<b>Eaux souterraines</b><br><span style=""background:maroon;color:#fff;padding:2px 7px;border-radius:4px;font-weight:bold;font-size:0.85em"">Crise</span><br>du 26 sept. 2026 au 24 nov. 2026<br><small>Zone : cours d'eau Colagne (sout)</small>",27 sept. 2026
5649869,bassin de l'Allier amont (sout),48,Lozère,SOU,crise,Crise,4,2026-09-26,2026-11-24,DDT-SEB-2026-267-0001,"<b>Eaux souterraines</b><br><span style=""background:maroon;color:#fff;padding:2px 7px;border-radius:4px;font-weight:bold;font-size:0.85em"">Crise</span><br>du 26 sept. 2026 au 24 nov. 2026<br><small>Zone : bassin de l'Allier amont (sout)</small>",27 sept. 2026
5649870,bassin des Gardons (sout),48,Lozère,SOU,crise,Crise,4,2026-09-26,2026-11-24,DDT-SEB-2026-267-0001,"<b>Eaux souterraines</b><br><span style=""background:maroon;color:#fff;padding:2px 7px;border-radius:4px;font-weight:bold;font-size:0.85em"">Crise</span><br>du 26 sept. 2026 au 24 nov. 2026<br><small>Zone : bassin des Gardons (sout)</small>",27 sept. 2026
5649871,bassin de la Colagne (sout),48,Lozère,SOU,crise,Crise,4,2026-09-26,2026-11-24,DDT-SEB-2026-267-0001,"<b>Eaux souterraines</b><br><span style=""background:maroon;color:#fff;padding:2px 7px;border-radius:4px;font-weight:bold;font-size:0.85em"">Crise</span><br>du 26 sept. 2026 au 24 nov. 2026<br><small>Zone : bassin de la Colagne (sout)</small>",27 sept. 2026
5649872,bassin de l'Allier moyen (sout),48,Lozère,SOU,crise,Crise,4,2026-09-26,2026-11-24,DDT-SEB-2026-267-0001,"<b>Eaux souterraines</b><br><span style=""background:maroon;color:#fff;padding:2px 7px;border-radius:4px;font-weight:bold;font-size:0.85em"">Crise</span><br>du 26 sept. 2026 au 24 nov. 2026<br><small>Zone : bassin de l'Allier moyen (sout)</small>",27 sept. 2026
5648221,Ringoire,36,Indre,SOU,crise,Crise,4,2026-08-08,,36-2026-08-06-00002 ,"<b>Eaux souterraines</b><br><span style=""background:maroon;color:#fff;padding:2px 7px;border-radius:4px;font-weight:bold;font-size:0.85em"">Crise</span><br>depuis le 8 août 2026<br><small>Zone : Ringoire</small>",27 sept. 2026
5648222,Creuse,36,Indre,SOU,crise,Crise,4,2026-08-08,,36-2026-08-06-00002 ,"<b>Eaux souterraines</b><br><span style=""background:maroon;color:#fff;padding:2px 7px;border-radius:4px;font-weight:bold;font-size:0.85em"">Crise</span><br>depuis le 8 août 2026<br><small>Zone : Creuse</small>",27 sept. 2026
5648223,Indrois-Tourmente,36,Indre,SOU,crise,Crise,4,2026-08-08,,36-2026-08-06-00002 ,"<b>Eaux souterraines</b><br><span style=""background:maroon;color:#fff;padding:2px 7px;border-radius:4px;font-weight:bold;font-size:0.85em"">Crise</span><br>depuis le 8 août 2026<br><small>Zone : Indrois-Tourmente</small>",27 sept. 2026
5648245,Trégonce,36,Indre,SOU,crise,Crise,4,2026-08-08,,36-2026-08-06-00002 ,"<b>Eaux souterraines</b><br><span style=""background:maroon;color:#fff;padding:2px 7px;border-radius:4px;font-weight:bold;font-size:0.85em"">Crise</span><br>depuis le 8 août 2026<br><small>Zone : Trégonce</small>",27 sept. 2026
5649862,bassin de la Cèze (sout),48,Lozère,SOU,crise,Crise,4,2026-09-26,2026-11-24,DDT-SEB-2026-267-0001,"<b>Eaux souterraines</b><br><span style=""background:maroon;color:#fff;padding:2px 7px;border-radius:4px;font-weight:bold;font-size:0.85em"">Crise</span><br>du 26 sept. 2026 au 24 nov. 2026<br><small>Zone : bassin de la Cèze (sout)</small>",27 sept. 2026
5649864,bassin de l'Allier (source) (sout),48,Lozère,SOU,crise,Crise,4,2026-09-26,2026-11-24,DDT-SEB-2026-267-0001,"<b>Eaux souterraines</b><br><span style=""background:maroon;color:#fff;padding:2px 7px;border-radius:4px;font-weight:bold;font-size:0.85em"">Crise</span><br>du 26 sept. 2026 au 24 nov. 2026<br><small>Zone : bassin de l'Allier (source) (sout)</small>",27 sept. 2026
5649865,bassin du Chassezac (sout),48,Lozère,SOU,crise,Crise,4,2026-09-26,2026-11-24,DDT-SEB-2026-267-0001,"<b>Eaux souterraines</b><br><span style=""background:maroon;color:#fff;padding:2px 7px;border-radius:4px;font-weight:bold;font-size:0.85em"">Crise</span><br>du 26 sept. 2026 au 24 nov. 2026<br><small>Zone : bassin du Chassezac (sout)</small>",27 sept. 2026
5649867,bassin du Lot (sout),48,Lozère,SOU,crise,Crise,4,2026-09-26,2026-11-24,DDT-SEB-2026-267-0001,"<b>Eaux souterraines</b><br><span style=""background:maroon;color:#fff;padding:2px 7px;border-radius:4px;font-weight:bold;font-size:0.85em"">Crise</span><br>du 26 sept. 2026 au 24 nov. 2026<br><small>Zone : bassin du Lot (sout)</small>",27 sept. 2026
5649878,bassin du Tarnon (sout),48,Lozère,SOU,crise,Crise,4,2026-09-26,2026-11-24,DDT-SEB-2026-267-0001,"<b>Eaux souterraines</b><br><span style=""background:maroon;color:#fff;padding:2px 7px;border-radius:4px;font-weight:bold;font-size:0.85em"">Crise</span><br>du 26 sept. 2026 au 24 nov. 2026<br><small>Zone : bassin du Tarnon (sout)</small>",27 sept. 2026
5649880,bassin du Tarn (sout),48,Lozère,SOU,crise,Crise,4,2026-09-26,2026-11-24,DDT-SEB-2026-267-0001,"<b>Eaux souterraines</b><br><span style=""background:maroon;color:#fff;padding:2px 7px;border-radius:4px;font-weight:bold;font-size:0.85em"">Crise</span><br>du 26 sept. 2026 au 24 nov. 2026<br><small>Zone : bassin du Tarn (sout)</small>",27 sept. 2026
5649881,cours d'eau Allier axe (sout),48,Lozère,SOU,crise,Crise,4,2026-09-26,2026-11-24,DDT-SEB-2026-267-0001,"<b>Eaux souterraines</b><br><span style=""background:maroon;color:#fff;padding:2px 7px;border-radius:4px;font-weight:bold;font-size:0.85em"">Crise</span><br>du 26 sept. 2026 au 24 nov. 2026<br><small>Zone : cours d'eau Allier axe (sout)</small>",27 sept. 2026
5649883,bassin du Bramont (sout),48,Lozère,SOU,crise,Crise,4,2026-09-26,2026-11-24,DDT-SEB-2026-267-0001,"<b>Eaux souterraines</b><br><span style=""background:maroon;color:#fff;padding:2px 7px;border-radius:4px;font-weight:bold;font-size:0.85em"">Crise</span><br>du 26 sept. 2026 au 24 nov. 2026<br><small>Zone : bassin du Bramont (sout)</small>",27 sept. 2026
5649889,bassin de l'Hérault (sout),48,Lozère,SOU,crise,Crise,4,2026-09-26,2026-11-24,DDT-SEB-2026-267-0001,"<b>Eaux souterraines</b><br><span style=""background:maroon;color:#fff;padding:2px 7px;border-radius:4px;font-weight:bold;font-size:0.85em"">Crise</span><br>du 26 sept. 2026 au 24 nov. 2026<br><small>Zone : bassin de l'Hérault (sout)</small>",27 sept. 2026
5649946,III - Vire - ESO,50,Manche,SOU,crise,Crise,4,2026-09-25,2026-10-31,2026-DDTM-SE-189,"<b>Eaux souterraines</b><br><span style=""background:maroon;color:#fff;padding:2px 7px;border-radius:4px;font-weight:bold;font-size:0.85em"">Crise</span><br>du 25 sept. 2026 au 31 oct. 2026<br><small>Zone : III - Vire - ESO</small>",27 sept. 2026
5649951,IV - Sienne - Soulles - ESO,50,Manche,SOU,crise,Crise,4,2026-09-25,2026-10-31,2026-DDTM-SE-189,"<b>Eaux souterraines</b><br><span style=""background:maroon;color:#fff;padding:2px 7px;border-radius:4px;font-weight:bold;font-size:0.85em"">Crise</span><br>du 25 sept. 2026 au 31 oct. 2026<br><small>Zone : IV - Sienne - Soulles - ESO</small>",27 sept. 2026
5648574,Bassin de l'Indre (In1),37,Indre-et-Loire,SOU,crise,Crise,4,2026-09-27,2026-10-31,Arrêté du 25 SEPTEMBRE 2026,"<b>Eaux souterraines</b><br><span style=""background:maroon;color:#fff;padding:2px 7px;border-radius:4px;font-weight:bold;font-size:0.85em"">Crise</span><br>du 27 sept. 2026 au 31 oct. 2026<br><small>Zone : Bassin de l'Indre (In1)</small>",27 sept. 2026
5647793,zone non couverte par l'arrêté cadre,25,Doubs,SOU,crise,Crise,4,2026-07-17,2026-10-17,25-2026-07-17-00002,"<b>Eaux souterraines</b><br><span style=""background:maroon;color:#fff;padding:2px 7px;border-radius:4px;font-weight:bold;font-size:0.85em"">Crise</span><br>du 17 juil. 2026 au 17 oct. 2026<br><small>Zone : zone non couverte par l'arrêté cadre</small>",27 sept. 2026
5652456,E - Socle Dore amont,63,Puy-de-Dôme,SOU,crise,Crise,4,2026-08-20,2026-10-31,63-20261349,"<b>Eaux souterraines</b><br><span style=""background:maroon;color:#fff;padding:2px 7px;border-radius:4px;font-weight:bold;font-size:0.85em"">Crise</span><br>du 20 août 2026 au 31 oct. 2026<br><small>Zone : E - Socle Dore amont</small>",27 sept. 2026
5652460,C - Socle Cher amont,63,Puy-de-Dôme,SOU,crise,Crise,4,2026-08-20,2026-10-31,63-20261349,"<b>Eaux souterraines</b><br><span style=""background:maroon;color:#fff;padding:2px 7px;border-radius:4px;font-weight:bold;font-size:0.85em"">Crise</span><br>du 20 août 2026 au 31 oct. 2026<br><small>Zone : C - Socle Cher amont</small>",27 sept. 2026
5652461,D - Socle Dore aval,63,Puy-de-Dôme,SOU,crise,Crise,4,2026-08-20,2026-10-31,63-20261349,"<b>Eaux souterraines</b><br><span style=""background:maroon;color:#fff;padding:2px 7px;border-radius:4px;font-weight:bold;font-size:0.85em"">Crise</span><br>du 20 août 2026 au 31 oct. 2026<br><small>Zone : D - Socle Dore aval</small>",27 sept. 2026
5648505,Bassin de l'Indrois,37,Indre-et-Loire,SOU,crise,Crise,4,2026-09-27,2026-10-31,Arrêté du 25 SEPTEMBRE 2026,"<b>Eaux souterraines</b><br><span style=""background:maroon;color:#fff;padding:2px 7px;border-radius:4px;font-weight:bold;font-size:0.85em"">Crise</span><br>du 27 sept. 2026 au 31 oct. 2026<br><small>Zone : Bassin de l'Indrois</small>",27 sept. 2026
5648519,Bassin du Cher (Ch1),37,Indre-et-Loire,SOU,crise,Crise,4,2026-09-27,2026-10-31,Arrêté du 25 SEPTEMBRE 2026,"<b>Eaux souterraines</b><br><span style=""background:maroon;color:#fff;padding:2px 7px;border-radius:4px;font-weight:bold;font-size:0.85em"">Crise</span><br>du 27 sept. 2026 au 31 oct. 2026<br><small>Zone : Bassin du Cher (Ch1)</small>",27 sept. 2026
5652387,Zone d'alerte ITON,61,Orne,SOU,crise,Crise,4,2026-09-17,2026-10-31,2350-26-00093,"<b>Eaux souterraines</b><br><span style=""background:maroon;color:#fff;padding:2px 7px;border-radius:4px;font-weight:bold;font-size:0.85em"">Crise</span><br>du 17 sept. 2026 au 31 oct. 2026<br><small>Zone : Zone d'alerte ITON</small>",27 sept. 2026
5647846,ITON AMONT,27,Eure,SOU,crise,Crise,4,2026-09-14,2026-11-30,DDTM/SEBF/2026-283,"<b>Eaux souterraines</b><br><span style=""background:maroon;color:#fff;padding:2px 7px;border-radius:4px;font-weight:bold;font-size:0.85em"">Crise</span><br>du 14 sept. 2026 au 30 nov. 2026<br><small>Zone : ITON AMONT</small>",27 sept. 2026
5647858,AVRE AMONT,27,Eure,SOU,crise,Crise,4,2026-09-14,2026-11-30,DDTM/SEBF/2026-283,"<b>Eaux souterraines</b><br><span style=""background:maroon;color:#fff;padding:2px 7px;border-radius:4px;font-weight:bold;font-size:0.85em"">Crise</span><br>du 14 sept. 2026 au 30 nov. 2026<br><small>Zone : AVRE AMONT</small>",27 sept. 2026
5652391,Zone d'alerte interdépartementale AVRE,61,Orne,SOU,crise,Crise,4,2026-09-17,2026-10-31,2350-26-00093,"<b>Eaux souterraines</b><br><span style=""background:maroon;color:#fff;padding:2px 7px;border-radius:4px;font-weight:bold;font-size:0.85em"">Crise</span><br>du 17 sept. 2026 au 31 oct. 2026<br><small>Zone : Zone d'alerte interdépartementale AVRE</small>",27 sept. 2026
5652397,Zone d'alerte ORNE MOYENNE,61,Orne,SOU,crise,Crise,4,2026-09-17,2026-10-31,2350-26-00093,"<b>Eaux souterraines</b><br><span style=""background:maroon;color:#fff;padding:2px 7px;border-radius:4px;font-weight:bold;font-size:0.85em"">Crise</span><br>du 17 sept. 2026 au 31 oct. 2026<br><small>Zone : Zone d'alerte ORNE MOYENNE</small>",27 sept. 2026
5652399,Zone d'alerte ÉGRENNE - VARENNE,61,Orne,SOU,crise,Crise,4,2026-09-17,2026-10-31,2350-26-00093,"<b>Eaux souterraines</b><br><span style=""background:maroon;color:#fff;padding:2px 7px;border-radius:4px;font-weight:bold;font-size:0.85em"">Crise</span><br>du 17 sept. 2026 au 31 oct. 2026<br><small>Zone : Zone d'alerte ÉGRENNE - VARENNE</small>",27 sept. 2026
5652403,Zone d'alerte MAYENNE AMONT,61,Orne,SOU,crise,Crise,4,2026-09-17,2026-10-31,2350-26-00093,"<b>Eaux souterraines</b><br><span style=""background:maroon;color:#fff;padding:2px 7px;border-radius:4px;font-weight:bold;font-size:0.85em"">Crise</span><br>du 17 sept. 2026 au 31 oct. 2026<br><small>Zone : Zone d'alerte MAYENNE AMONT</small>",27 sept. 2026
5652408,Zone d'alerte SARTHE,61,Orne,SOU,crise,Crise,4,2026-09-17,2026-10-31,2350-26-00093,"<b>Eaux souterraines</b><br><span style=""background:maroon;color:#fff;padding:2px 7px;border-radius:4px;font-weight:bold;font-size:0.85em"">Crise</span><br>du 17 sept. 2026 au 31 oct. 2026<br><small>Zone : Zone d'alerte SARTHE</small>",27 sept. 2026
5648534,Bassin de la Veude,37,Indre-et-Loire,SOU,crise,Crise,4,2026-09-27,2026-10-31,Arrêté du 25 SEPTEMBRE 2026,"<b>Eaux souterraines</b><br><span style=""background:maroon;color:#fff;padding:2px 7px;border-radius:4px;font-weight:bold;font-size:0.85em"">Crise</span><br>du 27 sept. 2026 au 31 oct. 2026<br><small>Zone : Bassin de la Veude</small>",27 sept. 2026
5652468,A - Nappe Allier,63,Puy-de-Dôme,SOU,crise,Crise,4,2026-08-20,2026-10-31,63-20261349,"<b>Eaux souterraines</b><br><span style=""background:maroon;color:#fff;padding:2px 7px;border-radius:4px;font-weight:bold;font-size:0.85em"">Crise</span><br>du 20 août 2026 au 31 oct. 2026<br><small>Zone : A - Nappe Allier</small>",27 sept. 2026
5652476,B - Socle Combrailles,63,Puy-de-Dôme,SOU,crise,Crise,4,2026-08-20,2026-10-31,63-20261349,"<b>Eaux souterraines</b><br><span style=""background:maroon;color:#fff;padding:2px 7px;border-radius:4px;font-weight:bold;font-size:0.85em"">Crise</span><br>du 20 août 2026 au 31 oct. 2026<br><small>Zone : B - Socle Combrailles</small>",27 sept. 2026
5652497,Bassin du Saison,64,Pyrénées-Atlantiques,SOU,crise,Crise,4,2026-07-28,2026-10-31,AP-64-2026-07-22-00005_Crise_Saison,"<b>Eaux souterraines</b><br><span style=""background:maroon;color:#fff;padding:2px 7px;border-radius:4px;font-weight:bold;font-size:0.85em"">Crise</span><br>du 28 juil. 2026 au 31 oct. 2026<br><small>Zone : Bassin du Saison</small>",27 sept. 2026
5652500,Bassin de la Nivelle et Côtiers basques,64,Pyrénées-Atlantiques,SOU,crise,Crise,4,2026-07-17,2026-10-31,AP-64-2026-07-16-00019_Crise_Nivelle,"<b>Eaux souterraines</b><br><span style=""background:maroon;color:#fff;padding:2px 7px;border-radius:4px;font-weight:bold;font-size:0.85em"">Crise</span><br>du 17 juil. 2026 au 31 oct. 2026<br><small>Zone : Bassin de la Nivelle et Côtiers basques</small>",27 sept. 2026
5652502,Bassin de la Nive,64,Pyrénées-Atlantiques,SOU,crise,Crise,4,2026-09-04,2026-10-31,AP-64-2026-09-04-00004_Crise_Nive,"<b>Eaux souterraines</b><br><span style=""background:maroon;color:#fff;padding:2px 7px;border-radius:4px;font-weight:bold;font-size:0.85em"">Crise</span><br>du 4 sept. 2026 au 31 oct. 2026<br><small>Zone : Bassin de la Nive</small>",27 sept. 2026
5652465,F - Socle Forez,63,Puy-de-Dôme,SOU,crise,Crise,4,2026-08-20,2026-10-31,63-20261349,"<b>Eaux souterraines</b><br><span style=""background:maroon;color:#fff;padding:2px 7px;border-radius:4px;font-weight:bold;font-size:0.85em"">Crise</span><br>du 20 août 2026 au 31 oct. 2026<br><small>Zone : F - Socle Forez</small>",27 sept. 2026
5652512,Bassin des Lées,64,Pyrénées-Atlantiques,SOU,crise,Crise,4,2026-09-26,2026-10-31,AP-64-2026-09-25-00002-ZRE,"<b>Eaux souterraines</b><br><span style=""background:maroon;color:#fff;padding:2px 7px;border-radius:4px;font-weight:bold;font-size:0.85em"">Crise</span><br>du 26 sept. 2026 au 31 oct. 2026<br><small>Zone : Bassin des Lées</small>",27 sept. 2026
5652514,Bassin du Louet,64,Pyrénées-Atlantiques,SOU,crise,Crise,4,2026-09-26,2026-10-31,AP-64-2026-09-25-00002-ZRE,"<b>Eaux souterraines</b><br><span style=""background:maroon;color:#fff;padding:2px 7px;border-radius:4px;font-weight:bold;font-size:0.85em"">Crise</span><br>du 26 sept. 2026 au 31 oct. 2026<br><small>Zone : Bassin du Louet</small>",27 sept. 2026
5647890,LOIR Amont,28,Eure-et-Loir,SOU,crise,Crise,4,2026-09-21,,AP_SGREB_2026_255_restrictions_usages_eau,"<b>Eaux souterraines</b><br><span style=""background:maroon;color:#fff;padding:2px 7px;border-radius:4px;font-weight:bold;font-size:0.85em"">Crise</span><br>depuis le 21 sept. 2026<br><small>Zone : LOIR Amont</small>",27 sept. 2026
5647939,HAUT LEON - TREGOR,29,Finistère,SOU,crise,Crise,4,2026-08-07,2026-11-15,29-2026-07-02-00005,"<b>Eaux souterraines</b><br><span style=""background:maroon;color:#fff;padding:2px 7px;border-radius:4px;font-weight:bold;font-size:0.85em"">Crise</span><br>du 7 août 2026 au 15 nov. 2026<br><small>Zone : HAUT LEON - TREGOR</small>",27 sept. 2026
5648592,Bassin de l'Indrois Amont,37,Indre-et-Loire,SOU,crise,Crise,4,2026-09-27,2026-10-31,Arrêté du 25 SEPTEMBRE 2026,"<b>Eaux souterraines</b><br><span style=""background:maroon;color:#fff;padding:2px 7px;border-radius:4px;font-weight:bold;font-size:0.85em"">Crise</span><br>du 27 sept. 2026 au 31 oct. 2026<br><small>Zone : Bassin de l'Indrois Amont</small>",27 sept. 2026
5647903,VESGRE,28,Eure-et-Loir,SOU,crise,Crise,4,2026-09-21,,AP_SGREB_2026_255_restrictions_usages_eau,"<b>Eaux souterraines</b><br><span style=""background:maroon;color:#fff;padding:2px 7px;border-radius:4px;font-weight:bold;font-size:0.85em"">Crise</span><br>depuis le 21 sept. 2026<br><small>Zone : VESGRE</small>",27 sept. 2026
5647905,OZANNE,28,Eure-et-Loir,SOU,crise,Crise,4,2026-09-21,,AP_SGREB_2026_255_restrictions_usages_eau,"<b>Eaux souterraines</b><br><span style=""background:maroon;color:#fff;padding:2px 7px;border-radius:4px;font-weight:bold;font-size:0.85em"">Crise</span><br>depuis le 21 sept. 2026<br><small>Zone : OZANNE</small>",27 sept. 2026
5652548,Bassin de la Mielle,64,Pyrénées-Atlantiques,SOU,crise,Crise,4,2026-06-26,2026-10-31,64-2026-06-25-00003_Crise_Mielle,"<b>Eaux souterraines</b><br><span style=""background:maroon;color:#fff;padding:2px 7px;border-radius:4px;font-weight:bold;font-size:0.85em"">Crise</span><br>du 26 juin 2026 au 31 oct. 2026<br><small>Zone : Bassin de la Mielle</small>",27 sept. 2026
5647941,AULNE,29,Finistère,SOU,crise,Crise,4,2026-08-07,2026-11-15,29-2026-07-02-00005,"<b>Eaux souterraines</b><br><span style=""background:maroon;color:#fff;padding:2px 7px;border-radius:4px;font-weight:bold;font-size:0.85em"">Crise</span><br>du 7 août 2026 au 15 nov. 2026<br><small>Zone : AULNE</small>",27 sept. 2026
5648601,Bassin du ruisseau de Rochette,37,Indre-et-Loire,SOU,crise,Crise,4,2026-09-27,2026-10-31,Arrêté du 25 SEPTEMBRE 2026,"<b>Eaux souterraines</b><br><span style=""background:maroon;color:#fff;padding:2px 7px;border-radius:4px;font-weight:bold;font-size:0.85em"">Crise</span><br>du 27 sept. 2026 au 31 oct. 2026<br><small>Zone : Bassin du ruisseau de Rochette</small>",27 sept. 2026
5647932,OUESSANT,29,Finistère,SOU,crise,Crise,4,2026-08-07,2026-11-15,29-2026-07-02-00005,"<b>Eaux souterraines</b><br><span style=""background:maroon;color:#fff;padding:2px 7px;border-radius:4px;font-weight:bold;font-size:0.85em"">Crise</span><br>du 7 août 2026 au 15 nov. 2026<br><small>Zone : OUESSANT</small>",27 sept. 2026
5647947,BAS LEON,29,Finistère,SOU,crise,Crise,4,2026-08-07,2026-11-15,29-2026-07-02-00005,"<b>Eaux souterraines</b><br><span style=""background:maroon;color:#fff;padding:2px 7px;border-radius:4px;font-weight:bold;font-size:0.85em"">Crise</span><br>du 7 août 2026 au 15 nov. 2026<br><small>Zone : BAS LEON</small>",27 sept. 2026
5647942,ELORN,29,Finistère,SOU,crise,Crise,4,2026-08-07,2026-11-15,29-2026-07-02-00005,"<b>Eaux souterraines</b><br><span style=""background:maroon;color:#fff;padding:2px 7px;border-radius:4px;font-weight:bold;font-size:0.85em"">Crise</span><br>du 7 août 2026 au 15 nov. 2026<br><small>Zone : ELORN</small>",27 sept. 2026
5648499,Bassin du ruisseau d'Azay,37,Indre-et-Loire,SOU,crise,Crise,4,2026-09-27,2026-10-31,Arrêté du 25 SEPTEMBRE 2026,"<b>Eaux souterraines</b><br><span style=""background:maroon;color:#fff;padding:2px 7px;border-radius:4px;font-weight:bold;font-size:0.85em"">Crise</span><br>du 27 sept. 2026 au 31 oct. 2026<br><small>Zone : Bassin du ruisseau d'Azay</small>",27 sept. 2026
5647940,SUD CORNOUAILLE - ISOLE,29,Finistère,SOU,crise,Crise,4,2026-08-07,2026-11-15,29-2026-07-02-00005,"<b>Eaux souterraines</b><br><span style=""background:maroon;color:#fff;padding:2px 7px;border-radius:4px;font-weight:bold;font-size:0.85em"">Crise</span><br>du 7 août 2026 au 15 nov. 2026<br><small>Zone : SUD CORNOUAILLE - ISOLE</small>",27 sept. 2026
5648509,Bassin du ruisseau du Doigt,37,Indre-et-Loire,SOU,crise,Crise,4,2026-09-27,2026-10-31,Arrêté du 25 SEPTEMBRE 2026,"<b>Eaux souterraines</b><br><span style=""background:maroon;color:#fff;padding:2px 7px;border-radius:4px;font-weight:bold;font-size:0.85em"">Crise</span><br>du 27 sept. 2026 au 31 oct. 2026<br><small>Zone : Bassin du ruisseau du Doigt</small>",27 sept. 2026
5647944,ODET,29,Finistère,SOU,crise,Crise,4,2026-08-07,2026-11-15,29-2026-07-02-00005,"<b>Eaux souterraines</b><br><span style=""background:maroon;color:#fff;padding:2px 7px;border-radius:4px;font-weight:bold;font-size:0.85em"">Crise</span><br>du 7 août 2026 au 15 nov. 2026<br><small>Zone : ODET</small>",27 sept. 2026
5647943,BAIE DE DOUARNENEZ - OUEST CORNOUAILLE,29,Finistère,SOU,crise,Crise,4,2026-08-07,2026-11-15,29-2026-07-02-00005,"<b>Eaux souterraines</b><br><span style=""background:maroon;color:#fff;padding:2px 7px;border-radius:4px;font-weight:bold;font-size:0.85em"">Crise</span><br>du 7 août 2026 au 15 nov. 2026<br><small>Zone : BAIE DE DOUARNENEZ - OUEST CORNOUAILLE</small>",27 sept. 2026
5652646,"nappe de la Bruche, la Mossig, l'Ehn,  l'Andlau, du Giessen et de la Liepvrette-  partie dpt 68",68,Haut-Rhin,SOU,crise,Crise,4,2026-08-19,2026-11-01,2026-16,"<b>Eaux souterraines</b><br><span style=""background:maroon;color:#fff;padding:2px 7px;border-radius:4px;font-weight:bold;font-size:0.85em"">Crise</span><br>du 19 août 2026 au 1 nov. 2026<br><small>Zone : nappe de la Bruche, la Mossig, l'Ehn,  l'Andlau, du Giessen et de la Liepvrette-  partie dpt 68</small>",27 sept. 2026
5652648,"nappe de la Doller amont, de la Fecht, de la Weiss et de la Lauch",68,Haut-Rhin,SOU,crise,Crise,4,2026-07-23,2026-11-01,2026-12,"<b>Eaux souterraines</b><br><span style=""background:maroon;color:#fff;padding:2px 7px;border-radius:4px;font-weight:bold;font-size:0.85em"">Crise</span><br>du 23 juil. 2026 au 1 nov. 2026<br><small>Zone : nappe de la Doller amont, de la Fecht, de la Weiss et de la Lauch</small>",27 sept. 2026
5652533,Bassin du Gabas,64,Pyrénées-Atlantiques,SOU,crise,Crise,4,2026-09-26,2026-10-31,AP-64-2026-09-25-00002-ZRE,"<b>Eaux souterraines</b><br><span style=""background:maroon;color:#fff;padding:2px 7px;border-radius:4px;font-weight:bold;font-size:0.85em"">Crise</span><br>du 26 sept. 2026 au 31 oct. 2026<br><small>Zone : Bassin du Gabas</small>",27 sept. 2026
5648587,Bassin du Negron,37,Indre-et-Loire,SOU,crise,Crise,4,2026-09-27,2026-10-31,Arrêté du 25 SEPTEMBRE 2026,"<b>Eaux souterraines</b><br><span style=""background:maroon;color:#fff;padding:2px 7px;border-radius:4px;font-weight:bold;font-size:0.85em"">Crise</span><br>du 27 sept. 2026 au 31 oct. 2026<br><small>Zone : Bassin du Negron</small>",27 sept. 2026
5648589,Bassin de la Bresme,37,Indre-et-Loire,SOU,crise,Crise,4,2026-09-27,2026-10-31,Arrêté du 25 SEPTEMBRE 2026,"<b>Eaux souterraines</b><br><span style=""background:maroon;color:#fff;padding:2px 7px;border-radius:4px;font-weight:bold;font-size:0.85em"">Crise</span><br>du 27 sept. 2026 au 31 oct. 2026<br><small>Zone : Bassin de la Bresme</small>",27 sept. 2026
5653573,Beauce_Fusain,77,Seine-et-Marne,SOU,crise,Crise,4,2026-08-27,,2026/DDT/SEPR/303,"<b>Eaux souterraines</b><br><span style=""background:maroon;color:#fff;padding:2px 7px;border-radius:4px;font-weight:bold;font-size:0.85em"">Crise</span><br>depuis le 27 août 2026<br><small>Zone : Beauce_Fusain</small>",27 sept. 2026
5647928,ILE-MOLENE,29,Finistère,SOU,crise,Crise,4,2026-08-07,2026-11-15,29-2026-07-02-00005,"<b>Eaux souterraines</b><br><span style=""background:maroon;color:#fff;padding:2px 7px;border-radius:4px;font-weight:bold;font-size:0.85em"">Crise</span><br>du 7 août 2026 au 15 nov. 2026<br><small>Zone : ILE-MOLENE</small>",27 sept. 2026
5647930,ILE-DE-SEIN,29,Finistère,SOU,crise,Crise,4,2026-08-07,2026-11-15,29-2026-07-02-00005,"<b>Eaux souterraines</b><br><span style=""background:maroon;color:#fff;padding:2px 7px;border-radius:4px;font-weight:bold;font-size:0.85em"">Crise</span><br>du 7 août 2026 au 15 nov. 2026<br><small>Zone : ILE-DE-SEIN</small>",27 sept. 2026
5647931,ILE-DE-BATZ,29,Finistère,SOU,crise,Crise,4,2026-08-07,2026-11-15,29-2026-07-02-00005,"<b>Eaux souterraines</b><br><span style=""background:maroon;color:#fff;padding:2px 7px;border-radius:4px;font-weight:bold;font-size:0.85em"">Crise</span><br>du 7 août 2026 au 15 nov. 2026<br><small>Zone : ILE-DE-BATZ</small>",27 sept. 2026
5652518,Bassin du Luy de Béarn médian,64,Pyrénées-Atlantiques,SOU,crise,Crise,4,2026-09-26,2026-10-31,AP-64-2026-09-25-00002-ZRE,"<b>Eaux souterraines</b><br><span style=""background:maroon;color:#fff;padding:2px 7px;border-radius:4px;font-weight:bold;font-size:0.85em"">Crise</span><br>du 26 sept. 2026 au 31 oct. 2026<br><small>Zone : Bassin du Luy de Béarn médian</small>",27 sept. 2026
5652520,Bassin de Louts,64,Pyrénées-Atlantiques,SOU,crise,Crise,4,2026-09-26,2026-10-31,AP-64-2026-09-25-00002-ZRE,"<b>Eaux souterraines</b><br><span style=""background:maroon;color:#fff;padding:2px 7px;border-radius:4px;font-weight:bold;font-size:0.85em"">Crise</span><br>du 26 sept. 2026 au 31 oct. 2026<br><small>Zone : Bassin de Louts</small>",27 sept. 2026
5652521,Bassin du Luy de Béarn aval,64,Pyrénées-Atlantiques,SOU,crise,Crise,4,2026-09-26,2026-10-31,AP-64-2026-09-25-00002-ZRE,"<b>Eaux souterraines</b><br><span style=""background:maroon;color:#fff;padding:2px 7px;border-radius:4px;font-weight:bold;font-size:0.85em"">Crise</span><br>du 26 sept. 2026 au 31 oct. 2026<br><small>Zone : Bassin du Luy de Béarn aval</small>",27 sept. 2026
5652527,Bassin du Luy de France,64,Pyrénées-Atlantiques,SOU,crise,Crise,4,2026-09-26,2026-10-31,AP-64-2026-09-25-00002-ZRE,"<b>Eaux souterraines</b><br><span style=""background:maroon;color:#fff;padding:2px 7px;border-radius:4px;font-weight:bold;font-size:0.85em"">Crise</span><br>du 26 sept. 2026 au 31 oct. 2026<br><small>Zone : Bassin du Luy de France</small>",27 sept. 2026
5652528,Bassin du Larcis,64,Pyrénées-Atlantiques,SOU,crise,Crise,4,2026-09-26,2026-10-31,AP-64-2026-09-25-00002-ZRE,"<b>Eaux souterraines</b><br><span style=""background:maroon;color:#fff;padding:2px 7px;border-radius:4px;font-weight:bold;font-size:0.85em"">Crise</span><br>du 26 sept. 2026 au 31 oct. 2026<br><small>Zone : Bassin du Larcis</small>",27 sept. 2026
5652535,Bassin du Luy de Béarn amont,64,Pyrénées-Atlantiques,SOU,crise,Crise,4,2026-09-26,2026-10-31,AP-64-2026-09-25-00002-ZRE,"<b>Eaux souterraines</b><br><span style=""background:maroon;color:#fff;padding:2px 7px;border-radius:4px;font-weight:bold;font-size:0.85em"">Crise</span><br>du 26 sept. 2026 au 31 oct. 2026<br><small>Zone : Bassin du Luy de Béarn amont</small>",27 sept. 2026
5648490,Bassin de la Muanne,37,Indre-et-Loire,SOU,crise,Crise,4,2026-09-27,2026-10-31,Arrêté du 25 SEPTEMBRE 2026,"<b>Eaux souterraines</b><br><span style=""background:maroon;color:#fff;padding:2px 7px;border-radius:4px;font-weight:bold;font-size:0.85em"">Crise</span><br>du 27 sept. 2026 au 31 oct. 2026<br><small>Zone : Bassin de la Muanne</small>",27 sept. 2026
5648497,Bassin de la Loire (Lre1),37,Indre-et-Loire,SOU,crise,Crise,4,2026-09-27,2026-10-31,Arrêté du 25 SEPTEMBRE 2026,"<b>Eaux souterraines</b><br><span style=""background:maroon;color:#fff;padding:2px 7px;border-radius:4px;font-weight:bold;font-size:0.85em"">Crise</span><br>du 27 sept. 2026 au 31 oct. 2026<br><small>Zone : Bassin de la Loire (Lre1)</small>",27 sept. 2026
5648498,Bassin du ruisseau de Montison,37,Indre-et-Loire,SOU,crise,Crise,4,2026-09-27,2026-10-31,Arrêté du 25 SEPTEMBRE 2026,"<b>Eaux souterraines</b><br><span style=""background:maroon;color:#fff;padding:2px 7px;border-radius:4px;font-weight:bold;font-size:0.85em"">Crise</span><br>du 27 sept. 2026 au 31 oct. 2026<br><small>Zone : Bassin du ruisseau de Montison</small>",27 sept. 2026
5648504,Bassin de la Bourouse,37,Indre-et-Loire,SOU,crise,Crise,4,2026-09-27,2026-10-31,Arrêté du 25 SEPTEMBRE 2026,"<b>Eaux souterraines</b><br><span style=""background:maroon;color:#fff;padding:2px 7px;border-radius:4px;font-weight:bold;font-size:0.85em"">Crise</span><br>du 27 sept. 2026 au 31 oct. 2026<br><small>Zone : Bassin de la Bourouse</small>",27 sept. 2026
5648513,Bassin du ruisseau de Verneuil,37,Indre-et-Loire,SOU,crise,Crise,4,2026-09-27,2026-10-31,Arrêté du 25 SEPTEMBRE 2026,"<b>Eaux souterraines</b><br><span style=""background:maroon;color:#fff;padding:2px 7px;border-radius:4px;font-weight:bold;font-size:0.85em"">Crise</span><br>du 27 sept. 2026 au 31 oct. 2026<br><small>Zone : Bassin du ruisseau de Verneuil</small>",27 sept. 2026
5648516,Bassin de la Fontaine Menard,37,Indre-et-Loire,SOU,crise,Crise,4,2026-09-27,2026-10-31,Arrêté du 25 SEPTEMBRE 2026,"<b>Eaux souterraines</b><br><span style=""background:maroon;color:#fff;padding:2px 7px;border-radius:4px;font-weight:bold;font-size:0.85em"">Crise</span><br>du 27 sept. 2026 au 31 oct. 2026<br><small>Zone : Bassin de la Fontaine Menard</small>",27 sept. 2026
5648521,Bassin du ruisseau d'Aubigny,37,Indre-et-Loire,SOU,crise,Crise,4,2026-09-27,2026-10-31,Arrêté du 25 SEPTEMBRE 2026,"<b>Eaux souterraines</b><br><span style=""background:maroon;color:#fff;padding:2px 7px;border-radius:4px;font-weight:bold;font-size:0.85em"">Crise</span><br>du 27 sept. 2026 au 31 oct. 2026<br><small>Zone : Bassin du ruisseau d'Aubigny</small>",27 sept. 2026
5648523,Bassin du ruisseau de Chantereine,37,Indre-et-Loire,SOU,crise,Crise,4,2026-09-27,2026-10-31,Arrêté du 25 SEPTEMBRE 2026,"<b>Eaux souterraines</b><br><span style=""background:maroon;color:#fff;padding:2px 7px;border-radius:4px;font-weight:bold;font-size:0.85em"">Crise</span><br>du 27 sept. 2026 au 31 oct. 2026<br><small>Zone : Bassin du ruisseau de Chantereine</small>",27 sept. 2026
5648524,Bassin du ruisseau de l'Olivet,37,Indre-et-Loire,SOU,crise,Crise,4,2026-09-27,2026-10-31,Arrêté du 25 SEPTEMBRE 2026,"<b>Eaux souterraines</b><br><span style=""background:maroon;color:#fff;padding:2px 7px;border-radius:4px;font-weight:bold;font-size:0.85em"">Crise</span><br>du 27 sept. 2026 au 31 oct. 2026<br><small>Zone : Bassin du ruisseau de l'Olivet</small>",27 sept. 2026
5648525,Bassin du ruisseau de la Coulee,37,Indre-et-Loire,SOU,crise,Crise,4,2026-09-27,2026-10-31,Arrêté du 25 SEPTEMBRE 2026,"<b>Eaux souterraines</b><br><span style=""background:maroon;color:#fff;padding:2px 7px;border-radius:4px;font-weight:bold;font-size:0.85em"">Crise</span><br>du 27 sept. 2026 au 31 oct. 2026<br><small>Zone : Bassin du ruisseau de la Coulee</small>",27 sept. 2026
5652542,Bassin du Gave d'Oloron,64,Pyrénées-Atlantiques,SOU,crise,Crise,4,2026-09-25,2026-10-31,AP-64-2026-09-25-00004_Crise_Gave_Oloron,"<b>Eaux souterraines</b><br><span style=""background:maroon;color:#fff;padding:2px 7px;border-radius:4px;font-weight:bold;font-size:0.85em"">Crise</span><br>du 25 sept. 2026 au 31 oct. 2026<br><small>Zone : Bassin du Gave d'Oloron</small>",27 sept. 2026
5652545,Bassin de l'Ousse,64,Pyrénées-Atlantiques,SOU,crise,Crise,4,2026-06-26,2026-10-31,64-2026-06-25-00008_Crise_Ousse,"<b>Eaux souterraines</b><br><span style=""background:maroon;color:#fff;padding:2px 7px;border-radius:4px;font-weight:bold;font-size:0.85em"">Crise</span><br>du 26 juin 2026 au 31 oct. 2026<br><small>Zone : Bassin de l'Ousse</small>",27 sept. 2026
5645965,Bassin de la Besbre,03,Allier,SOU,crise,Crise,4,2026-08-29,2026-10-15,2043/2026,"<b>Eaux souterraines</b><br><span style=""background:maroon;color:#fff;padding:2px 7px;border-radius:4px;font-weight:bold;font-size:0.85em"">Crise</span><br>du 29 août 2026 au 15 oct. 2026<br><small>Zone : Bassin de la Besbre</small>",27 sept. 2026
5652552,Bassin du Soust,64,Pyrénées-Atlantiques,SOU,crise,Crise,4,2026-06-19,2026-10-31,64-2026-06-18-00015_Crise_Soust,"<b>Eaux souterraines</b><br><span style=""background:maroon;color:#fff;padding:2px 7px;border-radius:4px;font-weight:bold;font-size:0.85em"">Crise</span><br>du 19 juin 2026 au 31 oct. 2026<br><small>Zone : Bassin du Soust</small>",27 sept. 2026
5652554,Bassin de l'Ousse des Bois,64,Pyrénées-Atlantiques,SOU,crise,Crise,4,2026-06-05,2026-10-31,AP-64-2026-06-04-00001_Crise_Ousse_des_Bois,"<b>Eaux souterraines</b><br><span style=""background:maroon;color:#fff;padding:2px 7px;border-radius:4px;font-weight:bold;font-size:0.85em"">Crise</span><br>du 5 juin 2026 au 31 oct. 2026<br><small>Zone : Bassin de l'Ousse des Bois</small>",27 sept. 2026
5652555,Bassin de la Joyeuse,64,Pyrénées-Atlantiques,SOU,crise,Crise,4,2026-07-10,2026-10-31,AP-64-2026-07-08-00014_Crise_Joyeuse,"<b>Eaux souterraines</b><br><span style=""background:maroon;color:#fff;padding:2px 7px;border-radius:4px;font-weight:bold;font-size:0.85em"">Crise</span><br>du 10 juil. 2026 au 31 oct. 2026<br><small>Zone : Bassin de la Joyeuse</small>",27 sept. 2026
5648529,Bassin du ruisseau de Cleret,37,Indre-et-Loire,SOU,crise,Crise,4,2026-09-27,2026-10-31,Arrêté du 25 SEPTEMBRE 2026,"<b>Eaux souterraines</b><br><span style=""background:maroon;color:#fff;padding:2px 7px;border-radius:4px;font-weight:bold;font-size:0.85em"">Crise</span><br>du 27 sept. 2026 au 31 oct. 2026<br><small>Zone : Bassin du ruisseau de Cleret</small>",27 sept. 2026
5645956,Bassin du Sichon,03,Allier,SOU,crise,Crise,4,2026-08-29,2026-10-15,2043/2026,"<b>Eaux souterraines</b><br><span style=""background:maroon;color:#fff;padding:2px 7px;border-radius:4px;font-weight:bold;font-size:0.85em"">Crise</span><br>du 29 août 2026 au 15 oct. 2026<br><small>Zone : Bassin du Sichon</small>",27 sept. 2026
5648541,Bassin de l'Echandon,37,Indre-et-Loire,SOU,crise,Crise,4,2026-09-27,2026-10-31,Arrêté du 25 SEPTEMBRE 2026,"<b>Eaux souterraines</b><br><span style=""background:maroon;color:#fff;padding:2px 7px;border-radius:4px;font-weight:bold;font-size:0.85em"">Crise</span><br>du 27 sept. 2026 au 31 oct. 2026<br><small>Zone : Bassin de l'Echandon</small>",27 sept. 2026
5648542,Bassin du ruisseau de Chezelles,37,Indre-et-Loire,SOU,crise,Crise,4,2026-09-27,2026-10-31,Arrêté du 25 SEPTEMBRE 2026,"<b>Eaux souterraines</b><br><span style=""background:maroon;color:#fff;padding:2px 7px;border-radius:4px;font-weight:bold;font-size:0.85em"">Crise</span><br>du 27 sept. 2026 au 31 oct. 2026<br><small>Zone : Bassin du ruisseau de Chezelles</small>",27 sept. 2026
5648544,Bassin de la Loire (Lre2),37,Indre-et-Loire,SOU,crise,Crise,4,2026-09-27,2026-10-31,Arrêté du 25 SEPTEMBRE 2026,"<b>Eaux souterraines</b><br><span style=""background:maroon;color:#fff;padding:2px 7px;border-radius:4px;font-weight:bold;font-size:0.85em"">Crise</span><br>du 27 sept. 2026 au 31 oct. 2026<br><small>Zone : Bassin de la Loire (Lre2)</small>",27 sept. 2026
5645961,Bassin de l'Andelot,03,Allier,SOU,crise,Crise,4,2026-08-29,2026-10-15,2043/2026,"<b>Eaux souterraines</b><br><span style=""background:maroon;color:#fff;padding:2px 7px;border-radius:4px;font-weight:bold;font-size:0.85em"">Crise</span><br>du 29 août 2026 au 15 oct. 2026<br><small>Zone : Bassin de l'Andelot</small>",27 sept. 2026
5648545,Bassin du ruisseau de Rigny,37,Indre-et-Loire,SOU,crise,Crise,4,2026-09-27,2026-10-31,Arrêté du 25 SEPTEMBRE 2026,"<b>Eaux souterraines</b><br><span style=""background:maroon;color:#fff;padding:2px 7px;border-radius:4px;font-weight:bold;font-size:0.85em"">Crise</span><br>du 27 sept. 2026 au 31 oct. 2026<br><small>Zone : Bassin du ruisseau de Rigny</small>",27 sept. 2026
5648546,Bassin du ruisseau de Roche,37,Indre-et-Loire,SOU,crise,Crise,4,2026-09-27,2026-10-31,Arrêté du 25 SEPTEMBRE 2026,"<b>Eaux souterraines</b><br><span style=""background:maroon;color:#fff;padding:2px 7px;border-radius:4px;font-weight:bold;font-size:0.85em"">Crise</span><br>du 27 sept. 2026 au 31 oct. 2026<br><small>Zone : Bassin du ruisseau de Roche</small>",27 sept. 2026
5648549,Bassin du ruisseau de Vitray,37,Indre-et-Loire,SOU,crise,Crise,4,2026-09-27,2026-10-31,Arrêté du 25 SEPTEMBRE 2026,"<b>Eaux souterraines</b><br><span style=""background:maroon;color:#fff;padding:2px 7px;border-radius:4px;font-weight:bold;font-size:0.85em"">Crise</span><br>du 27 sept. 2026 au 31 oct. 2026<br><small>Zone : Bassin du ruisseau de Vitray</small>",27 sept. 2026
5648551,Bassin de la Roumer,37,Indre-et-Loire,SOU,crise,Crise,4,2026-09-27,2026-10-31,Arrêté du 25 SEPTEMBRE 2026,"<b>Eaux souterraines</b><br><span style=""background:maroon;color:#fff;padding:2px 7px;border-radius:4px;font-weight:bold;font-size:0.85em"">Crise</span><br>du 27 sept. 2026 au 31 oct. 2026<br><small>Zone : Bassin de la Roumer</small>",27 sept. 2026
5652558,Bassin de l'Escou,64,Pyrénées-Atlantiques,SOU,crise,Crise,4,2026-07-10,2026-10-31,AP-64-2026-07-08-00008_Crise_Escou,"<b>Eaux souterraines</b><br><span style=""background:maroon;color:#fff;padding:2px 7px;border-radius:4px;font-weight:bold;font-size:0.85em"">Crise</span><br>du 10 juil. 2026 au 31 oct. 2026<br><small>Zone : Bassin de l'Escou</small>",27 sept. 2026
5648554,Bassin du Vieux Cher,37,Indre-et-Loire,SOU,crise,Crise,4,2026-09-27,2026-10-31,Arrêté du 25 SEPTEMBRE 2026,"<b>Eaux souterraines</b><br><span style=""background:maroon;color:#fff;padding:2px 7px;border-radius:4px;font-weight:bold;font-size:0.85em"">Crise</span><br>du 27 sept. 2026 au 31 oct. 2026<br><small>Zone : Bassin du Vieux Cher</small>",27 sept. 2026
5648558,Bassin du ruisseau des Vallees,37,Indre-et-Loire,SOU,crise,Crise,4,2026-09-27,2026-10-31,Arrêté du 25 SEPTEMBRE 2026,"<b>Eaux souterraines</b><br><span style=""background:maroon;color:#fff;padding:2px 7px;border-radius:4px;font-weight:bold;font-size:0.85em"">Crise</span><br>du 27 sept. 2026 au 31 oct. 2026<br><small>Zone : Bassin du ruisseau des Vallees</small>",27 sept. 2026
5648560,Bassin de l'Indre (In2),37,Indre-et-Loire,SOU,crise,Crise,4,2026-09-27,2026-10-31,Arrêté du 25 SEPTEMBRE 2026,"<b>Eaux souterraines</b><br><span style=""background:maroon;color:#fff;padding:2px 7px;border-radius:4px;font-weight:bold;font-size:0.85em"">Crise</span><br>du 27 sept. 2026 au 31 oct. 2026<br><small>Zone : Bassin de l'Indre (In2)</small>",27 sept. 2026
5645963,Bassin de l'Acolin,03,Allier,SOU,crise,Crise,4,2026-08-29,2026-10-15,2043/2026,"<b>Eaux souterraines</b><br><span style=""background:maroon;color:#fff;padding:2px 7px;border-radius:4px;font-weight:bold;font-size:0.85em"">Crise</span><br>du 29 août 2026 au 15 oct. 2026<br><small>Zone : Bassin de l'Acolin</small>",27 sept. 2026
5648562,Bassin de la Veude De Poncay,37,Indre-et-Loire,SOU,crise,Crise,4,2026-09-27,2026-10-31,Arrêté du 25 SEPTEMBRE 2026,"<b>Eaux souterraines</b><br><span style=""background:maroon;color:#fff;padding:2px 7px;border-radius:4px;font-weight:bold;font-size:0.85em"">Crise</span><br>du 27 sept. 2026 au 31 oct. 2026<br><small>Zone : Bassin de la Veude De Poncay</small>",27 sept. 2026
5645960,Bassin de la Loire,03,Allier,SOU,crise,Crise,4,2026-08-29,2026-10-15,2043/2026,"<b>Eaux souterraines</b><br><span style=""background:maroon;color:#fff;padding:2px 7px;border-radius:4px;font-weight:bold;font-size:0.85em"">Crise</span><br>du 29 août 2026 au 15 oct. 2026<br><small>Zone : Bassin de la Loire</small>",27 sept. 2026
5645951,Bassin du Cher (en amont de Chambonchard),03,Allier,SOU,crise,Crise,4,2026-08-29,2026-10-15,2043/2026,"<b>Eaux souterraines</b><br><span style=""background:maroon;color:#fff;padding:2px 7px;border-radius:4px;font-weight:bold;font-size:0.85em"">Crise</span><br>du 29 août 2026 au 15 oct. 2026<br><small>Zone : Bassin du Cher (en amont de Chambonchard)</small>",27 sept. 2026
5648564,Bassin du ruisseau de Parcay,37,Indre-et-Loire,SOU,crise,Crise,4,2026-09-27,2026-10-31,Arrêté du 25 SEPTEMBRE 2026,"<b>Eaux souterraines</b><br><span style=""background:maroon;color:#fff;padding:2px 7px;border-radius:4px;font-weight:bold;font-size:0.85em"">Crise</span><br>du 27 sept. 2026 au 31 oct. 2026<br><small>Zone : Bassin du ruisseau de Parcay</small>",27 sept. 2026
5648570,Bassin du ruisseau de Panzoult,37,Indre-et-Loire,SOU,crise,Crise,4,2026-09-27,2026-10-31,Arrêté du 25 SEPTEMBRE 2026,"<b>Eaux souterraines</b><br><span style=""background:maroon;color:#fff;padding:2px 7px;border-radius:4px;font-weight:bold;font-size:0.85em"">Crise</span><br>du 27 sept. 2026 au 31 oct. 2026<br><small>Zone : Bassin du ruisseau de Panzoult</small>",27 sept. 2026
5648571,Bassin du ruisseau de Boutineau,37,Indre-et-Loire,SOU,crise,Crise,4,2026-09-27,2026-10-31,Arrêté du 25 SEPTEMBRE 2026,"<b>Eaux souterraines</b><br><span style=""background:maroon;color:#fff;padding:2px 7px;border-radius:4px;font-weight:bold;font-size:0.85em"">Crise</span><br>du 27 sept. 2026 au 31 oct. 2026<br><small>Zone : Bassin du ruisseau de Boutineau</small>",27 sept. 2026
5648573,Bassin du ruisseau Sennevieres,37,Indre-et-Loire,SOU,crise,Crise,4,2026-09-27,2026-10-31,Arrêté du 25 SEPTEMBRE 2026,"<b>Eaux souterraines</b><br><span style=""background:maroon;color:#fff;padding:2px 7px;border-radius:4px;font-weight:bold;font-size:0.85em"">Crise</span><br>du 27 sept. 2026 au 31 oct. 2026<br><small>Zone : Bassin du ruisseau Sennevieres</small>",27 sept. 2026
5645972,Bassin de l'Allier,03,Allier,SOU,crise,Crise,4,2026-08-29,2026-10-15,2043/2026,"<b>Eaux souterraines</b><br><span style=""background:maroon;color:#fff;padding:2px 7px;border-radius:4px;font-weight:bold;font-size:0.85em"">Crise</span><br>du 29 août 2026 au 15 oct. 2026<br><small>Zone : Bassin de l'Allier</small>",27 sept. 2026
5652560,Bassin du Lausset,64,Pyrénées-Atlantiques,SOU,crise,Crise,4,2026-07-17,2026-10-31,AP-64-2026-07-16-00021_Crise_Lausset,"<b>Eaux souterraines</b><br><span style=""background:maroon;color:#fff;padding:2px 7px;border-radius:4px;font-weight:bold;font-size:0.85em"">Crise</span><br>du 17 juil. 2026 au 31 oct. 2026<br><small>Zone : Bassin du Lausset</small>",27 sept. 2026
5652561,Bassin de la Bayse,64,Pyrénées-Atlantiques,SOU,crise,Crise,4,2026-06-26,2026-10-31,64-2026-06-25-00004_Crise_Baise,"<b>Eaux souterraines</b><br><span style=""background:maroon;color:#fff;padding:2px 7px;border-radius:4px;font-weight:bold;font-size:0.85em"">Crise</span><br>du 26 juin 2026 au 31 oct. 2026<br><small>Zone : Bassin de la Bayse</small>",27 sept. 2026
5645964,Bassin de l'Oeil et de l'Aumance,03,Allier,SOU,crise,Crise,4,2026-08-29,2026-10-15,2043/2026,"<b>Eaux souterraines</b><br><span style=""background:maroon;color:#fff;padding:2px 7px;border-radius:4px;font-weight:bold;font-size:0.85em"">Crise</span><br>du 29 août 2026 au 15 oct. 2026<br><small>Zone : Bassin de l'Oeil et de l'Aumance</small>",27 sept. 2026
5645967,Bassin de la Bouble et du Boublon,03,Allier,SOU,crise,Crise,4,2026-08-29,2026-10-15,2043/2026,"<b>Eaux souterraines</b><br><span style=""background:maroon;color:#fff;padding:2px 7px;border-radius:4px;font-weight:bold;font-size:0.85em"">Crise</span><br>du 29 août 2026 au 15 oct. 2026<br><small>Zone : Bassin de la Bouble et du Boublon</small>",27 sept. 2026
5645969,Bassin du Cher,03,Allier,SOU,crise,Crise,4,2026-08-29,2026-10-15,2043/2026,"<b>Eaux souterraines</b><br><span style=""background:maroon;color:#fff;padding:2px 7px;border-radius:4px;font-weight:bold;font-size:0.85em"">Crise</span><br>du 29 août 2026 au 15 oct. 2026<br><small>Zone : Bassin du Cher</small>",27 sept. 2026
5652563,Bassin du Saleys,64,Pyrénées-Atlantiques,SOU,crise,Crise,4,2026-07-17,2026-10-31,AP-64-2026-07-16-00018-Crise_Saleys,"<b>Eaux souterraines</b><br><span style=""background:maroon;color:#fff;padding:2px 7px;border-radius:4px;font-weight:bold;font-size:0.85em"">Crise</span><br>du 17 juil. 2026 au 31 oct. 2026<br><small>Zone : Bassin du Saleys</small>",27 sept. 2026
5652594,BV affluents de l'Echez amont,65,Hautes-Pyrénées,SOU,crise,Crise,4,2026-07-08,2026-10-31,65-2026-06-25-00003,"<b>Eaux souterraines</b><br><span style=""background:maroon;color:#fff;padding:2px 7px;border-radius:4px;font-weight:bold;font-size:0.85em"">Crise</span><br>du 8 juil. 2026 au 31 oct. 2026<br><small>Zone : BV affluents de l'Echez amont</small>",27 sept. 2026
5646023,Asse,04,Alpes-de-Haute-Provence,SOU,crise,Crise,4,2026-09-25,2026-10-31,2026-268-007,"<b>Eaux souterraines</b><br><span style=""background:maroon;color:#fff;padding:2px 7px;border-radius:4px;font-weight:bold;font-size:0.85em"">Crise</span><br>du 25 sept. 2026 au 31 oct. 2026<br><small>Zone : Asse</small>",27 sept. 2026
5649362,Haute chaîne,39,Jura,SOU,crise,Crise,4,2026-09-25,2026-12-25,39-2026-09-25-0001,"<b>Eaux souterraines</b><br><span style=""background:maroon;color:#fff;padding:2px 7px;border-radius:4px;font-weight:bold;font-size:0.85em"">Crise</span><br>du 25 sept. 2026 au 25 déc. 2026<br><small>Zone : Haute chaîne</small>",27 sept. 2026
5649366,Plateau calcaire,39,Jura,SOU,crise,Crise,4,2026-09-25,2026-12-25,39-2026-09-25-0001,"<b>Eaux souterraines</b><br><span style=""background:maroon;color:#fff;padding:2px 7px;border-radius:4px;font-weight:bold;font-size:0.85em"">Crise</span><br>du 25 sept. 2026 au 25 déc. 2026<br><small>Zone : Plateau calcaire</small>",27 sept. 2026
5652568,BV du Lavet,65,Hautes-Pyrénées,SOU,crise,Crise,4,2026-09-12,2026-10-31,65-2026-09-11-00003,"<b>Eaux souterraines</b><br><span style=""background:maroon;color:#fff;padding:2px 7px;border-radius:4px;font-weight:bold;font-size:0.85em"">Crise</span><br>du 12 sept. 2026 au 31 oct. 2026<br><small>Zone : BV du Lavet</small>",27 sept. 2026
5652570,La Gimone,65,Hautes-Pyrénées,SOU,crise,Crise,4,2026-09-12,2026-10-31,65-2026-09-11-00003,"<b>Eaux souterraines</b><br><span style=""background:maroon;color:#fff;padding:2px 7px;border-radius:4px;font-weight:bold;font-size:0.85em"">Crise</span><br>du 12 sept. 2026 au 31 oct. 2026<br><small>Zone : La Gimone</small>",27 sept. 2026
5652573,BV du système Neste,65,Hautes-Pyrénées,SOU,crise,Crise,4,2026-09-12,2026-10-31,65-2026-09-11-00003,"<b>Eaux souterraines</b><br><span style=""background:maroon;color:#fff;padding:2px 7px;border-radius:4px;font-weight:bold;font-size:0.85em"">Crise</span><br>du 12 sept. 2026 au 31 oct. 2026<br><small>Zone : BV du système Neste</small>",27 sept. 2026
5652581,BV de l'Osse,65,Hautes-Pyrénées,SOU,crise,Crise,4,2026-07-04,2026-10-31,65-2026-06-30-00001,"<b>Eaux souterraines</b><br><span style=""background:maroon;color:#fff;padding:2px 7px;border-radius:4px;font-weight:bold;font-size:0.85em"">Crise</span><br>du 4 juil. 2026 au 31 oct. 2026<br><small>Zone : BV de l'Osse</small>",27 sept. 2026
5652598,BV de l'Ousse,65,Hautes-Pyrénées,SOU,crise,Crise,4,2026-06-27,2026-10-31,65-2026-06-24-00009,"<b>Eaux souterraines</b><br><span style=""background:maroon;color:#fff;padding:2px 7px;border-radius:4px;font-weight:bold;font-size:0.85em"">Crise</span><br>du 27 juin 2026 au 31 oct. 2026<br><small>Zone : BV de l'Ousse</small>",27 sept. 2026
5652600,BV de l'Arrats,65,Hautes-Pyrénées,SOU,crise,Crise,4,2026-07-04,2026-10-31,65-2026-06-30-00001,"<b>Eaux souterraines</b><br><span style=""background:maroon;color:#fff;padding:2px 7px;border-radius:4px;font-weight:bold;font-size:0.85em"">Crise</span><br>du 4 juil. 2026 au 31 oct. 2026<br><small>Zone : BV de l'Arrats</small>",27 sept. 2026
5648709,Bièvre-Liers-Valloire (spé sout.),38,Isère,SOU,crise,Crise,4,2026-08-24,2026-09-30,38-2026-08-20-00010_et_26-2026-08-21-00002 [BLV],"<b>Eaux souterraines</b><br><span style=""background:maroon;color:#fff;padding:2px 7px;border-radius:4px;font-weight:bold;font-size:0.85em"">Crise</span><br>du 24 août 2026 au 30 sept. 2026<br><small>Zone : Bièvre-Liers-Valloire (spé sout.)</small>",27 sept. 2026
5652610,Nappes Aspres-Réart,66,Pyrénées-Orientales,SOU,crise,Crise,4,2026-09-11,2026-11-30,DDTM-SER-2026-254-0001,"<b>Eaux souterraines</b><br><span style=""background:maroon;color:#fff;padding:2px 7px;border-radius:4px;font-weight:bold;font-size:0.85em"">Crise</span><br>du 11 sept. 2026 au 30 nov. 2026<br><small>Zone : Nappes Aspres-Réart</small>",27 sept. 2026
5652628,"nappes de la Bruche, Mossig, Ehn, Andlau, Giessen et Liepvrette - partie dpt 67",67,Bas-Rhin,SOU,crise,Crise,4,2026-09-09,2026-10-31,9 septembre 2026,"<b>Eaux souterraines</b><br><span style=""background:maroon;color:#fff;padding:2px 7px;border-radius:4px;font-weight:bold;font-size:0.85em"">Crise</span><br>du 9 sept. 2026 au 31 oct. 2026<br><small>Zone : nappes de la Bruche, Mossig, Ehn, Andlau, Giessen et Liepvrette - partie dpt 67</small>",27 sept. 2026
5653685,Affluents de l'Aveyron aval,81,Tarn,SOU,crise,Crise,4,2026-09-12,2026-10-31,260909,"<b>Eaux souterraines</b><br><span style=""background:maroon;color:#fff;padding:2px 7px;border-radius:4px;font-weight:bold;font-size:0.85em"">Crise</span><br>du 12 sept. 2026 au 31 oct. 2026<br><small>Zone : Affluents de l'Aveyron aval</small>",27 sept. 2026
5653693,Le Cérou de sa source à Saint-Géraud et tous les affluents du Cérou,81,Tarn,SOU,crise,Crise,4,2026-09-12,2026-10-31,260909,"<b>Eaux souterraines</b><br><span style=""background:maroon;color:#fff;padding:2px 7px;border-radius:4px;font-weight:bold;font-size:0.85em"">Crise</span><br>du 12 sept. 2026 au 31 oct. 2026<br><small>Zone : Le Cérou de sa source à Saint-Géraud et tous les affluents du Cérou</small>",27 sept. 2026
5653709,Bassin de l’Assou,81,Tarn,SOU,crise,Crise,4,2026-09-12,2026-10-31,260909,"<b>Eaux souterraines</b><br><span style=""background:maroon;color:#fff;padding:2px 7px;border-radius:4px;font-weight:bold;font-size:0.85em"">Crise</span><br>du 12 sept. 2026 au 31 oct. 2026<br><small>Zone : Bassin de l’Assou</small>",27 sept. 2026
5653681,Affluents du Viaur,81,Tarn,SOU,crise,Crise,4,2026-09-12,2026-10-31,260909,"<b>Eaux souterraines</b><br><span style=""background:maroon;color:#fff;padding:2px 7px;border-radius:4px;font-weight:bold;font-size:0.85em"">Crise</span><br>du 12 sept. 2026 au 31 oct. 2026<br><small>Zone : Affluents du Viaur</small>",27 sept. 2026
5653682,Affluents du Tarn aval de l’Agout à la confluence avec la Garonne en excluant l’Agout et le Tescou,81,Tarn,SOU,crise,Crise,4,2026-09-12,2026-10-31,260909,"<b>Eaux souterraines</b><br><span style=""background:maroon;color:#fff;padding:2px 7px;border-radius:4px;font-weight:bold;font-size:0.85em"">Crise</span><br>du 12 sept. 2026 au 31 oct. 2026<br><small>Zone : Affluents du Tarn aval de l’Agout à la confluence avec la Garonne en excluant l’Agout et le Tescou</small>",27 sept. 2026
5653683,Bassin du Rance,81,Tarn,SOU,crise,Crise,4,2026-09-12,2026-10-31,260909,"<b>Eaux souterraines</b><br><span style=""background:maroon;color:#fff;padding:2px 7px;border-radius:4px;font-weight:bold;font-size:0.85em"">Crise</span><br>du 12 sept. 2026 au 31 oct. 2026<br><small>Zone : Bassin du Rance</small>",27 sept. 2026
5653691,Le Thoré amont de sa source à la confluence avec l’Arn et tous les affluents du Thoré et l’Arn et ses affluents de sa source aux Saints-Peyres,81,Tarn,SOU,crise,Crise,4,2026-09-12,2026-10-31,260909,"<b>Eaux souterraines</b><br><span style=""background:maroon;color:#fff;padding:2px 7px;border-radius:4px;font-weight:bold;font-size:0.85em"">Crise</span><br>du 12 sept. 2026 au 31 oct. 2026<br><small>Zone : Le Thoré amont de sa source à la confluence avec l’Arn et tous les affluents du Thoré et l’Arn et ses affluents de sa source aux Saints-Peyres</small>",27 sept. 2026
5653695,"Affluents de l’Agout en aval du Thoré à la confluence avec le Tarn en excluant le Thoré, le Sor, le Bagas, l’Ardial (En Guibaud) et le Dadou",81,Tarn,SOU,crise,Crise,4,2026-09-12,2026-10-31,260909,"<b>Eaux souterraines</b><br><span style=""background:maroon;color:#fff;padding:2px 7px;border-radius:4px;font-weight:bold;font-size:0.85em"">Crise</span><br>du 12 sept. 2026 au 31 oct. 2026<br><small>Zone : Affluents de l’Agout en aval du Thoré à la confluence avec le Tarn en excluant le Thoré, le Sor, le Bagas, l’Ardial (En Guibaud) et le Dadou</small>",27 sept. 2026
5653704,Bassin du Bagas,81,Tarn,SOU,crise,Crise,4,2026-09-12,2026-10-31,260909,"<b>Eaux souterraines</b><br><span style=""background:maroon;color:#fff;padding:2px 7px;border-radius:4px;font-weight:bold;font-size:0.85em"">Crise</span><br>du 12 sept. 2026 au 31 oct. 2026<br><small>Zone : Bassin du Bagas</small>",27 sept. 2026
5653706,Bassin de l’Ardial (En Guibaud),81,Tarn,SOU,crise,Crise,4,2026-09-12,2026-10-31,260909,"<b>Eaux souterraines</b><br><span style=""background:maroon;color:#fff;padding:2px 7px;border-radius:4px;font-weight:bold;font-size:0.85em"">Crise</span><br>du 12 sept. 2026 au 31 oct. 2026<br><small>Zone : Bassin de l’Ardial (En Guibaud)</small>",27 sept. 2026
5653721,Bassin de l’Agros,81,Tarn,SOU,crise,Crise,4,2026-09-12,2026-10-31,260909,"<b>Eaux souterraines</b><br><span style=""background:maroon;color:#fff;padding:2px 7px;border-radius:4px;font-weight:bold;font-size:0.85em"">Crise</span><br>du 12 sept. 2026 au 31 oct. 2026<br><small>Zone : Bassin de l’Agros</small>",27 sept. 2026
5653722,Bassin du Bernazobre,81,Tarn,SOU,crise,Crise,4,2026-09-12,2026-10-31,260909,"<b>Eaux souterraines</b><br><span style=""background:maroon;color:#fff;padding:2px 7px;border-radius:4px;font-weight:bold;font-size:0.85em"">Crise</span><br>du 12 sept. 2026 au 31 oct. 2026<br><small>Zone : Bassin du Bernazobre</small>",27 sept. 2026
5653724,Bassin de la Durenque,81,Tarn,SOU,crise,Crise,4,2026-09-12,2026-10-31,260909,"<b>Eaux souterraines</b><br><span style=""background:maroon;color:#fff;padding:2px 7px;border-radius:4px;font-weight:bold;font-size:0.85em"">Crise</span><br>du 12 sept. 2026 au 31 oct. 2026<br><small>Zone : Bassin de la Durenque</small>",27 sept. 2026
5653734,Affluents de l'Aude médiane,81,Tarn,SOU,crise,Crise,4,2026-09-12,2026-10-31,260909,"<b>Eaux souterraines</b><br><span style=""background:maroon;color:#fff;padding:2px 7px;border-radius:4px;font-weight:bold;font-size:0.85em"">Crise</span><br>du 12 sept. 2026 au 31 oct. 2026<br><small>Zone : Affluents de l'Aude médiane</small>",27 sept. 2026
5653735,Le Dadou amont de sa source à Rassisse et tous les affluents du Dadou à l’exception de l’Agros et de l’Assou,81,Tarn,SOU,crise,Crise,4,2026-09-12,2026-10-31,260909,"<b>Eaux souterraines</b><br><span style=""background:maroon;color:#fff;padding:2px 7px;border-radius:4px;font-weight:bold;font-size:0.85em"">Crise</span><br>du 12 sept. 2026 au 31 oct. 2026<br><small>Zone : Le Dadou amont de sa source à Rassisse et tous les affluents du Dadou à l’exception de l’Agros et de l’Assou</small>",27 sept. 2026
5653744,La Vère de sa source à Fourogue et tous les affluents de la Vère,81,Tarn,SOU,crise,Crise,4,2026-09-12,2026-10-31,260909,"<b>Eaux souterraines</b><br><span style=""background:maroon;color:#fff;padding:2px 7px;border-radius:4px;font-weight:bold;font-size:0.85em"">Crise</span><br>du 12 sept. 2026 au 31 oct. 2026<br><small>Zone : La Vère de sa source à Fourogue et tous les affluents de la Vère</small>",27 sept. 2026
5653751,"Le Tescou de sa source à la confluence avec le Tescounet, Tescounet de sa source au Thérondel et tous les affluents du Tescou et du Tescounet",81,Tarn,SOU,crise,Crise,4,2026-09-12,2026-10-31,260909,"<b>Eaux souterraines</b><br><span style=""background:maroon;color:#fff;padding:2px 7px;border-radius:4px;font-weight:bold;font-size:0.85em"">Crise</span><br>du 12 sept. 2026 au 31 oct. 2026<br><small>Zone : Le Tescou de sa source à la confluence avec le Tescounet, Tescounet de sa source au Thérondel et tous les affluents du Tescou et du Tescounet</small>",27 sept. 2026
5653929,Bassin de la Dive du Nord - secteur du Prepson,86,Vienne,SOU,crise,Crise,4,2026-09-14,2026-11-01,AP_2026_DDT_SEB_501_DiveDuNord,"<b>Eaux souterraines</b><br><span style=""background:maroon;color:#fff;padding:2px 7px;border-radius:4px;font-weight:bold;font-size:0.85em"">Crise</span><br>du 14 sept. 2026 au 1 nov. 2026<br><small>Zone : Bassin de la Dive du Nord - secteur du Prepson</small>",27 sept. 2026
5653762,Part - Zone 34 - LEMBOULAS AMONT,82,Tarn-et-Garonne,SOU,crise,Crise,4,2026-09-12,,82-2026-09-11-00002,"<b>Eaux souterraines</b><br><span style=""background:maroon;color:#fff;padding:2px 7px;border-radius:4px;font-weight:bold;font-size:0.85em"">Crise</span><br>depuis le 12 sept. 2026<br><small>Zone : Part - Zone 34 - LEMBOULAS AMONT</small>",27 sept. 2026
5653986,Bassin Vienne amont,87,Haute-Vienne,SOU,crise,Crise,4,2026-07-02,2026-10-31,2026_03_CR_Vienne-amont,"<b>Eaux souterraines</b><br><span style=""background:maroon;color:#fff;padding:2px 7px;border-radius:4px;font-weight:bold;font-size:0.85em"">Crise</span><br>du 2 juil. 2026 au 31 oct. 2026<br><small>Zone : Bassin Vienne amont</small>",27 sept. 2026
5653775,Part - Zone 33 - TESCOU NON REAL,82,Tarn-et-Garonne,SOU,crise,Crise,4,2026-09-12,,82-2026-09-11-00002,"<b>Eaux souterraines</b><br><span style=""background:maroon;color:#fff;padding:2px 7px;border-radius:4px;font-weight:bold;font-size:0.85em"">Crise</span><br>depuis le 12 sept. 2026<br><small>Zone : Part - Zone 33 - TESCOU NON REAL</small>",27 sept. 2026
5653779,Part - Zone 54 - BARGUELONNE AVAL,82,Tarn-et-Garonne,SOU,crise,Crise,4,2026-09-12,,82-2026-09-11-00002,"<b>Eaux souterraines</b><br><span style=""background:maroon;color:#fff;padding:2px 7px;border-radius:4px;font-weight:bold;font-size:0.85em"">Crise</span><br>depuis le 12 sept. 2026<br><small>Zone : Part - Zone 54 - BARGUELONNE AVAL</small>",27 sept. 2026
5653800,Part - Zone 21 - LERE NON REAL,82,Tarn-et-Garonne,SOU,crise,Crise,4,2026-09-12,,82-2026-09-11-00002,"<b>Eaux souterraines</b><br><span style=""background:maroon;color:#fff;padding:2px 7px;border-radius:4px;font-weight:bold;font-size:0.85em"">Crise</span><br>depuis le 12 sept. 2026<br><small>Zone : Part - Zone 21 - LERE NON REAL</small>",27 sept. 2026
5653803,Part - Zone 29 - AVEYRON AFFLUENTS,82,Tarn-et-Garonne,SOU,crise,Crise,4,2026-09-12,,82-2026-09-11-00002,"<b>Eaux souterraines</b><br><span style=""background:maroon;color:#fff;padding:2px 7px;border-radius:4px;font-weight:bold;font-size:0.85em"">Crise</span><br>depuis le 12 sept. 2026<br><small>Zone : Part - Zone 29 - AVEYRON AFFLUENTS</small>",27 sept. 2026
5653760,Part - Zone 53 - BARGUELONNE AMONT,82,Tarn-et-Garonne,SOU,crise,Crise,4,2026-09-12,,82-2026-09-11-00002,"<b>Eaux souterraines</b><br><span style=""background:maroon;color:#fff;padding:2px 7px;border-radius:4px;font-weight:bold;font-size:0.85em"">Crise</span><br>depuis le 12 sept. 2026<br><small>Zone : Part - Zone 53 - BARGUELONNE AMONT</small>",27 sept. 2026
5653776,Part - Zone 23 - SEYE,82,Tarn-et-Garonne,SOU,crise,Crise,4,2026-09-12,,82-2026-09-11-00002,"<b>Eaux souterraines</b><br><span style=""background:maroon;color:#fff;padding:2px 7px;border-radius:4px;font-weight:bold;font-size:0.85em"">Crise</span><br>depuis le 12 sept. 2026<br><small>Zone : Part - Zone 23 - SEYE</small>",27 sept. 2026
5653773,Part - Zone 72 - BOUDOUYSSOU,82,Tarn-et-Garonne,SOU,crise,Crise,4,2026-09-12,,82-2026-09-11-00002,"<b>Eaux souterraines</b><br><span style=""background:maroon;color:#fff;padding:2px 7px;border-radius:4px;font-weight:bold;font-size:0.85em"">Crise</span><br>depuis le 12 sept. 2026<br><small>Zone : Part - Zone 72 - BOUDOUYSSOU</small>",27 sept. 2026
5653767,Part - Zone 55 - LENDOU,82,Tarn-et-Garonne,SOU,crise,Crise,4,2026-09-12,,82-2026-09-11-00002,"<b>Eaux souterraines</b><br><span style=""background:maroon;color:#fff;padding:2px 7px;border-radius:4px;font-weight:bold;font-size:0.85em"">Crise</span><br>depuis le 12 sept. 2026<br><small>Zone : Part - Zone 55 - LENDOU</small>",27 sept. 2026
5653768,Part - Zone 36 - LUPTE-LEMBOUS,82,Tarn-et-Garonne,SOU,crise,Crise,4,2026-09-12,,82-2026-09-11-00002,"<b>Eaux souterraines</b><br><span style=""background:maroon;color:#fff;padding:2px 7px;border-radius:4px;font-weight:bold;font-size:0.85em"">Crise</span><br>depuis le 12 sept. 2026<br><small>Zone : Part - Zone 36 - LUPTE-LEMBOUS</small>",27 sept. 2026
5653769,Part - Zone 58 - AUROUE,82,Tarn-et-Garonne,SOU,crise,Crise,4,2026-09-12,,82-2026-09-11-00002,"<b>Eaux souterraines</b><br><span style=""background:maroon;color:#fff;padding:2px 7px;border-radius:4px;font-weight:bold;font-size:0.85em"">Crise</span><br>depuis le 12 sept. 2026<br><small>Zone : Part - Zone 58 - AUROUE</small>",27 sept. 2026
5653785,Part - Zone 35 - LEMBOULAS AVAL,82,Tarn-et-Garonne,SOU,crise,Crise,4,2026-09-12,,82-2026-09-11-00002,"<b>Eaux souterraines</b><br><span style=""background:maroon;color:#fff;padding:2px 7px;border-radius:4px;font-weight:bold;font-size:0.85em"">Crise</span><br>depuis le 12 sept. 2026<br><small>Zone : Part - Zone 35 - LEMBOULAS AVAL</small>",27 sept. 2026
5653759,Part - Zone 51 - SERE,82,Tarn-et-Garonne,SOU,crise,Crise,4,2026-09-12,,82-2026-09-11-00002,"<b>Eaux souterraines</b><br><span style=""background:maroon;color:#fff;padding:2px 7px;border-radius:4px;font-weight:bold;font-size:0.85em"">Crise</span><br>depuis le 12 sept. 2026<br><small>Zone : Part - Zone 51 - SERE</small>",27 sept. 2026
5653764,Part - Zone 52 - LAMBON,82,Tarn-et-Garonne,SOU,crise,Crise,4,2026-09-12,,82-2026-09-11-00002,"<b>Eaux souterraines</b><br><span style=""background:maroon;color:#fff;padding:2px 7px;border-radius:4px;font-weight:bold;font-size:0.85em"">Crise</span><br>depuis le 12 sept. 2026<br><small>Zone : Part - Zone 52 - LAMBON</small>",27 sept. 2026
5653788,Part - Zone 56 - PETITE BARGUELONNE,82,Tarn-et-Garonne,SOU,crise,Crise,4,2026-09-12,,82-2026-09-11-00002,"<b>Eaux souterraines</b><br><span style=""background:maroon;color:#fff;padding:2px 7px;border-radius:4px;font-weight:bold;font-size:0.85em"">Crise</span><br>depuis le 12 sept. 2026<br><small>Zone : Part - Zone 56 - PETITE BARGUELONNE</small>",27 sept. 2026
5653790,Part - Zone 57 - SEOUNE,82,Tarn-et-Garonne,SOU,crise,Crise,4,2026-09-12,,82-2026-09-11-00002,"<b>Eaux souterraines</b><br><span style=""background:maroon;color:#fff;padding:2px 7px;border-radius:4px;font-weight:bold;font-size:0.85em"">Crise</span><br>depuis le 12 sept. 2026<br><small>Zone : Part - Zone 57 - SEOUNE</small>",27 sept. 2026
5653797,Part - Zone 82 - ARRATS  AFFLUENTS,82,Tarn-et-Garonne,SOU,crise,Crise,4,2026-09-12,,82-2026-09-11-00002,"<b>Eaux souterraines</b><br><span style=""background:maroon;color:#fff;padding:2px 7px;border-radius:4px;font-weight:bold;font-size:0.85em"">Crise</span><br>depuis le 12 sept. 2026<br><small>Zone : Part - Zone 82 - ARRATS  AFFLUENTS</small>",27 sept. 2026
5653799,Part - Zone 84 - GIMONE  AFFLUENTS,82,Tarn-et-Garonne,SOU,crise,Crise,4,2026-09-12,,82-2026-09-11-00002,"<b>Eaux souterraines</b><br><span style=""background:maroon;color:#fff;padding:2px 7px;border-radius:4px;font-weight:bold;font-size:0.85em"">Crise</span><br>depuis le 12 sept. 2026<br><small>Zone : Part - Zone 84 - GIMONE  AFFLUENTS</small>",27 sept. 2026
5653802,Part - Zone 37 - TARN AFFLUENTS,82,Tarn-et-Garonne,SOU,crise,Crise,4,2026-09-12,,82-2026-09-11-00002,"<b>Eaux souterraines</b><br><span style=""background:maroon;color:#fff;padding:2px 7px;border-radius:4px;font-weight:bold;font-size:0.85em"">Crise</span><br>depuis le 12 sept. 2026<br><small>Zone : Part - Zone 37 - TARN AFFLUENTS</small>",27 sept. 2026
5653810,Part - Zone 59 - GARONNE AFFLUENTS,82,Tarn-et-Garonne,SOU,crise,Crise,4,2026-09-12,,82-2026-09-11-00002,"<b>Eaux souterraines</b><br><span style=""background:maroon;color:#fff;padding:2px 7px;border-radius:4px;font-weight:bold;font-size:0.85em"">Crise</span><br>depuis le 12 sept. 2026<br><small>Zone : Part - Zone 59 - GARONNE AFFLUENTS</small>",27 sept. 2026
5653983,Bassin de la Gartempe,86,Vienne,SOU,crise,Crise,4,2026-08-31,2026-10-31,AP_N°2026_DDT_SEB_482_Gartempe_Anglin,"<b>Eaux souterraines</b><br><span style=""background:maroon;color:#fff;padding:2px 7px;border-radius:4px;font-weight:bold;font-size:0.85em"">Crise</span><br>du 31 août 2026 au 31 oct. 2026<br><small>Zone : Bassin de la Gartempe</small>",27 sept. 2026
5647028,6. Secteur Orbieu et affluents rive droite de l'Aude sur ce secteur,11,Aude,SOU,crise,Crise,4,2026-09-18,2026-10-31,DDTM-SAFEB-2026-16,"<b>Eaux souterraines</b><br><span style=""background:maroon;color:#fff;padding:2px 7px;border-radius:4px;font-weight:bold;font-size:0.85em"">Crise</span><br>du 18 sept. 2026 au 31 oct. 2026<br><small>Zone : 6. Secteur Orbieu et affluents rive droite de l'Aude sur ce secteur</small>",27 sept. 2026
5647031,10. Bassin versant du Fresquel,11,Aude,SOU,crise,Crise,4,2026-09-18,2026-10-31,DDTM-SAFEB-2026-16,"<b>Eaux souterraines</b><br><span style=""background:maroon;color:#fff;padding:2px 7px;border-radius:4px;font-weight:bold;font-size:0.85em"">Crise</span><br>du 18 sept. 2026 au 31 oct. 2026<br><small>Zone : 10. Bassin versant du Fresquel</small>",27 sept. 2026
5653932,Bassin de la Dive du Nord - secteur des sources de la Dive,86,Vienne,SOU,crise,Crise,4,2026-09-14,2026-11-01,AP_2026_DDT_SEB_501_DiveDuNord,"<b>Eaux souterraines</b><br><span style=""background:maroon;color:#fff;padding:2px 7px;border-radius:4px;font-weight:bold;font-size:0.85em"">Crise</span><br>du 14 sept. 2026 au 1 nov. 2026<br><small>Zone : Bassin de la Dive du Nord - secteur des sources de la Dive</small>",27 sept. 2026
5653934,Bassin de la Dive du Nord - secteur de la Briande,86,Vienne,SOU,crise,Crise,4,2026-09-14,2026-11-01,AP_2026_DDT_SEB_501_DiveDuNord,"<b>Eaux souterraines</b><br><span style=""background:maroon;color:#fff;padding:2px 7px;border-radius:4px;font-weight:bold;font-size:0.85em"">Crise</span><br>du 14 sept. 2026 au 1 nov. 2026<br><small>Zone : Bassin de la Dive du Nord - secteur de la Briande</small>",27 sept. 2026
5653938,Bassin de la Dive du Nord - secteur de La Grimaudière,86,Vienne,SOU,crise,Crise,4,2026-09-14,2026-11-01,AP_2026_DDT_SEB_501_DiveDuNord,"<b>Eaux souterraines</b><br><span style=""background:maroon;color:#fff;padding:2px 7px;border-radius:4px;font-weight:bold;font-size:0.85em"">Crise</span><br>du 14 sept. 2026 au 1 nov. 2026<br><small>Zone : Bassin de la Dive du Nord - secteur de La Grimaudière</small>",27 sept. 2026
5653941,Bassin de la Dive du Nord - secteur de la Petite Maine,86,Vienne,SOU,crise,Crise,4,2026-09-14,2026-11-01,AP_2026_DDT_SEB_501_DiveDuNord,"<b>Eaux souterraines</b><br><span style=""background:maroon;color:#fff;padding:2px 7px;border-radius:4px;font-weight:bold;font-size:0.85em"">Crise</span><br>du 14 sept. 2026 au 1 nov. 2026<br><small>Zone : Bassin de la Dive du Nord - secteur de la Petite Maine</small>",27 sept. 2026
5653944,Bassin de la Vienne Tourangelle - sous bassin de la Veude et du Négron,86,Vienne,SOU,crise,Crise,4,2026-09-18,2026-10-31,AP_N°2026_DDT_SEB_522_Veude_et_Négron,"<b>Eaux souterraines</b><br><span style=""background:maroon;color:#fff;padding:2px 7px;border-radius:4px;font-weight:bold;font-size:0.85em"">Crise</span><br>du 18 sept. 2026 au 31 oct. 2026<br><small>Zone : Bassin de la Vienne Tourangelle - sous bassin de la Veude et du Négron</small>",27 sept. 2026
5653969,Bassin de la Vienne - sous-bassin de l'Envigne,86,Vienne,SOU,crise,Crise,4,2026-08-31,2026-10-31,AP_N°2026_DDT_SEB_481_Vienne,"<b>Eaux souterraines</b><br><span style=""background:maroon;color:#fff;padding:2px 7px;border-radius:4px;font-weight:bold;font-size:0.85em"">Crise</span><br>du 31 août 2026 au 31 oct. 2026<br><small>Zone : Bassin de la Vienne - sous-bassin de l'Envigne</small>",27 sept. 2026
5653970,Bassin de la Vienne - sous-bassin des Blourdes,86,Vienne,SOU,crise,Crise,4,2026-08-31,2026-10-31,AP_N°2026_DDT_SEB_481_Vienne,"<b>Eaux souterraines</b><br><span style=""background:maroon;color:#fff;padding:2px 7px;border-radius:4px;font-weight:bold;font-size:0.85em"">Crise</span><br>du 31 août 2026 au 31 oct. 2026<br><small>Zone : Bassin de la Vienne - sous-bassin des Blourdes</small>",27 sept. 2026
5653978,Bassin de la Vienne - sous-bassin de l'Ozon,86,Vienne,SOU,crise,Crise,4,2026-08-31,2026-10-31,AP_N°2026_DDT_SEB_481_Vienne,"<b>Eaux souterraines</b><br><span style=""background:maroon;color:#fff;padding:2px 7px;border-radius:4px;font-weight:bold;font-size:0.85em"">Crise</span><br>du 31 août 2026 au 31 oct. 2026<br><small>Zone : Bassin de la Vienne - sous-bassin de l'Ozon</small>",27 sept. 2026
5653993,Bassin Vézère,87,Haute-Vienne,SOU,crise,Crise,4,2026-07-18,2026-10-31,2026-05-crise-dordogne,"<b>Eaux souterraines</b><br><span style=""background:maroon;color:#fff;padding:2px 7px;border-radius:4px;font-weight:bold;font-size:0.85em"">Crise</span><br>du 18 juil. 2026 au 31 oct. 2026<br><small>Zone : Bassin Vézère</small>",27 sept. 2026
5653995,Isle Amont,87,Haute-Vienne,SOU,crise,Crise,4,2026-07-18,2026-10-31,2026-05-crise-dordogne,"<b>Eaux souterraines</b><br><span style=""background:maroon;color:#fff;padding:2px 7px;border-radius:4px;font-weight:bold;font-size:0.85em"">Crise</span><br>du 18 juil. 2026 au 31 oct. 2026<br><small>Zone : Isle Amont</small>",27 sept. 2026
5653998,Loue,87,Haute-Vienne,SOU,crise,Crise,4,2026-07-18,2026-10-31,2026-05-crise-dordogne,"<b>Eaux souterraines</b><br><span style=""background:maroon;color:#fff;padding:2px 7px;border-radius:4px;font-weight:bold;font-size:0.85em"">Crise</span><br>du 18 juil. 2026 au 31 oct. 2026<br><small>Zone : Loue</small>",27 sept. 2026
5654000,Bassin Dronne amont,87,Haute-Vienne,SOU,crise,Crise,4,2026-07-18,2026-10-31,2026-05-crise-dordogne,"<b>Eaux souterraines</b><br><span style=""background:maroon;color:#fff;padding:2px 7px;border-radius:4px;font-weight:bold;font-size:0.85em"">Crise</span><br>du 18 juil. 2026 au 31 oct. 2026<br><small>Zone : Bassin Dronne amont</small>",27 sept. 2026
5654002,Bassin Auvézère,87,Haute-Vienne,SOU,crise,Crise,4,2026-07-18,2026-10-31,2026-05-crise-dordogne,"<b>Eaux souterraines</b><br><span style=""background:maroon;color:#fff;padding:2px 7px;border-radius:4px;font-weight:bold;font-size:0.85em"">Crise</span><br>du 18 juil. 2026 au 31 oct. 2026<br><small>Zone : Bassin Auvézère</small>",27 sept. 2026
5654007,Bassin Bandiat,87,Haute-Vienne,SOU,crise,Crise,4,2026-07-10,2026-10-31,2026_03_CR_Bandiat-Tardoire_V_Charente,"<b>Eaux souterraines</b><br><span style=""background:maroon;color:#fff;padding:2px 7px;border-radius:4px;font-weight:bold;font-size:0.85em"">Crise</span><br>du 10 juil. 2026 au 31 oct. 2026<br><small>Zone : Bassin Bandiat</small>",27 sept. 2026
5654011,Bassin Tardoire,87,Haute-Vienne,SOU,crise,Crise,4,2026-07-10,2026-10-31,2026_03_CR_Bandiat-Tardoire_V_Charente,"<b>Eaux souterraines</b><br><span style=""background:maroon;color:#fff;padding:2px 7px;border-radius:4px;font-weight:bold;font-size:0.85em"">Crise</span><br>du 10 juil. 2026 au 31 oct. 2026<br><small>Zone : Bassin Tardoire</small>",27 sept. 2026
5654013,Bassin Gartempe et Vienne aval,87,Haute-Vienne,SOU,crise,Crise,4,2026-07-02,2026-10-31,2026_03_CR_Gartempe,"<b>Eaux souterraines</b><br><span style=""background:maroon;color:#fff;padding:2px 7px;border-radius:4px;font-weight:bold;font-size:0.85em"">Crise</span><br>du 2 juil. 2026 au 31 oct. 2026<br><small>Zone : Bassin Gartempe et Vienne aval</small>",27 sept. 2026
5651665,Bassin versant de l'Yser,59,Nord,SOU,crise,Crise,4,2026-08-15,2026-10-31,Arrêté préfectoral du 14 août 2026,"<b>Eaux souterraines</b><br><span style=""background:maroon;color:#fff;padding:2px 7px;border-radius:4px;font-weight:bold;font-size:0.85em"">Crise</span><br>du 15 août 2026 au 31 oct. 2026<br><small>Zone : Bassin versant de l'Yser</small>",27 sept. 2026
5651347,BEUVRON,58,Nièvre,SOU,crise,Crise,4,2026-08-17,2026-11-30,58-2026-08-13-00003,"<b>Eaux souterraines</b><br><span style=""background:maroon;color:#fff;padding:2px 7px;border-radius:4px;font-weight:bold;font-size:0.85em"">Crise</span><br>du 17 août 2026 au 30 nov. 2026<br><small>Zone : BEUVRON</small>",27 sept. 2026
5651352,SAUZAY,58,Nièvre,SOU,crise,Crise,4,2026-08-17,2026-11-30,58-2026-08-13-00003,"<b>Eaux souterraines</b><br><span style=""background:maroon;color:#fff;padding:2px 7px;border-radius:4px;font-weight:bold;font-size:0.85em"">Crise</span><br>du 17 août 2026 au 30 nov. 2026<br><small>Zone : SAUZAY</small>",27 sept. 2026
5651364,NIEVRE,58,Nièvre,SOU,crise,Crise,4,2026-08-17,2026-11-30,58-2026-08-13-00003,"<b>Eaux souterraines</b><br><span style=""background:maroon;color:#fff;padding:2px 7px;border-radius:4px;font-weight:bold;font-size:0.85em"">Crise</span><br>du 17 août 2026 au 30 nov. 2026<br><small>Zone : NIEVRE</small>",27 sept. 2026
5651381,IXEURE - CANNE,58,Nièvre,SOU,crise,Crise,4,2026-08-17,2026-11-30,58-2026-08-13-00003,"<b>Eaux souterraines</b><br><span style=""background:maroon;color:#fff;padding:2px 7px;border-radius:4px;font-weight:bold;font-size:0.85em"">Crise</span><br>du 17 août 2026 au 30 nov. 2026<br><small>Zone : IXEURE - CANNE</small>",27 sept. 2026
5651412,ARON vallée,58,Nièvre,SOU,crise,Crise,4,2026-08-17,2026-11-30,58-2026-08-13-00003,"<b>Eaux souterraines</b><br><span style=""background:maroon;color:#fff;padding:2px 7px;border-radius:4px;font-weight:bold;font-size:0.85em"">Crise</span><br>du 17 août 2026 au 30 nov. 2026<br><small>Zone : ARON vallée</small>",27 sept. 2026
5651419,LOIRE amont,58,Nièvre,SOU,crise,Crise,4,2026-08-17,2026-11-30,58-2026-08-13-00003,"<b>Eaux souterraines</b><br><span style=""background:maroon;color:#fff;padding:2px 7px;border-radius:4px;font-weight:bold;font-size:0.85em"">Crise</span><br>du 17 août 2026 au 30 nov. 2026<br><small>Zone : LOIRE amont</small>",27 sept. 2026
5651424,DRAGNE,58,Nièvre,SOU,crise,Crise,4,2026-08-17,2026-11-30,58-2026-08-13-00003,"<b>Eaux souterraines</b><br><span style=""background:maroon;color:#fff;padding:2px 7px;border-radius:4px;font-weight:bold;font-size:0.85em"">Crise</span><br>du 17 août 2026 au 30 nov. 2026<br><small>Zone : DRAGNE</small>",27 sept. 2026
5648684,Paladru-Fure (sout.),38,Isère,SOU,crise,Crise,4,2026-08-20,2026-09-30,38-2026-08-20-00004 [Isère],"<b>Eaux souterraines</b><br><span style=""background:maroon;color:#fff;padding:2px 7px;border-radius:4px;font-weight:bold;font-size:0.85em"">Crise</span><br>du 20 août 2026 au 30 sept. 2026<br><small>Zone : Paladru-Fure (sout.)</small>",27 sept. 2026
5648690,Chartreuse-Guiers (sout.),38,Isère,SOU,crise,Crise,4,2026-08-20,2026-09-30,38-2026-08-20-00004 [Isère],"<b>Eaux souterraines</b><br><span style=""background:maroon;color:#fff;padding:2px 7px;border-radius:4px;font-weight:bold;font-size:0.85em"">Crise</span><br>du 20 août 2026 au 30 sept. 2026<br><small>Zone : Chartreuse-Guiers (sout.)</small>",27 sept. 2026
5651462,LOIRE aval,58,Nièvre,SOU,crise,Crise,4,2026-08-17,2026-11-30,58-2026-08-13-00003,"<b>Eaux souterraines</b><br><span style=""background:maroon;color:#fff;padding:2px 7px;border-radius:4px;font-weight:bold;font-size:0.85em"">Crise</span><br>du 17 août 2026 au 30 nov. 2026<br><small>Zone : LOIRE aval</small>",27 sept. 2026
5651467,VRILLE,58,Nièvre,SOU,crise,Crise,4,2026-08-17,2026-11-30,58-2026-08-13-00003,"<b>Eaux souterraines</b><br><span style=""background:maroon;color:#fff;padding:2px 7px;border-radius:4px;font-weight:bold;font-size:0.85em"">Crise</span><br>du 17 août 2026 au 30 nov. 2026<br><small>Zone : VRILLE</small>",27 sept. 2026
5651502,YONNE amont,58,Nièvre,SOU,crise,Crise,4,2026-08-17,2026-11-30,58-2026-08-13-00003,"<b>Eaux souterraines</b><br><span style=""background:maroon;color:#fff;padding:2px 7px;border-radius:4px;font-weight:bold;font-size:0.85em"">Crise</span><br>du 17 août 2026 au 30 nov. 2026<br><small>Zone : YONNE amont</small>",27 sept. 2026
5651516,ALENE - CRESSONNE,58,Nièvre,SOU,crise,Crise,4,2026-08-17,2026-11-30,58-2026-08-13-00003,"<b>Eaux souterraines</b><br><span style=""background:maroon;color:#fff;padding:2px 7px;border-radius:4px;font-weight:bold;font-size:0.85em"">Crise</span><br>du 17 août 2026 au 30 nov. 2026<br><small>Zone : ALENE - CRESSONNE</small>",27 sept. 2026
5651558,ALLIER,58,Nièvre,SOU,crise,Crise,4,2026-08-17,2026-11-30,58-2026-08-13-00003,"<b>Eaux souterraines</b><br><span style=""background:maroon;color:#fff;padding:2px 7px;border-radius:4px;font-weight:bold;font-size:0.85em"">Crise</span><br>du 17 août 2026 au 30 nov. 2026<br><small>Zone : ALLIER</small>",27 sept. 2026
5651561,ACOLIN - COLATRE,58,Nièvre,SOU,crise,Crise,4,2026-08-17,2026-11-30,58-2026-08-13-00003,"<b>Eaux souterraines</b><br><span style=""background:maroon;color:#fff;padding:2px 7px;border-radius:4px;font-weight:bold;font-size:0.85em"">Crise</span><br>du 17 août 2026 au 30 nov. 2026<br><small>Zone : ACOLIN - COLATRE</small>",27 sept. 2026
5651586,CHALAUX - CURE,58,Nièvre,SOU,crise,Crise,4,2026-08-17,2026-11-30,58-2026-08-13-00003,"<b>Eaux souterraines</b><br><span style=""background:maroon;color:#fff;padding:2px 7px;border-radius:4px;font-weight:bold;font-size:0.85em"">Crise</span><br>du 17 août 2026 au 30 nov. 2026<br><small>Zone : CHALAUX - CURE</small>",27 sept. 2026
