id,nom,departement_code,departement_nom,type_zone,niveau,niveau_label,severity,debut,fin,arrete_numero,detail,date_maj
6181164,Zone Est,78,Yvelines,SUP,vigilance,Vigilance,1,2026-09-19,2026-12-31,78-2026-09-18-0005,"<b>Eaux de surface</b><br><span style=""background:#fff9bd;color:#333;padding:2px 7px;border-radius:4px;font-weight:bold;font-size:0.85em"">Vigilance</span><br>du 19 sept. 2026 au 31 déc. 2026<br><small>Zone : Zone Est</small>",3 oct. 2026
6181165,Zone Sud-Ouest,78,Yvelines,SUP,vigilance,Vigilance,1,2026-09-19,2026-12-31,78-2026-09-18-0005,"<b>Eaux de surface</b><br><span style=""background:#fff9bd;color:#333;padding:2px 7px;border-radius:4px;font-weight:bold;font-size:0.85em"">Vigilance</span><br>du 19 sept. 2026 au 31 déc. 2026<br><small>Zone : Zone Sud-Ouest</small>",3 oct. 2026
6180230,bassin de la Thur,68,Haut-Rhin,SUP,vigilance,Vigilance,1,2026-08-13,2026-11-01,2026-15,"<b>Eaux de surface</b><br><span style=""background:#fff9bd;color:#333;padding:2px 7px;border-radius:4px;font-weight:bold;font-size:0.85em"">Vigilance</span><br>du 13 août 2026 au 1 nov. 2026<br><small>Zone : bassin de la Thur</small>",3 oct. 2026
6173558,Sasse,04,Alpes-de-Haute-Provence,SUP,vigilance,Vigilance,1,2026-10-02,2026-10-31,2026-275-003,"<b>Eaux de surface</b><br><span style=""background:#fff9bd;color:#333;padding:2px 7px;border-radius:4px;font-weight:bold;font-size:0.85em"">Vigilance</span><br>du 2 oct. 2026 au 31 oct. 2026<br><small>Zone : Sasse</small>",3 oct. 2026
6173564,Buëch,04,Alpes-de-Haute-Provence,SUP,vigilance,Vigilance,1,2026-10-02,2026-10-31,2026-275-003,"<b>Eaux de surface</b><br><span style=""background:#fff9bd;color:#333;padding:2px 7px;border-radius:4px;font-weight:bold;font-size:0.85em"">Vigilance</span><br>du 2 oct. 2026 au 31 oct. 2026<br><small>Zone : Buëch</small>",3 oct. 2026
6173565,Var,04,Alpes-de-Haute-Provence,SUP,vigilance,Vigilance,1,2026-10-02,2026-10-31,2026-275-003,"<b>Eaux de surface</b><br><span style=""background:#fff9bd;color:#333;padding:2px 7px;border-radius:4px;font-weight:bold;font-size:0.85em"">Vigilance</span><br>du 2 oct. 2026 au 31 oct. 2026<br><small>Zone : Var</small>",3 oct. 2026
6173559,Jabron,04,Alpes-de-Haute-Provence,SUP,vigilance,Vigilance,1,2026-10-02,2026-10-31,2026-275-003,"<b>Eaux de surface</b><br><span style=""background:#fff9bd;color:#333;padding:2px 7px;border-radius:4px;font-weight:bold;font-size:0.85em"">Vigilance</span><br>du 2 oct. 2026 au 31 oct. 2026<br><small>Zone : Jabron</small>",3 oct. 2026
6173573,Blanche,04,Alpes-de-Haute-Provence,SUP,vigilance,Vigilance,1,2026-10-02,2026-10-31,2026-275-003,"<b>Eaux de surface</b><br><span style=""background:#fff9bd;color:#333;padding:2px 7px;border-radius:4px;font-weight:bold;font-size:0.85em"">Vigilance</span><br>du 2 oct. 2026 au 31 oct. 2026<br><small>Zone : Blanche</small>",3 oct. 2026
6173574,Ubaye,04,Alpes-de-Haute-Provence,SUP,vigilance,Vigilance,1,2026-10-02,2026-10-31,2026-275-003,"<b>Eaux de surface</b><br><span style=""background:#fff9bd;color:#333;padding:2px 7px;border-radius:4px;font-weight:bold;font-size:0.85em"">Vigilance</span><br>du 2 oct. 2026 au 31 oct. 2026<br><small>Zone : Ubaye</small>",3 oct. 2026
6173581,Bléone,04,Alpes-de-Haute-Provence,SUP,vigilance,Vigilance,1,2026-10-02,2026-10-31,2026-275-003,"<b>Eaux de surface</b><br><span style=""background:#fff9bd;color:#333;padding:2px 7px;border-radius:4px;font-weight:bold;font-size:0.85em"">Vigilance</span><br>du 2 oct. 2026 au 31 oct. 2026<br><small>Zone : Bléone</small>",3 oct. 2026
6173613,Bassin Souloise-Severaisse,05,Hautes-Alpes,SUP,vigilance,Vigilance,1,2026-09-02,2026-10-31,AP sécheresse  Levée des mesures sécheresse,"<b>Eaux de surface</b><br><span style=""background:#fff9bd;color:#333;padding:2px 7px;border-radius:4px;font-weight:bold;font-size:0.85em"">Vigilance</span><br>du 2 sept. 2026 au 31 oct. 2026<br><small>Zone : Bassin Souloise-Severaisse</small>",3 oct. 2026
6173616,Bassin Meouge partie 05,05,Hautes-Alpes,SUP,vigilance,Vigilance,1,2026-09-02,2026-10-31,AP sécheresse  Levée des mesures sécheresse,"<b>Eaux de surface</b><br><span style=""background:#fff9bd;color:#333;padding:2px 7px;border-radius:4px;font-weight:bold;font-size:0.85em"">Vigilance</span><br>du 2 sept. 2026 au 31 oct. 2026<br><small>Zone : Bassin Meouge partie 05</small>",3 oct. 2026
6173617,Bassin Haute-Romanche,05,Hautes-Alpes,SUP,vigilance,Vigilance,1,2026-09-02,2026-10-31,AP sécheresse  Levée des mesures sécheresse,"<b>Eaux de surface</b><br><span style=""background:#fff9bd;color:#333;padding:2px 7px;border-radius:4px;font-weight:bold;font-size:0.85em"">Vigilance</span><br>du 2 sept. 2026 au 31 oct. 2026<br><small>Zone : Bassin Haute-Romanche</small>",3 oct. 2026
6173618,Bassin du Drac-Gapencais,05,Hautes-Alpes,SUP,vigilance,Vigilance,1,2026-09-02,2026-10-31,AP sécheresse  Levée des mesures sécheresse,"<b>Eaux de surface</b><br><span style=""background:#fff9bd;color:#333;padding:2px 7px;border-radius:4px;font-weight:bold;font-size:0.85em"">Vigilance</span><br>du 2 sept. 2026 au 31 oct. 2026<br><small>Zone : Bassin du Drac-Gapencais</small>",3 oct. 2026
6173620,Bassin du Buech partie 05,05,Hautes-Alpes,SUP,vigilance,Vigilance,1,2026-09-02,2026-10-31,AP sécheresse  Levée des mesures sécheresse,"<b>Eaux de surface</b><br><span style=""background:#fff9bd;color:#333;padding:2px 7px;border-radius:4px;font-weight:bold;font-size:0.85em"">Vigilance</span><br>du 2 sept. 2026 au 31 oct. 2026<br><small>Zone : Bassin du Buech partie 05</small>",3 oct. 2026
6180409,Bassins de la Marne et de la Seine,75,Paris,SUP,vigilance,Vigilance,1,2026-06-25,2026-10-31,75-2026-06-25-00005,"<b>Eaux de surface</b><br><span style=""background:#fff9bd;color:#333;padding:2px 7px;border-radius:4px;font-weight:bold;font-size:0.85em"">Vigilance</span><br>du 25 juin 2026 au 31 oct. 2026<br><small>Zone : Bassins de la Marne et de la Seine</small>",3 oct. 2026
6175461,DROUETTE,28,Eure-et-Loir,SUP,vigilance,Vigilance,1,2026-09-21,,AP_SGREB_2026_255_restrictions_usages_eau,"<b>Eaux de surface</b><br><span style=""background:#fff9bd;color:#333;padding:2px 7px;border-radius:4px;font-weight:bold;font-size:0.85em"">Vigilance</span><br>depuis le 21 sept. 2026<br><small>Zone : DROUETTE</small>",3 oct. 2026
6180417,ANDELLE HORS ZONE 10 BRAY,76,Seine-Maritime,SUP,vigilance,Vigilance,1,2026-06-04,2026-12-31,76_20260604_Toutes_zones_Vigilance_ESU_ESO,"<b>Eaux de surface</b><br><span style=""background:#fff9bd;color:#333;padding:2px 7px;border-radius:4px;font-weight:bold;font-size:0.85em"">Vigilance</span><br>du 4 juin 2026 au 31 déc. 2026<br><small>Zone : ANDELLE HORS ZONE 10 BRAY</small>",3 oct. 2026
6175470,AVRE Moyen,28,Eure-et-Loir,SUP,vigilance,Vigilance,1,2026-09-21,,AP_SGREB_2026_255_restrictions_usages_eau,"<b>Eaux de surface</b><br><span style=""background:#fff9bd;color:#333;padding:2px 7px;border-radius:4px;font-weight:bold;font-size:0.85em"">Vigilance</span><br>depuis le 21 sept. 2026<br><small>Zone : AVRE Moyen</small>",3 oct. 2026
6180307,Végre,72,Sarthe,SUP,vigilance,Vigilance,1,2026-09-24,,AP n°13 du 22 09 2026,"<b>Eaux de surface</b><br><span style=""background:#fff9bd;color:#333;padding:2px 7px;border-radius:4px;font-weight:bold;font-size:0.85em"">Vigilance</span><br>depuis le 24 sept. 2026<br><small>Zone : Végre</small>",3 oct. 2026
6180308,Braye Anille,72,Sarthe,SUP,vigilance,Vigilance,1,2026-09-24,,AP n°13 du 22 09 2026,"<b>Eaux de surface</b><br><span style=""background:#fff9bd;color:#333;padding:2px 7px;border-radius:4px;font-weight:bold;font-size:0.85em"">Vigilance</span><br>depuis le 24 sept. 2026<br><small>Zone : Braye Anille</small>",3 oct. 2026
6180316,Dué-Narais,72,Sarthe,SUP,vigilance,Vigilance,1,2026-09-24,,AP n°13 du 22 09 2026,"<b>Eaux de surface</b><br><span style=""background:#fff9bd;color:#333;padding:2px 7px;border-radius:4px;font-weight:bold;font-size:0.85em"">Vigilance</span><br>depuis le 24 sept. 2026<br><small>Zone : Dué-Narais</small>",3 oct. 2026
6180319,Huisne,72,Sarthe,SUP,vigilance,Vigilance,1,2026-09-24,,AP n°13 du 22 09 2026,"<b>Eaux de surface</b><br><span style=""background:#fff9bd;color:#333;padding:2px 7px;border-radius:4px;font-weight:bold;font-size:0.85em"">Vigilance</span><br>depuis le 24 sept. 2026<br><small>Zone : Huisne</small>",3 oct. 2026
6180322,Loir,72,Sarthe,SUP,vigilance,Vigilance,1,2026-09-24,,AP n°13 du 22 09 2026,"<b>Eaux de surface</b><br><span style=""background:#fff9bd;color:#333;padding:2px 7px;border-radius:4px;font-weight:bold;font-size:0.85em"">Vigilance</span><br>depuis le 24 sept. 2026<br><small>Zone : Loir</small>",3 oct. 2026
6175474,AVRE Aval,28,Eure-et-Loir,SUP,vigilance,Vigilance,1,2026-09-21,,AP_SGREB_2026_255_restrictions_usages_eau,"<b>Eaux de surface</b><br><span style=""background:#fff9bd;color:#333;padding:2px 7px;border-radius:4px;font-weight:bold;font-size:0.85em"">Vigilance</span><br>depuis le 21 sept. 2026<br><small>Zone : AVRE Aval</small>",3 oct. 2026
6180327,Sarthe aval,72,Sarthe,SUP,vigilance,Vigilance,1,2026-09-24,,AP n°13 du 22 09 2026,"<b>Eaux de surface</b><br><span style=""background:#fff9bd;color:#333;padding:2px 7px;border-radius:4px;font-weight:bold;font-size:0.85em"">Vigilance</span><br>depuis le 24 sept. 2026<br><small>Zone : Sarthe aval</small>",3 oct. 2026
6172691,Somme,02,Aisne,SUP,vigilance,Vigilance,1,2026-08-26,,ENV/PE/2026/046,"<b>Eaux de surface</b><br><span style=""background:#fff9bd;color:#333;padding:2px 7px;border-radius:4px;font-weight:bold;font-size:0.85em"">Vigilance</span><br>depuis le 26 août 2026<br><small>Zone : Somme</small>",3 oct. 2026
6180414,EPTE HORS ZONE 10 BRAY,76,Seine-Maritime,SUP,vigilance,Vigilance,1,2026-06-04,2026-12-31,76_20260604_Toutes_zones_Vigilance_ESU_ESO,"<b>Eaux de surface</b><br><span style=""background:#fff9bd;color:#333;padding:2px 7px;border-radius:4px;font-weight:bold;font-size:0.85em"">Vigilance</span><br>du 4 juin 2026 au 31 déc. 2026<br><small>Zone : EPTE HORS ZONE 10 BRAY</small>",3 oct. 2026
6177155,Bassin du Loir aval,41,Loir-et-Cher,SUP,vigilance,Vigilance,1,2026-09-25,,41-2026-09-24-00004,"<b>Eaux de surface</b><br><span style=""background:#fff9bd;color:#333;padding:2px 7px;border-radius:4px;font-weight:bold;font-size:0.85em"">Vigilance</span><br>depuis le 25 sept. 2026<br><small>Zone : Bassin du Loir aval</small>",3 oct. 2026
6177160,Bassin de l'Aigre,41,Loir-et-Cher,SUP,vigilance,Vigilance,1,2026-09-25,,41-2026-09-24-00004,"<b>Eaux de surface</b><br><span style=""background:#fff9bd;color:#333;padding:2px 7px;border-radius:4px;font-weight:bold;font-size:0.85em"">Vigilance</span><br>depuis le 25 sept. 2026<br><small>Zone : Bassin de l'Aigre</small>",3 oct. 2026
6181615,Zone de gestion Seine,89,Yonne,SUP,vigilance,Vigilance,1,2026-09-04,2026-12-31,DDT/SEE/2026/0072,"<b>Eaux de surface</b><br><span style=""background:#fff9bd;color:#333;padding:2px 7px;border-radius:4px;font-weight:bold;font-size:0.85em"">Vigilance</span><br>du 4 sept. 2026 au 31 déc. 2026<br><small>Zone : Zone de gestion Seine</small>",3 oct. 2026
6177111,Bassin du Bès2,40,Landes,SUP,vigilance,Vigilance,1,2026-10-03,2026-10-31,AP ACI ADOUR 2026-1275,"<b>Eaux de surface</b><br><span style=""background:#fff9bd;color:#333;padding:2px 7px;border-radius:4px;font-weight:bold;font-size:0.85em"">Vigilance</span><br>du 3 oct. 2026 au 31 oct. 2026<br><small>Zone : Bassin du Bès2</small>",3 oct. 2026
6181230,Moine - eaux superficielles,79,Deux-Sèvres,SUP,vigilance,Vigilance,1,2026-09-12,2026-10-31,20260911_AP_Sèvre Nantaise,"<b>Eaux de surface</b><br><span style=""background:#fff9bd;color:#333;padding:2px 7px;border-radius:4px;font-weight:bold;font-size:0.85em"">Vigilance</span><br>du 12 sept. 2026 au 31 oct. 2026<br><small>Zone : Moine - eaux superficielles</small>",3 oct. 2026
6180415,SAANE - VIENNE - SCIE - VARENNE - ARQUES,76,Seine-Maritime,SUP,vigilance,Vigilance,1,2026-06-04,2026-12-31,76_20260604_Toutes_zones_Vigilance_ESU_ESO,"<b>Eaux de surface</b><br><span style=""background:#fff9bd;color:#333;padding:2px 7px;border-radius:4px;font-weight:bold;font-size:0.85em"">Vigilance</span><br>du 4 juin 2026 au 31 déc. 2026<br><small>Zone : SAANE - VIENNE - SCIE - VARENNE - ARQUES</small>",3 oct. 2026
6180423,ETRETAT - YPORT - POINTE DE CAUX - CAUX SEINE - COMMERCE - EMBOUCHURE SEINE,76,Seine-Maritime,SUP,vigilance,Vigilance,1,2026-06-04,2026-12-31,76_20260604_Toutes_zones_Vigilance_ESU_ESO,"<b>Eaux de surface</b><br><span style=""background:#fff9bd;color:#333;padding:2px 7px;border-radius:4px;font-weight:bold;font-size:0.85em"">Vigilance</span><br>du 4 juin 2026 au 31 déc. 2026<br><small>Zone : ETRETAT - YPORT - POINTE DE CAUX - CAUX SEINE - COMMERCE - EMBOUCHURE SEINE</small>",3 oct. 2026
6177137,Aflluents Loire aval,41,Loir-et-Cher,SUP,vigilance,Vigilance,1,2026-09-25,,41-2026-09-24-00004,"<b>Eaux de surface</b><br><span style=""background:#fff9bd;color:#333;padding:2px 7px;border-radius:4px;font-weight:bold;font-size:0.85em"">Vigilance</span><br>depuis le 25 sept. 2026<br><small>Zone : Aflluents Loire aval</small>",3 oct. 2026
6180419,AUSTRBERTHE - VAL DES NOYERS - VALLEE DE LA SEINE,76,Seine-Maritime,SUP,vigilance,Vigilance,1,2026-06-04,2026-12-31,76_20260604_Toutes_zones_Vigilance_ESU_ESO,"<b>Eaux de surface</b><br><span style=""background:#fff9bd;color:#333;padding:2px 7px;border-radius:4px;font-weight:bold;font-size:0.85em"">Vigilance</span><br>du 4 juin 2026 au 31 déc. 2026<br><small>Zone : AUSTRBERTHE - VAL DES NOYERS - VALLEE DE LA SEINE</small>",3 oct. 2026
6173681,Zone stockée de Saint Cassien,06,Alpes-Maritimes,SUP,vigilance,Vigilance,1,2026-09-30,2026-10-31,AP 2026-134,"<b>Eaux de surface</b><br><span style=""background:#fff9bd;color:#333;padding:2px 7px;border-radius:4px;font-weight:bold;font-size:0.85em"">Vigilance</span><br>du 30 sept. 2026 au 31 oct. 2026<br><small>Zone : Zone stockée de Saint Cassien</small>",3 oct. 2026
6175720,Bassin versant de l’Hérault aval de la confluence avec la Lergue jusqu’à l’embouchure,34,Hérault,SUP,vigilance,Vigilance,1,2026-09-24,2026-10-31,DDTM34-2026-09-17516,"<b>Eaux de surface</b><br><span style=""background:#fff9bd;color:#333;padding:2px 7px;border-radius:4px;font-weight:bold;font-size:0.85em"">Vigilance</span><br>du 24 sept. 2026 au 31 oct. 2026<br><small>Zone : Bassin versant de l’Hérault aval de la confluence avec la Lergue jusqu’à l’embouchure</small>",3 oct. 2026
6175727,"Axe Lez soutenu, de sa source à son embouchure",34,Hérault,SUP,vigilance,Vigilance,1,2026-09-24,2026-10-31,DDTM34-2026-09-17516,"<b>Eaux de surface</b><br><span style=""background:#fff9bd;color:#333;padding:2px 7px;border-radius:4px;font-weight:bold;font-size:0.85em"">Vigilance</span><br>du 24 sept. 2026 au 31 oct. 2026<br><small>Zone : Axe Lez soutenu, de sa source à son embouchure</small>",3 oct. 2026
6175731,Bassin versant de la Lergue,34,Hérault,SUP,vigilance,Vigilance,1,2026-09-24,2026-10-31,DDTM34-2026-09-17516,"<b>Eaux de surface</b><br><span style=""background:#fff9bd;color:#333;padding:2px 7px;border-radius:4px;font-weight:bold;font-size:0.85em"">Vigilance</span><br>du 24 sept. 2026 au 31 oct. 2026<br><small>Zone : Bassin versant de la Lergue</small>",3 oct. 2026
6177132,Bassin des Mauves,41,Loir-et-Cher,SUP,vigilance,Vigilance,1,2026-09-25,,41-2026-09-24-00004,"<b>Eaux de surface</b><br><span style=""background:#fff9bd;color:#333;padding:2px 7px;border-radius:4px;font-weight:bold;font-size:0.85em"">Vigilance</span><br>depuis le 25 sept. 2026<br><small>Zone : Bassin des Mauves</small>",3 oct. 2026
6175743,Axe Orb soutenu à l’aval du barrage des Monts d’Orb jusqu'à Réals,34,Hérault,SUP,vigilance,Vigilance,1,2026-09-24,2026-10-31,DDTM34-2026-09-17516,"<b>Eaux de surface</b><br><span style=""background:#fff9bd;color:#333;padding:2px 7px;border-radius:4px;font-weight:bold;font-size:0.85em"">Vigilance</span><br>du 24 sept. 2026 au 31 oct. 2026<br><small>Zone : Axe Orb soutenu à l’aval du barrage des Monts d’Orb jusqu'à Réals</small>",3 oct. 2026
6175746,Zone karstique centre Hérault - Orb,34,Hérault,SUP,vigilance,Vigilance,1,2026-09-24,2026-10-31,DDTM34-2026-09-17516,"<b>Eaux de surface</b><br><span style=""background:#fff9bd;color:#333;padding:2px 7px;border-radius:4px;font-weight:bold;font-size:0.85em"">Vigilance</span><br>du 24 sept. 2026 au 31 oct. 2026<br><small>Zone : Zone karstique centre Hérault - Orb</small>",3 oct. 2026
6172713,Serre,02,Aisne,SUP,vigilance,Vigilance,1,2026-08-26,,ENV/PE/2026/046,"<b>Eaux de surface</b><br><span style=""background:#fff9bd;color:#333;padding:2px 7px;border-radius:4px;font-weight:bold;font-size:0.85em"">Vigilance</span><br>depuis le 26 août 2026<br><small>Zone : Serre</small>",3 oct. 2026
6172702,Automne,02,Aisne,SUP,vigilance,Vigilance,1,2026-08-26,,ENV/PE/2026/046,"<b>Eaux de surface</b><br><span style=""background:#fff9bd;color:#333;padding:2px 7px;border-radius:4px;font-weight:bold;font-size:0.85em"">Vigilance</span><br>depuis le 26 août 2026<br><small>Zone : Automne</small>",3 oct. 2026
6173656,Saint Cassien,06,Alpes-Maritimes,SUP,vigilance,Vigilance,1,2026-09-30,2026-10-31,AP 2026-134,"<b>Eaux de surface</b><br><span style=""background:#fff9bd;color:#333;padding:2px 7px;border-radius:4px;font-weight:bold;font-size:0.85em"">Vigilance</span><br>du 30 sept. 2026 au 31 oct. 2026<br><small>Zone : Saint Cassien</small>",3 oct. 2026
6173664,Bassin versant du Var central,06,Alpes-Maritimes,SUP,vigilance,Vigilance,1,2026-09-30,2026-10-31,AP 2026-134,"<b>Eaux de surface</b><br><span style=""background:#fff9bd;color:#333;padding:2px 7px;border-radius:4px;font-weight:bold;font-size:0.85em"">Vigilance</span><br>du 30 sept. 2026 au 31 oct. 2026<br><small>Zone : Bassin versant du Var central</small>",3 oct. 2026
6180425,DURDENT - DUN - VEULES - VALMONT - GANZEVILLE,76,Seine-Maritime,SUP,vigilance,Vigilance,1,2026-06-04,2026-12-31,76_20260604_Toutes_zones_Vigilance_ESU_ESO,"<b>Eaux de surface</b><br><span style=""background:#fff9bd;color:#333;padding:2px 7px;border-radius:4px;font-weight:bold;font-size:0.85em"">Vigilance</span><br>du 4 juin 2026 au 31 déc. 2026<br><small>Zone : DURDENT - DUN - VEULES - VALMONT - GANZEVILLE</small>",3 oct. 2026
6177150,Bassin du Loir amont,41,Loir-et-Cher,SUP,vigilance,Vigilance,1,2026-09-25,,41-2026-09-24-00004,"<b>Eaux de surface</b><br><span style=""background:#fff9bd;color:#333;padding:2px 7px;border-radius:4px;font-weight:bold;font-size:0.85em"">Vigilance</span><br>depuis le 25 sept. 2026<br><small>Zone : Bassin du Loir amont</small>",3 oct. 2026
6180422,CAILLY - AUBETTE - ROBEC - VALLEE DE LA SEINE,76,Seine-Maritime,SUP,vigilance,Vigilance,1,2026-06-04,2026-12-31,76_20260604_Toutes_zones_Vigilance_ESU_ESO,"<b>Eaux de surface</b><br><span style=""background:#fff9bd;color:#333;padding:2px 7px;border-radius:4px;font-weight:bold;font-size:0.85em"">Vigilance</span><br>du 4 juin 2026 au 31 déc. 2026<br><small>Zone : CAILLY - AUBETTE - ROBEC - VALLEE DE LA SEINE</small>",3 oct. 2026
6173659,Bassin versant du Var amont,06,Alpes-Maritimes,SUP,vigilance,Vigilance,1,2026-09-30,2026-10-31,AP 2026-134,"<b>Eaux de surface</b><br><span style=""background:#fff9bd;color:#333;padding:2px 7px;border-radius:4px;font-weight:bold;font-size:0.85em"">Vigilance</span><br>du 30 sept. 2026 au 31 oct. 2026<br><small>Zone : Bassin versant du Var amont</small>",3 oct. 2026
6177183,Fleuve Rhône,42,Loire,SUP,vigilance,Vigilance,1,2026-09-14,2026-10-31,DT-42-26-0606,"<b>Eaux de surface</b><br><span style=""background:#fff9bd;color:#333;padding:2px 7px;border-radius:4px;font-weight:bold;font-size:0.85em"">Vigilance</span><br>du 14 sept. 2026 au 31 oct. 2026<br><small>Zone : Fleuve Rhône</small>",3 oct. 2026
6177090,Bassin de la Douze (Douze8),40,Landes,SUP,vigilance,Vigilance,1,2026-10-03,2026-10-31,AP ACI ADOUR 2026-1275,"<b>Eaux de surface</b><br><span style=""background:#fff9bd;color:#333;padding:2px 7px;border-radius:4px;font-weight:bold;font-size:0.85em"">Vigilance</span><br>du 3 oct. 2026 au 31 oct. 2026<br><small>Zone : Bassin de la Douze (Douze8)</small>",3 oct. 2026
6181236,BASSIN DE LA NIEVRE-HALLUE,80,Somme,SUP,vigilance,Vigilance,1,2026-08-21,,Vigi-Authie-Nièvre_Alerte-TsSecteurs_AR-Maye,"<b>Eaux de surface</b><br><span style=""background:#fff9bd;color:#333;padding:2px 7px;border-radius:4px;font-weight:bold;font-size:0.85em"">Vigilance</span><br>depuis le 21 août 2026<br><small>Zone : BASSIN DE LA NIEVRE-HALLUE</small>",3 oct. 2026
6181239,BASSIN DE L AUTHIE,80,Somme,SUP,vigilance,Vigilance,1,2026-08-21,,Vigi-Authie-Nièvre_Alerte-TsSecteurs_AR-Maye,"<b>Eaux de surface</b><br><span style=""background:#fff9bd;color:#333;padding:2px 7px;border-radius:4px;font-weight:bold;font-size:0.85em"">Vigilance</span><br>depuis le 21 août 2026<br><small>Zone : BASSIN DE L AUTHIE</small>",3 oct. 2026
6174724,Lot domanial amont,12,Aveyron,SUP,vigilance,Vigilance,1,2026-08-15,2026-10-31,MN-12-2026-10,"<b>Eaux de surface</b><br><span style=""background:#fff9bd;color:#333;padding:2px 7px;border-radius:4px;font-weight:bold;font-size:0.85em"">Vigilance</span><br>du 15 août 2026 au 31 oct. 2026<br><small>Zone : Lot domanial amont</small>",3 oct. 2026
6174690,Dourdou de Camares aval et Sorgues,12,Aveyron,SUP,vigilance,Vigilance,1,2026-08-15,2026-10-31,MN-12-2026-10,"<b>Eaux de surface</b><br><span style=""background:#fff9bd;color:#333;padding:2px 7px;border-radius:4px;font-weight:bold;font-size:0.85em"">Vigilance</span><br>du 15 août 2026 au 31 oct. 2026<br><small>Zone : Dourdou de Camares aval et Sorgues</small>",3 oct. 2026
6174736,Lot amont et Truyère,12,Aveyron,SUP,vigilance,Vigilance,1,2026-08-15,2026-10-31,MN-12-2026-10,"<b>Eaux de surface</b><br><span style=""background:#fff9bd;color:#333;padding:2px 7px;border-radius:4px;font-weight:bold;font-size:0.85em"">Vigilance</span><br>du 15 août 2026 au 31 oct. 2026<br><small>Zone : Lot amont et Truyère</small>",3 oct. 2026
6174739,Touloubre aval,13,Bouches-du-Rhône,SUP,vigilance,Vigilance,1,2026-09-25,2026-10-15,2026-535-SE,"<b>Eaux de surface</b><br><span style=""background:#fff9bd;color:#333;padding:2px 7px;border-radius:4px;font-weight:bold;font-size:0.85em"">Vigilance</span><br>du 25 sept. 2026 au 15 oct. 2026<br><small>Zone : Touloubre aval</small>",3 oct. 2026
6174742,Touloubre amont,13,Bouches-du-Rhône,SUP,vigilance,Vigilance,1,2026-09-25,2026-10-15,2026-535-SE,"<b>Eaux de surface</b><br><span style=""background:#fff9bd;color:#333;padding:2px 7px;border-radius:4px;font-weight:bold;font-size:0.85em"">Vigilance</span><br>du 25 sept. 2026 au 15 oct. 2026<br><small>Zone : Touloubre amont</small>",3 oct. 2026
6174743,Crau Alpilles,13,Bouches-du-Rhône,SUP,vigilance,Vigilance,1,2026-09-25,2026-10-15,2026-535-SE,"<b>Eaux de surface</b><br><span style=""background:#fff9bd;color:#333;padding:2px 7px;border-radius:4px;font-weight:bold;font-size:0.85em"">Vigilance</span><br>du 25 sept. 2026 au 15 oct. 2026<br><small>Zone : Crau Alpilles</small>",3 oct. 2026
6174745,Durance,13,Bouches-du-Rhône,SUP,vigilance,Vigilance,1,2026-09-25,2026-10-15,2026-535-SE,"<b>Eaux de surface</b><br><span style=""background:#fff9bd;color:#333;padding:2px 7px;border-radius:4px;font-weight:bold;font-size:0.85em"">Vigilance</span><br>du 25 sept. 2026 au 15 oct. 2026<br><small>Zone : Durance</small>",3 oct. 2026
6174752,Crau,13,Bouches-du-Rhône,SUP,vigilance,Vigilance,1,2026-09-25,2026-10-15,2026-535-SE,"<b>Eaux de surface</b><br><span style=""background:#fff9bd;color:#333;padding:2px 7px;border-radius:4px;font-weight:bold;font-size:0.85em"">Vigilance</span><br>du 25 sept. 2026 au 15 oct. 2026<br><small>Zone : Crau</small>",3 oct. 2026
6174756,Rhône Camargue,13,Bouches-du-Rhône,SUP,vigilance,Vigilance,1,2026-09-25,2026-10-15,2026-535-SE,"<b>Eaux de surface</b><br><span style=""background:#fff9bd;color:#333;padding:2px 7px;border-radius:4px;font-weight:bold;font-size:0.85em"">Vigilance</span><br>du 25 sept. 2026 au 15 oct. 2026<br><small>Zone : Rhône Camargue</small>",3 oct. 2026
6174757,Littoral,13,Bouches-du-Rhône,SUP,vigilance,Vigilance,1,2026-09-25,2026-10-15,2026-535-SE,"<b>Eaux de surface</b><br><span style=""background:#fff9bd;color:#333;padding:2px 7px;border-radius:4px;font-weight:bold;font-size:0.85em"">Vigilance</span><br>du 25 sept. 2026 au 15 oct. 2026<br><small>Zone : Littoral</small>",3 oct. 2026
6174774,Secteur Dives Amont - ESU,14,Calvados,SUP,vigilance,Vigilance,1,2026-09-11,2026-10-31,2026_06,"<b>Eaux de surface</b><br><span style=""background:#fff9bd;color:#333;padding:2px 7px;border-radius:4px;font-weight:bold;font-size:0.85em"">Vigilance</span><br>du 11 sept. 2026 au 31 oct. 2026<br><small>Zone : Secteur Dives Amont - ESU</small>",3 oct. 2026
6174777,Secteur Dives Aval - ESU,14,Calvados,SUP,vigilance,Vigilance,1,2026-09-11,2026-10-31,2026_06,"<b>Eaux de surface</b><br><span style=""background:#fff9bd;color:#333;padding:2px 7px;border-radius:4px;font-weight:bold;font-size:0.85em"">Vigilance</span><br>du 11 sept. 2026 au 31 oct. 2026<br><small>Zone : Secteur Dives Aval - ESU</small>",3 oct. 2026
6174800,Riviere_Lot,15,Cantal,SUP,vigilance,Vigilance,1,2026-10-03,2026-10-31,2026-215,"<b>Eaux de surface</b><br><span style=""background:#fff9bd;color:#333;padding:2px 7px;border-radius:4px;font-weight:bold;font-size:0.85em"">Vigilance</span><br>du 3 oct. 2026 au 31 oct. 2026<br><small>Zone : Riviere_Lot</small>",3 oct. 2026
6174855,OUGC Isle-Dronne /  Zone d'alerte : Le Voultron,16,Charente,SUP,vigilance,Vigilance,1,2026-10-03,2026-10-31,AP_Restrictions_BvDordogne_162026093000011,"<b>Eaux de surface</b><br><span style=""background:#fff9bd;color:#333;padding:2px 7px;border-radius:4px;font-weight:bold;font-size:0.85em"">Vigilance</span><br>du 3 oct. 2026 au 31 oct. 2026<br><small>Zone : OUGC Isle-Dronne /  Zone d'alerte : Le Voultron</small>",3 oct. 2026
6177295,Clery,45,Loiret,SUP,vigilance,Vigilance,1,2026-09-23,,DDT-SEEF-2026-210,"<b>Eaux de surface</b><br><span style=""background:#fff9bd;color:#333;padding:2px 7px;border-radius:4px;font-weight:bold;font-size:0.85em"">Vigilance</span><br>depuis le 23 sept. 2026<br><small>Zone : Clery</small>",3 oct. 2026
6177057,Bassin de la Midouze à Tartas,40,Landes,SUP,vigilance,Vigilance,1,2026-10-03,2026-10-31,AP ACI ADOUR 2026-1275,"<b>Eaux de surface</b><br><span style=""background:#fff9bd;color:#333;padding:2px 7px;border-radius:4px;font-weight:bold;font-size:0.85em"">Vigilance</span><br>du 3 oct. 2026 au 31 oct. 2026<br><small>Zone : Bassin de la Midouze à Tartas</small>",3 oct. 2026
6177058,Bassin de l'Estrigon2,40,Landes,SUP,vigilance,Vigilance,1,2026-10-03,2026-10-31,AP ACI ADOUR 2026-1275,"<b>Eaux de surface</b><br><span style=""background:#fff9bd;color:#333;padding:2px 7px;border-radius:4px;font-weight:bold;font-size:0.85em"">Vigilance</span><br>du 3 oct. 2026 au 31 oct. 2026<br><small>Zone : Bassin de l'Estrigon2</small>",3 oct. 2026
6177060,Bassin de Batanes,40,Landes,SUP,vigilance,Vigilance,1,2026-10-03,2026-10-31,AP ACI ADOUR 2026-1275,"<b>Eaux de surface</b><br><span style=""background:#fff9bd;color:#333;padding:2px 7px;border-radius:4px;font-weight:bold;font-size:0.85em"">Vigilance</span><br>du 3 oct. 2026 au 31 oct. 2026<br><small>Zone : Bassin de Batanes</small>",3 oct. 2026
6175612,Hers-Mort,31,Haute-Garonne,SUP,vigilance,Vigilance,1,2026-10-03,2026-10-31,Arrêté entrant en vigueur le 03/10/2026,"<b>Eaux de surface</b><br><span style=""background:#fff9bd;color:#333;padding:2px 7px;border-radius:4px;font-weight:bold;font-size:0.85em"">Vigilance</span><br>du 3 oct. 2026 au 31 oct. 2026<br><small>Zone : Hers-Mort</small>",3 oct. 2026
6175622,Touch amont,31,Haute-Garonne,SUP,vigilance,Vigilance,1,2026-10-03,2026-10-31,Arrêté entrant en vigueur le 03/10/2026,"<b>Eaux de surface</b><br><span style=""background:#fff9bd;color:#333;padding:2px 7px;border-radius:4px;font-weight:bold;font-size:0.85em"">Vigilance</span><br>du 3 oct. 2026 au 31 oct. 2026<br><small>Zone : Touch amont</small>",3 oct. 2026
6181845,Bassins de la Marne et de la Seine,92,Hauts-de-Seine,SUP,vigilance,Vigilance,1,2026-06-24,2026-10-31,2026-262,"<b>Eaux de surface</b><br><span style=""background:#fff9bd;color:#333;padding:2px 7px;border-radius:4px;font-weight:bold;font-size:0.85em"">Vigilance</span><br>du 24 juin 2026 au 31 oct. 2026<br><small>Zone : Bassins de la Marne et de la Seine</small>",3 oct. 2026
6181918,Bassins de la Marne et de la Seine,93,Seine-Saint-Denis,SUP,vigilance,Vigilance,1,2026-06-25,2026-10-31,2026-2734,"<b>Eaux de surface</b><br><span style=""background:#fff9bd;color:#333;padding:2px 7px;border-radius:4px;font-weight:bold;font-size:0.85em"">Vigilance</span><br>du 25 juin 2026 au 31 oct. 2026<br><small>Zone : Bassins de la Marne et de la Seine</small>",3 oct. 2026
6181821,Essonne-École – Beauce centrale – zone interconnectée agglomération parisienne,91,Essonne,SUP,vigilance,Vigilance,1,2026-08-08,2026-10-31,2026-324_essonne-ecole+10+26_esuo_vg_ph1,"<b>Eaux de surface</b><br><span style=""background:#fff9bd;color:#333;padding:2px 7px;border-radius:4px;font-weight:bold;font-size:0.85em"">Vigilance</span><br>du 8 août 2026 au 31 oct. 2026<br><small>Zone : Essonne-École – Beauce centrale – zone interconnectée agglomération parisienne</small>",3 oct. 2026
6177070,Bassin de la Douze (Douze9),40,Landes,SUP,vigilance,Vigilance,1,2026-10-03,2026-10-31,AP ACI ADOUR 2026-1275,"<b>Eaux de surface</b><br><span style=""background:#fff9bd;color:#333;padding:2px 7px;border-radius:4px;font-weight:bold;font-size:0.85em"">Vigilance</span><br>du 3 oct. 2026 au 31 oct. 2026<br><small>Zone : Bassin de la Douze (Douze9)</small>",3 oct. 2026
6175624,Girou réalimenté,31,Haute-Garonne,SUP,vigilance,Vigilance,1,2026-10-03,2026-10-31,Arrêté entrant en vigueur le 03/10/2026,"<b>Eaux de surface</b><br><span style=""background:#fff9bd;color:#333;padding:2px 7px;border-radius:4px;font-weight:bold;font-size:0.85em"">Vigilance</span><br>du 3 oct. 2026 au 31 oct. 2026<br><small>Zone : Girou réalimenté</small>",3 oct. 2026
6181815,Essonne-École & Seine essonnienne – Beauce centrale – zone interconnectée agglomération parisienne,91,Essonne,SUP,vigilance,Vigilance,1,2026-07-02,2026-10-31,2026-252_seine91+11+15+27+31_esuo_vg_ph1,"<b>Eaux de surface</b><br><span style=""background:#fff9bd;color:#333;padding:2px 7px;border-radius:4px;font-weight:bold;font-size:0.85em"">Vigilance</span><br>du 2 juil. 2026 au 31 oct. 2026<br><small>Zone : Essonne-École & Seine essonnienne – Beauce centrale – zone interconnectée agglomération parisienne</small>",3 oct. 2026
6181823,Seine essonnienne – nappe du Champigny – zone interconnectée agglomération parisienne,91,Essonne,SUP,vigilance,Vigilance,1,2026-08-01,2026-10-31,2026-252_seine91+16+32_esuo_vg_ph2,"<b>Eaux de surface</b><br><span style=""background:#fff9bd;color:#333;padding:2px 7px;border-radius:4px;font-weight:bold;font-size:0.85em"">Vigilance</span><br>du 1 août 2026 au 31 oct. 2026<br><small>Zone : Seine essonnienne – nappe du Champigny – zone interconnectée agglomération parisienne</small>",3 oct. 2026
6181842,Essonne-École – Beauce centrale,91,Essonne,SUP,vigilance,Vigilance,1,2026-08-08,2026-10-31,2026-324_essonne-ecole+12+28_esuo_vg_ph1,"<b>Eaux de surface</b><br><span style=""background:#fff9bd;color:#333;padding:2px 7px;border-radius:4px;font-weight:bold;font-size:0.85em"">Vigilance</span><br>du 8 août 2026 au 31 oct. 2026<br><small>Zone : Essonne-École – Beauce centrale</small>",3 oct. 2026
6177425,97_ZA47_l'Auzoue réalimenté,47,Lot-et-Garonne,SUP,vigilance,Vigilance,1,2026-10-03,2026-10-31,47-2026-10-01-00005,"<b>Eaux de surface</b><br><span style=""background:#fff9bd;color:#333;padding:2px 7px;border-radius:4px;font-weight:bold;font-size:0.85em"">Vigilance</span><br>du 3 oct. 2026 au 31 oct. 2026<br><small>Zone : 97_ZA47_l'Auzoue réalimenté</small>",3 oct. 2026
6181817,Seine essonnienne – Beauce centrale – zone interconnectée agglomération parisienne,91,Essonne,SUP,vigilance,Vigilance,1,2026-07-02,2026-10-31,2026-252_seine91+11+15+27+31_esuo_vg_ph1,"<b>Eaux de surface</b><br><span style=""background:#fff9bd;color:#333;padding:2px 7px;border-radius:4px;font-weight:bold;font-size:0.85em"">Vigilance</span><br>du 2 juil. 2026 au 31 oct. 2026<br><small>Zone : Seine essonnienne – Beauce centrale – zone interconnectée agglomération parisienne</small>",3 oct. 2026
6181838,Yvette-Bièvre – zone interconnectée agglomération parisienne,91,Essonne,SUP,vigilance,Vigilance,1,2026-07-18,2026-10-31,2026-272_yvette-bièvre+01+17_esuo_vg_ph1,"<b>Eaux de surface</b><br><span style=""background:#fff9bd;color:#333;padding:2px 7px;border-radius:4px;font-weight:bold;font-size:0.85em"">Vigilance</span><br>du 18 juil. 2026 au 31 oct. 2026<br><small>Zone : Yvette-Bièvre – zone interconnectée agglomération parisienne</small>",3 oct. 2026
6177416,97_ZA47_bassin versant de l'Auzoue,47,Lot-et-Garonne,SUP,vigilance,Vigilance,1,2026-10-03,2026-10-31,47-2026-10-01-00005,"<b>Eaux de surface</b><br><span style=""background:#fff9bd;color:#333;padding:2px 7px;border-radius:4px;font-weight:bold;font-size:0.85em"">Vigilance</span><br>du 3 oct. 2026 au 31 oct. 2026<br><small>Zone : 97_ZA47_bassin versant de l'Auzoue</small>",3 oct. 2026
6181426,Durance,83,Var,SUP,vigilance,Vigilance,1,2026-06-30,,DDTM/SEBIO/2026-134,"<b>Eaux de surface</b><br><span style=""background:#fff9bd;color:#333;padding:2px 7px;border-radius:4px;font-weight:bold;font-size:0.85em"">Vigilance</span><br>depuis le 30 juin 2026<br><small>Zone : Durance</small>",3 oct. 2026
6181429,Huveaune amont,83,Var,SUP,vigilance,Vigilance,1,2026-06-30,,DDTM/SEBIO/2026-134,"<b>Eaux de surface</b><br><span style=""background:#fff9bd;color:#333;padding:2px 7px;border-radius:4px;font-weight:bold;font-size:0.85em"">Vigilance</span><br>depuis le 30 juin 2026<br><small>Zone : Huveaune amont</small>",3 oct. 2026
6181432,Fleuves côtiers Ouest,83,Var,SUP,vigilance,Vigilance,1,2026-06-30,,DDTM/SEBIO/2026-134,"<b>Eaux de surface</b><br><span style=""background:#fff9bd;color:#333;padding:2px 7px;border-radius:4px;font-weight:bold;font-size:0.85em"">Vigilance</span><br>depuis le 30 juin 2026<br><small>Zone : Fleuves côtiers Ouest</small>",3 oct. 2026
6181434,Verdon,83,Var,SUP,vigilance,Vigilance,1,2026-06-30,,DDTM/SEBIO/2026-134,"<b>Eaux de surface</b><br><span style=""background:#fff9bd;color:#333;padding:2px 7px;border-radius:4px;font-weight:bold;font-size:0.85em"">Vigilance</span><br>depuis le 30 juin 2026<br><small>Zone : Verdon</small>",3 oct. 2026
6181481,Bassin de l'Ouvèze provençale,84,Vaucluse,SUP,vigilance,Vigilance,1,2026-07-28,2026-10-31,AIP-28 juillet 2026  VIGILANCE OUVEZE PROVENCAL,"<b>Eaux de surface</b><br><span style=""background:#fff9bd;color:#333;padding:2px 7px;border-radius:4px;font-weight:bold;font-size:0.85em"">Vigilance</span><br>du 28 juil. 2026 au 31 oct. 2026<br><small>Zone : Bassin de l'Ouvèze provençale</small>",3 oct. 2026
6177433,62_ZA47_La Masse d'Agen réalimentée,47,Lot-et-Garonne,SUP,vigilance,Vigilance,1,2026-10-03,2026-10-31,47-2026-10-01-00005,"<b>Eaux de surface</b><br><span style=""background:#fff9bd;color:#333;padding:2px 7px;border-radius:4px;font-weight:bold;font-size:0.85em"">Vigilance</span><br>du 3 oct. 2026 au 31 oct. 2026<br><small>Zone : 62_ZA47_La Masse d'Agen réalimentée</small>",3 oct. 2026
6181469,Bassin du Rhône,84,Vaucluse,SUP,vigilance,Vigilance,1,2026-09-24,2026-10-31,AP 23 SEPT 2026 VAUCLUSE,"<b>Eaux de surface</b><br><span style=""background:#fff9bd;color:#333;padding:2px 7px;border-radius:4px;font-weight:bold;font-size:0.85em"">Vigilance</span><br>du 24 sept. 2026 au 31 oct. 2026<br><small>Zone : Bassin du Rhône</small>",3 oct. 2026
6181470,Bassin de la Meyne,84,Vaucluse,SUP,vigilance,Vigilance,1,2026-09-24,2026-10-31,AP 23 SEPT 2026 VAUCLUSE,"<b>Eaux de surface</b><br><span style=""background:#fff9bd;color:#333;padding:2px 7px;border-radius:4px;font-weight:bold;font-size:0.85em"">Vigilance</span><br>du 24 sept. 2026 au 31 oct. 2026<br><small>Zone : Bassin de la Meyne</small>",3 oct. 2026
6177437,97_ZA47_bassin versant de la Gélise,47,Lot-et-Garonne,SUP,vigilance,Vigilance,1,2026-10-03,2026-10-31,47-2026-10-01-00005,"<b>Eaux de surface</b><br><span style=""background:#fff9bd;color:#333;padding:2px 7px;border-radius:4px;font-weight:bold;font-size:0.85em"">Vigilance</span><br>du 3 oct. 2026 au 31 oct. 2026<br><small>Zone : 97_ZA47_bassin versant de la Gélise</small>",3 oct. 2026
6177493,LATHAN,49,Maine-et-Loire,SUP,vigilance,Vigilance,1,2026-09-17,,DDT-SEEB-PPE-ETIAGE-49 n°2026-12,"<b>Eaux de surface</b><br><span style=""background:#fff9bd;color:#333;padding:2px 7px;border-radius:4px;font-weight:bold;font-size:0.85em"">Vigilance</span><br>depuis le 17 sept. 2026<br><small>Zone : LATHAN</small>",3 oct. 2026
6177524,MOINE,49,Maine-et-Loire,SUP,vigilance,Vigilance,1,2026-08-19,,DDt-SEEB-PPE-Etiage-Sèvre-Nantaise n°2026-07,"<b>Eaux de surface</b><br><span style=""background:#fff9bd;color:#333;padding:2px 7px;border-radius:4px;font-weight:bold;font-size:0.85em"">Vigilance</span><br>depuis le 19 août 2026<br><small>Zone : MOINE</small>",3 oct. 2026
6177557,Calcaires de Brie et de Champigny - SUP,51,Marne,SUP,vigilance,Vigilance,1,2026-08-29,2026-10-31,60-2026-SEC,"<b>Eaux de surface</b><br><span style=""background:#fff9bd;color:#333;padding:2px 7px;border-radius:4px;font-weight:bold;font-size:0.85em"">Vigilance</span><br>du 29 août 2026 au 31 oct. 2026<br><small>Zone : Calcaires de Brie et de Champigny - SUP</small>",3 oct. 2026
6181595,Bassin Charente,87,Haute-Vienne,SUP,vigilance,Vigilance,1,2026-07-10,2026-10-31,2026_03_CR_Bandiat-Tardoire_V_Charente,"<b>Eaux de surface</b><br><span style=""background:#fff9bd;color:#333;padding:2px 7px;border-radius:4px;font-weight:bold;font-size:0.85em"">Vigilance</span><br>du 10 juil. 2026 au 31 oct. 2026<br><small>Zone : Bassin Charente</small>",3 oct. 2026
6182000,Bassins de la Marne et de la Seine,94,Val-de-Marne,SUP,vigilance,Vigilance,1,2026-07-06,2026-10-31,2026/02562,"<b>Eaux de surface</b><br><span style=""background:#fff9bd;color:#333;padding:2px 7px;border-radius:4px;font-weight:bold;font-size:0.85em"">Vigilance</span><br>du 6 juil. 2026 au 31 oct. 2026<br><small>Zone : Bassins de la Marne et de la Seine</small>",3 oct. 2026
6179281,bassin de la Nonette et Thève,60,Oise,SUP,vigilance,Vigilance,1,2026-09-15,,DDT60 - 20260915,"<b>Eaux de surface</b><br><span style=""background:#fff9bd;color:#333;padding:2px 7px;border-radius:4px;font-weight:bold;font-size:0.85em"">Vigilance</span><br>depuis le 15 sept. 2026<br><small>Zone : bassin de la Nonette et Thève</small>",3 oct. 2026
6179987,HUISNE,61,Orne,SUP,vigilance,Vigilance,1,2026-09-17,2026-10-31,2350-26-00093,"<b>Eaux de surface</b><br><span style=""background:#fff9bd;color:#333;padding:2px 7px;border-radius:4px;font-weight:bold;font-size:0.85em"">Vigilance</span><br>du 17 sept. 2026 au 31 oct. 2026<br><small>Zone : HUISNE</small>",3 oct. 2026
6177083,Bassin de l’Adour à Dax,40,Landes,SUP,vigilance,Vigilance,1,2026-10-03,2026-10-31,AP ACI ADOUR 2026-1275,"<b>Eaux de surface</b><br><span style=""background:#fff9bd;color:#333;padding:2px 7px;border-radius:4px;font-weight:bold;font-size:0.85em"">Vigilance</span><br>du 3 oct. 2026 au 31 oct. 2026<br><small>Zone : Bassin de l’Adour à Dax</small>",3 oct. 2026
6177071,Bassin de Mont de Marsan (MDM1-40),40,Landes,SUP,vigilance,Vigilance,1,2026-10-03,2026-10-31,AP ACI ADOUR 2026-1275,"<b>Eaux de surface</b><br><span style=""background:#fff9bd;color:#333;padding:2px 7px;border-radius:4px;font-weight:bold;font-size:0.85em"">Vigilance</span><br>du 3 oct. 2026 au 31 oct. 2026<br><small>Zone : Bassin de Mont de Marsan (MDM1-40)</small>",3 oct. 2026
6180019,Bassin versant de l’Authie,62,Pas-de-Calais,SUP,vigilance,Vigilance,1,2026-08-15,2026-10-31,2026-08-14,"<b>Eaux de surface</b><br><span style=""background:#fff9bd;color:#333;padding:2px 7px;border-radius:4px;font-weight:bold;font-size:0.85em"">Vigilance</span><br>du 15 août 2026 au 31 oct. 2026<br><small>Zone : Bassin versant de l’Authie</small>",3 oct. 2026
6180022,Bassin versant de la Canche,62,Pas-de-Calais,SUP,vigilance,Vigilance,1,2026-08-15,2026-10-31,2026-08-14,"<b>Eaux de surface</b><br><span style=""background:#fff9bd;color:#333;padding:2px 7px;border-radius:4px;font-weight:bold;font-size:0.85em"">Vigilance</span><br>du 15 août 2026 au 31 oct. 2026<br><small>Zone : Bassin versant de la Canche</small>",3 oct. 2026
6180056,5 - Allier rive gauche amont,63,Puy-de-Dôme,SUP,vigilance,Vigilance,1,2026-10-01,2026-11-30,63-20261604,"<b>Eaux de surface</b><br><span style=""background:#fff9bd;color:#333;padding:2px 7px;border-radius:4px;font-weight:bold;font-size:0.85em"">Vigilance</span><br>du 1 oct. 2026 au 30 nov. 2026<br><small>Zone : 5 - Allier rive gauche amont</small>",3 oct. 2026
6180062,3 - Morge,63,Puy-de-Dôme,SUP,vigilance,Vigilance,1,2026-10-01,2026-11-30,63-20261604,"<b>Eaux de surface</b><br><span style=""background:#fff9bd;color:#333;padding:2px 7px;border-radius:4px;font-weight:bold;font-size:0.85em"">Vigilance</span><br>du 1 oct. 2026 au 30 nov. 2026<br><small>Zone : 3 - Morge</small>",3 oct. 2026
6180041,4 - Allier rive gauche moyen,63,Puy-de-Dôme,SUP,vigilance,Vigilance,1,2026-10-01,2026-11-30,63-20261604,"<b>Eaux de surface</b><br><span style=""background:#fff9bd;color:#333;padding:2px 7px;border-radius:4px;font-weight:bold;font-size:0.85em"">Vigilance</span><br>du 1 oct. 2026 au 30 nov. 2026<br><small>Zone : 4 - Allier rive gauche moyen</small>",3 oct. 2026
6180045,10 - Sioule aval,63,Puy-de-Dôme,SUP,vigilance,Vigilance,1,2026-10-01,2026-11-30,63-20261604,"<b>Eaux de surface</b><br><span style=""background:#fff9bd;color:#333;padding:2px 7px;border-radius:4px;font-weight:bold;font-size:0.85em"">Vigilance</span><br>du 1 oct. 2026 au 30 nov. 2026<br><small>Zone : 10 - Sioule aval</small>",3 oct. 2026
6180081,Bassin de l'Adour de transition,64,Pyrénées-Atlantiques,SUP,vigilance,Vigilance,1,2026-09-26,2026-10-31,AP-64-2026-09-25-00002-ZRE,"<b>Eaux de surface</b><br><span style=""background:#fff9bd;color:#333;padding:2px 7px;border-radius:4px;font-weight:bold;font-size:0.85em"">Vigilance</span><br>du 26 sept. 2026 au 31 oct. 2026<br><small>Zone : Bassin de l'Adour de transition</small>",3 oct. 2026
6177098,Bassin de la Douze (Douze6),40,Landes,SUP,vigilance,Vigilance,1,2026-10-03,2026-10-31,AP ACI ADOUR 2026-1275,"<b>Eaux de surface</b><br><span style=""background:#fff9bd;color:#333;padding:2px 7px;border-radius:4px;font-weight:bold;font-size:0.85em"">Vigilance</span><br>du 3 oct. 2026 au 31 oct. 2026<br><small>Zone : Bassin de la Douze (Douze6)</small>",3 oct. 2026
6176956,Bassin du Ciron-40,40,Landes,SUP,vigilance,Vigilance,1,2026-09-19,2026-10-31,AP ACD Landes 2026-1227,"<b>Eaux de surface</b><br><span style=""background:#fff9bd;color:#333;padding:2px 7px;border-radius:4px;font-weight:bold;font-size:0.85em"">Vigilance</span><br>du 19 sept. 2026 au 31 oct. 2026<br><small>Zone : Bassin du Ciron-40</small>",3 oct. 2026
6176968,Bassin AG4,40,Landes,SUP,vigilance,Vigilance,1,2026-09-19,2026-10-31,AP ACD Landes 2026-1227,"<b>Eaux de surface</b><br><span style=""background:#fff9bd;color:#333;padding:2px 7px;border-radius:4px;font-weight:bold;font-size:0.85em"">Vigilance</span><br>du 19 sept. 2026 au 31 oct. 2026<br><small>Zone : Bassin AG4</small>",3 oct. 2026
6176969,Bassin AG3,40,Landes,SUP,vigilance,Vigilance,1,2026-09-19,2026-10-31,AP ACD Landes 2026-1227,"<b>Eaux de surface</b><br><span style=""background:#fff9bd;color:#333;padding:2px 7px;border-radius:4px;font-weight:bold;font-size:0.85em"">Vigilance</span><br>du 19 sept. 2026 au 31 oct. 2026<br><small>Zone : Bassin AG3</small>",3 oct. 2026
6176971,Bassin AG6b,40,Landes,SUP,vigilance,Vigilance,1,2026-09-19,2026-10-31,AP ACD Landes 2026-1227,"<b>Eaux de surface</b><br><span style=""background:#fff9bd;color:#333;padding:2px 7px;border-radius:4px;font-weight:bold;font-size:0.85em"">Vigilance</span><br>du 19 sept. 2026 au 31 oct. 2026<br><small>Zone : Bassin AG6b</small>",3 oct. 2026
6176972,Bassin de la Leyre,40,Landes,SUP,vigilance,Vigilance,1,2026-09-19,2026-10-31,AP ACD Landes 2026-1227,"<b>Eaux de surface</b><br><span style=""background:#fff9bd;color:#333;padding:2px 7px;border-radius:4px;font-weight:bold;font-size:0.85em"">Vigilance</span><br>du 19 sept. 2026 au 31 oct. 2026<br><small>Zone : Bassin de la Leyre</small>",3 oct. 2026
6175414,OISON,27,Eure,SUP,vigilance,Vigilance,1,2026-09-14,2026-11-30,DDTM/SEBF/2026-283,"<b>Eaux de surface</b><br><span style=""background:#fff9bd;color:#333;padding:2px 7px;border-radius:4px;font-weight:bold;font-size:0.85em"">Vigilance</span><br>du 14 sept. 2026 au 30 nov. 2026<br><small>Zone : OISON</small>",3 oct. 2026
6175415,MARAIS VERNIER,27,Eure,SUP,vigilance,Vigilance,1,2026-09-14,2026-11-30,DDTM/SEBF/2026-283,"<b>Eaux de surface</b><br><span style=""background:#fff9bd;color:#333;padding:2px 7px;border-radius:4px;font-weight:bold;font-size:0.85em"">Vigilance</span><br>du 14 sept. 2026 au 30 nov. 2026<br><small>Zone : MARAIS VERNIER</small>",3 oct. 2026
6175427,EURE MOYENNE,27,Eure,SUP,vigilance,Vigilance,1,2026-09-14,2026-11-30,DDTM/SEBF/2026-283,"<b>Eaux de surface</b><br><span style=""background:#fff9bd;color:#333;padding:2px 7px;border-radius:4px;font-weight:bold;font-size:0.85em"">Vigilance</span><br>du 14 sept. 2026 au 30 nov. 2026<br><small>Zone : EURE MOYENNE</small>",3 oct. 2026
6175435,RISLE AVAL,27,Eure,SUP,vigilance,Vigilance,1,2026-09-14,2026-11-30,DDTM/SEBF/2026-283,"<b>Eaux de surface</b><br><span style=""background:#fff9bd;color:#333;padding:2px 7px;border-radius:4px;font-weight:bold;font-size:0.85em"">Vigilance</span><br>du 14 sept. 2026 au 30 nov. 2026<br><small>Zone : RISLE AVAL</small>",3 oct. 2026
6175440,AVRE AVAL,27,Eure,SUP,vigilance,Vigilance,1,2026-09-14,2026-11-30,DDTM/SEBF/2026-283,"<b>Eaux de surface</b><br><span style=""background:#fff9bd;color:#333;padding:2px 7px;border-radius:4px;font-weight:bold;font-size:0.85em"">Vigilance</span><br>du 14 sept. 2026 au 30 nov. 2026<br><small>Zone : AVRE AVAL</small>",3 oct. 2026
6175443,ANDELLE,27,Eure,SUP,vigilance,Vigilance,1,2026-09-14,2026-11-30,DDTM/SEBF/2026-283,"<b>Eaux de surface</b><br><span style=""background:#fff9bd;color:#333;padding:2px 7px;border-radius:4px;font-weight:bold;font-size:0.85em"">Vigilance</span><br>du 14 sept. 2026 au 30 nov. 2026<br><small>Zone : ANDELLE</small>",3 oct. 2026
6177081,Bassin de la Douze (Douze7),40,Landes,SUP,vigilance,Vigilance,1,2026-10-03,2026-10-31,AP ACI ADOUR 2026-1275,"<b>Eaux de surface</b><br><span style=""background:#fff9bd;color:#333;padding:2px 7px;border-radius:4px;font-weight:bold;font-size:0.85em"">Vigilance</span><br>du 3 oct. 2026 au 31 oct. 2026<br><small>Zone : Bassin de la Douze (Douze7)</small>",3 oct. 2026
6180126,Bassin de l'Adour maritime,64,Pyrénées-Atlantiques,SUP,vigilance,Vigilance,1,2026-07-17,2026-10-31,LET260703-Vigilance_ADOUR_MARITIME,"<b>Eaux de surface</b><br><span style=""background:#fff9bd;color:#333;padding:2px 7px;border-radius:4px;font-weight:bold;font-size:0.85em"">Vigilance</span><br>du 17 juil. 2026 au 31 oct. 2026<br><small>Zone : Bassin de l'Adour maritime</small>",3 oct. 2026
6180127,Bassin des Gaves réunis,64,Pyrénées-Atlantiques,SUP,vigilance,Vigilance,1,2026-08-12,2026-10-31,AP-64-2026-08-12-00002_Vigilance_Gaves_Reunis,"<b>Eaux de surface</b><br><span style=""background:#fff9bd;color:#333;padding:2px 7px;border-radius:4px;font-weight:bold;font-size:0.85em"">Vigilance</span><br>du 12 août 2026 au 31 oct. 2026<br><small>Zone : Bassin des Gaves réunis</small>",3 oct. 2026
6177102,Bassin du Geloux,40,Landes,SUP,vigilance,Vigilance,1,2026-10-03,2026-10-31,AP ACI ADOUR 2026-1275,"<b>Eaux de surface</b><br><span style=""background:#fff9bd;color:#333;padding:2px 7px;border-radius:4px;font-weight:bold;font-size:0.85em"">Vigilance</span><br>du 3 oct. 2026 au 31 oct. 2026<br><small>Zone : Bassin du Geloux</small>",3 oct. 2026
6177104,Adour réalimenté Amont Saint-Vincent-de-Paul,40,Landes,SUP,vigilance,Vigilance,1,2026-10-03,2026-10-31,AP ACI ADOUR 2026-1275,"<b>Eaux de surface</b><br><span style=""background:#fff9bd;color:#333;padding:2px 7px;border-radius:4px;font-weight:bold;font-size:0.85em"">Vigilance</span><br>du 3 oct. 2026 au 31 oct. 2026<br><small>Zone : Adour réalimenté Amont Saint-Vincent-de-Paul</small>",3 oct. 2026
6175369,Lizonne - Pude,24,Dordogne,SUP,vigilance,Vigilance,1,2026-10-03,2026-10-31,Arrêté n° DDT/SEER/2026-030,"<b>Eaux de surface</b><br><span style=""background:#fff9bd;color:#333;padding:2px 7px;border-radius:4px;font-weight:bold;font-size:0.85em"">Vigilance</span><br>du 3 oct. 2026 au 31 oct. 2026<br><small>Zone : Lizonne - Pude</small>",3 oct. 2026
6176978,Bassin des Gaves reunis-40,40,Landes,SUP,vigilance,Vigilance,1,2026-09-25,2026-10-31,AP ACI GAVES 2026-1247,"<b>Eaux de surface</b><br><span style=""background:#fff9bd;color:#333;padding:2px 7px;border-radius:4px;font-weight:bold;font-size:0.85em"">Vigilance</span><br>du 25 sept. 2026 au 31 oct. 2026<br><small>Zone : Bassin des Gaves reunis-40</small>",3 oct. 2026
6176987,Bassin de la Gélise non réalimenté,40,Landes,SUP,vigilance,Vigilance,1,2026-06-27,2026-10-31,AP ACI Neste 2026-908,"<b>Eaux de surface</b><br><span style=""background:#fff9bd;color:#333;padding:2px 7px;border-radius:4px;font-weight:bold;font-size:0.85em"">Vigilance</span><br>du 27 juin 2026 au 31 oct. 2026<br><small>Zone : Bassin de la Gélise non réalimenté</small>",3 oct. 2026
6176988,Gélise réalimentée-40,40,Landes,SUP,vigilance,Vigilance,1,2026-06-27,2026-10-31,AP ACI Neste 2026-908,"<b>Eaux de surface</b><br><span style=""background:#fff9bd;color:#333;padding:2px 7px;border-radius:4px;font-weight:bold;font-size:0.85em"">Vigilance</span><br>du 27 juin 2026 au 31 oct. 2026<br><small>Zone : Gélise réalimentée-40</small>",3 oct. 2026
6181141,Bassin du Lunain,77,Seine-et-Marne,SUP,vigilance,Vigilance,1,2026-09-29,,2026/DDT/SEPR/317,"<b>Eaux de surface</b><br><span style=""background:#fff9bd;color:#333;padding:2px 7px;border-radius:4px;font-weight:bold;font-size:0.85em"">Vigilance</span><br>depuis le 29 sept. 2026<br><small>Zone : Bassin du Lunain</small>",3 oct. 2026
6181142,Bassin de la Nonette,77,Seine-et-Marne,SUP,vigilance,Vigilance,1,2026-09-29,,2026/DDT/SEPR/317,"<b>Eaux de surface</b><br><span style=""background:#fff9bd;color:#333;padding:2px 7px;border-radius:4px;font-weight:bold;font-size:0.85em"">Vigilance</span><br>depuis le 29 sept. 2026<br><small>Zone : Bassin de la Nonette</small>",3 oct. 2026
6181148,Bassin de l'Essonne,77,Seine-et-Marne,SUP,vigilance,Vigilance,1,2026-09-29,,2026/DDT/SEPR/317,"<b>Eaux de surface</b><br><span style=""background:#fff9bd;color:#333;padding:2px 7px;border-radius:4px;font-weight:bold;font-size:0.85em"">Vigilance</span><br>depuis le 29 sept. 2026<br><small>Zone : Bassin de l'Essonne</small>",3 oct. 2026
6181151,Bassin de la Gondoire,77,Seine-et-Marne,SUP,vigilance,Vigilance,1,2026-09-29,,2026/DDT/SEPR/317,"<b>Eaux de surface</b><br><span style=""background:#fff9bd;color:#333;padding:2px 7px;border-radius:4px;font-weight:bold;font-size:0.85em"">Vigilance</span><br>depuis le 29 sept. 2026<br><small>Zone : Bassin de la Gondoire</small>",3 oct. 2026
6181152,Bassin de l'Ourcq,77,Seine-et-Marne,SUP,vigilance,Vigilance,1,2026-09-29,,2026/DDT/SEPR/317,"<b>Eaux de surface</b><br><span style=""background:#fff9bd;color:#333;padding:2px 7px;border-radius:4px;font-weight:bold;font-size:0.85em"">Vigilance</span><br>depuis le 29 sept. 2026<br><small>Zone : Bassin de l'Ourcq</small>",3 oct. 2026
6181153,Bassin de la Beuvronne,77,Seine-et-Marne,SUP,vigilance,Vigilance,1,2026-09-29,,2026/DDT/SEPR/317,"<b>Eaux de surface</b><br><span style=""background:#fff9bd;color:#333;padding:2px 7px;border-radius:4px;font-weight:bold;font-size:0.85em"">Vigilance</span><br>depuis le 29 sept. 2026<br><small>Zone : Bassin de la Beuvronne</small>",3 oct. 2026
6181155,Bassin de l'Auxence,77,Seine-et-Marne,SUP,vigilance,Vigilance,1,2026-09-29,,2026/DDT/SEPR/317,"<b>Eaux de surface</b><br><span style=""background:#fff9bd;color:#333;padding:2px 7px;border-radius:4px;font-weight:bold;font-size:0.85em"">Vigilance</span><br>depuis le 29 sept. 2026<br><small>Zone : Bassin de l'Auxence</small>",3 oct. 2026
6181156,Bassin de l'Ecole,77,Seine-et-Marne,SUP,vigilance,Vigilance,1,2026-09-29,,2026/DDT/SEPR/317,"<b>Eaux de surface</b><br><span style=""background:#fff9bd;color:#333;padding:2px 7px;border-radius:4px;font-weight:bold;font-size:0.85em"">Vigilance</span><br>depuis le 29 sept. 2026<br><small>Zone : Bassin de l'Ecole</small>",3 oct. 2026
6181157,Bassin de la Marne,77,Seine-et-Marne,SUP,vigilance,Vigilance,1,2026-09-29,,2026/DDT/SEPR/317,"<b>Eaux de surface</b><br><span style=""background:#fff9bd;color:#333;padding:2px 7px;border-radius:4px;font-weight:bold;font-size:0.85em"">Vigilance</span><br>depuis le 29 sept. 2026<br><small>Zone : Bassin de la Marne</small>",3 oct. 2026
6181158,Bassin de la Voulzie,77,Seine-et-Marne,SUP,vigilance,Vigilance,1,2026-09-29,,2026/DDT/SEPR/317,"<b>Eaux de surface</b><br><span style=""background:#fff9bd;color:#333;padding:2px 7px;border-radius:4px;font-weight:bold;font-size:0.85em"">Vigilance</span><br>depuis le 29 sept. 2026<br><small>Zone : Bassin de la Voulzie</small>",3 oct. 2026
6181159,Bassin du Loing,77,Seine-et-Marne,SUP,vigilance,Vigilance,1,2026-09-29,,2026/DDT/SEPR/317,"<b>Eaux de surface</b><br><span style=""background:#fff9bd;color:#333;padding:2px 7px;border-radius:4px;font-weight:bold;font-size:0.85em"">Vigilance</span><br>depuis le 29 sept. 2026<br><small>Zone : Bassin du Loing</small>",3 oct. 2026
6181162,Bassin de la Seine,77,Seine-et-Marne,SUP,vigilance,Vigilance,1,2026-09-29,,2026/DDT/SEPR/317,"<b>Eaux de surface</b><br><span style=""background:#fff9bd;color:#333;padding:2px 7px;border-radius:4px;font-weight:bold;font-size:0.85em"">Vigilance</span><br>depuis le 29 sept. 2026<br><small>Zone : Bassin de la Seine</small>",3 oct. 2026
6176990,Bassin de la Douze (Douze3-a-40),40,Landes,SUP,vigilance,Vigilance,1,2026-10-03,2026-10-31,AP ACI ADOUR 2026-1275,"<b>Eaux de surface</b><br><span style=""background:#fff9bd;color:#333;padding:2px 7px;border-radius:4px;font-weight:bold;font-size:0.85em"">Vigilance</span><br>du 3 oct. 2026 au 31 oct. 2026<br><small>Zone : Bassin de la Douze (Douze3-a-40)</small>",3 oct. 2026
6176188,Bassin de l'Ardillere,37,Indre-et-Loire,SUP,vigilance,Vigilance,1,2026-09-27,2026-10-31,Arrêté du 25 SEPTEMBRE 2026,"<b>Eaux de surface</b><br><span style=""background:#fff9bd;color:#333;padding:2px 7px;border-radius:4px;font-weight:bold;font-size:0.85em"">Vigilance</span><br>du 27 sept. 2026 au 31 oct. 2026<br><small>Zone : Bassin de l'Ardillere</small>",3 oct. 2026
6177118,Bassin de l'Estrigon3,40,Landes,SUP,vigilance,Vigilance,1,2026-10-03,2026-10-31,AP ACI ADOUR 2026-1275,"<b>Eaux de surface</b><br><span style=""background:#fff9bd;color:#333;padding:2px 7px;border-radius:4px;font-weight:bold;font-size:0.85em"">Vigilance</span><br>du 3 oct. 2026 au 31 oct. 2026<br><small>Zone : Bassin de l'Estrigon3</small>",3 oct. 2026
6176995,Bassin de la Douze (Douze4),40,Landes,SUP,vigilance,Vigilance,1,2026-10-03,2026-10-31,AP ACI ADOUR 2026-1275,"<b>Eaux de surface</b><br><span style=""background:#fff9bd;color:#333;padding:2px 7px;border-radius:4px;font-weight:bold;font-size:0.85em"">Vigilance</span><br>du 3 oct. 2026 au 31 oct. 2026<br><small>Zone : Bassin de la Douze (Douze4)</small>",3 oct. 2026
6180112,Bassin de la Bidassoa,64,Pyrénées-Atlantiques,SUP,vigilance,Vigilance,1,2026-07-17,2026-10-31,LET260701-Vigilance_BIDASSOA,"<b>Eaux de surface</b><br><span style=""background:#fff9bd;color:#333;padding:2px 7px;border-radius:4px;font-weight:bold;font-size:0.85em"">Vigilance</span><br>du 17 juil. 2026 au 31 oct. 2026<br><small>Zone : Bassin de la Bidassoa</small>",3 oct. 2026
6175401,Ouvèze provençale,26,Drôme,SUP,vigilance,Vigilance,1,2026-07-29,2026-10-31,Nº26-2026-07-27-00004-Ouveze,"<b>Eaux de surface</b><br><span style=""background:#fff9bd;color:#333;padding:2px 7px;border-radius:4px;font-weight:bold;font-size:0.85em"">Vigilance</span><br>du 29 juil. 2026 au 31 oct. 2026<br><small>Zone : Ouvèze provençale</small>",3 oct. 2026
6175418,AVRE MOYEN,27,Eure,SUP,vigilance,Vigilance,1,2026-09-14,2026-11-30,DDTM/SEBF/2026-283,"<b>Eaux de surface</b><br><span style=""background:#fff9bd;color:#333;padding:2px 7px;border-radius:4px;font-weight:bold;font-size:0.85em"">Vigilance</span><br>du 14 sept. 2026 au 30 nov. 2026<br><small>Zone : AVRE MOYEN</small>",3 oct. 2026
6175419,EURE AVAL,27,Eure,SUP,vigilance,Vigilance,1,2026-09-14,2026-11-30,DDTM/SEBF/2026-283,"<b>Eaux de surface</b><br><span style=""background:#fff9bd;color:#333;padding:2px 7px;border-radius:4px;font-weight:bold;font-size:0.85em"">Vigilance</span><br>du 14 sept. 2026 au 30 nov. 2026<br><small>Zone : EURE AVAL</small>",3 oct. 2026
6175422,CALONNE,27,Eure,SUP,vigilance,Vigilance,1,2026-09-14,2026-11-30,DDTM/SEBF/2026-283,"<b>Eaux de surface</b><br><span style=""background:#fff9bd;color:#333;padding:2px 7px;border-radius:4px;font-weight:bold;font-size:0.85em"">Vigilance</span><br>du 14 sept. 2026 au 30 nov. 2026<br><small>Zone : CALONNE</small>",3 oct. 2026
6175425,EPTE,27,Eure,SUP,vigilance,Vigilance,1,2026-09-14,2026-11-30,DDTM/SEBF/2026-283,"<b>Eaux de surface</b><br><span style=""background:#fff9bd;color:#333;padding:2px 7px;border-radius:4px;font-weight:bold;font-size:0.85em"">Vigilance</span><br>du 14 sept. 2026 au 30 nov. 2026<br><small>Zone : EPTE</small>",3 oct. 2026
6177121,Bassin Adour-transition AG7-40,40,Landes,SUP,vigilance,Vigilance,1,2026-10-03,2026-10-31,AP ACI ADOUR 2026-1275,"<b>Eaux de surface</b><br><span style=""background:#fff9bd;color:#333;padding:2px 7px;border-radius:4px;font-weight:bold;font-size:0.85em"">Vigilance</span><br>du 3 oct. 2026 au 31 oct. 2026<br><small>Zone : Bassin Adour-transition AG7-40</small>",3 oct. 2026
6180195,Têt amont,66,Pyrénées-Orientales,SUP,vigilance,Vigilance,1,2026-09-30,2026-11-30,DDTM-SER-2026-273-0001,"<b>Eaux de surface</b><br><span style=""background:#fff9bd;color:#333;padding:2px 7px;border-radius:4px;font-weight:bold;font-size:0.85em"">Vigilance</span><br>du 30 sept. 2026 au 30 nov. 2026<br><small>Zone : Têt amont</small>",3 oct. 2026
6180200,Têt aval,66,Pyrénées-Orientales,SUP,vigilance,Vigilance,1,2026-09-30,2026-11-30,DDTM-SER-2026-273-0001,"<b>Eaux de surface</b><br><span style=""background:#fff9bd;color:#333;padding:2px 7px;border-radius:4px;font-weight:bold;font-size:0.85em"">Vigilance</span><br>du 30 sept. 2026 au 30 nov. 2026<br><small>Zone : Têt aval</small>",3 oct. 2026
6173517,Bassin de la Sioule,03,Allier,SUP,vigilance,Vigilance,1,2026-08-29,2026-10-15,2043/2026,"<b>Eaux de surface</b><br><span style=""background:#fff9bd;color:#333;padding:2px 7px;border-radius:4px;font-weight:bold;font-size:0.85em"">Vigilance</span><br>du 29 août 2026 au 15 oct. 2026<br><small>Zone : Bassin de la Sioule</small>",3 oct. 2026
6176107,Bassin du ruisseau de Gaudeberts,37,Indre-et-Loire,SUP,vigilance,Vigilance,1,2026-09-27,2026-10-31,Arrêté du 25 SEPTEMBRE 2026,"<b>Eaux de surface</b><br><span style=""background:#fff9bd;color:#333;padding:2px 7px;border-radius:4px;font-weight:bold;font-size:0.85em"">Vigilance</span><br>du 27 sept. 2026 au 31 oct. 2026<br><small>Zone : Bassin du ruisseau de Gaudeberts</small>",3 oct. 2026
6176132,Bassin de la Vienne (Vn1),37,Indre-et-Loire,SUP,vigilance,Vigilance,1,2026-09-27,2026-10-31,Arrêté du 25 SEPTEMBRE 2026,"<b>Eaux de surface</b><br><span style=""background:#fff9bd;color:#333;padding:2px 7px;border-radius:4px;font-weight:bold;font-size:0.85em"">Vigilance</span><br>du 27 sept. 2026 au 31 oct. 2026<br><small>Zone : Bassin de la Vienne (Vn1)</small>",3 oct. 2026
6176160,Bassin de l'Escotais,37,Indre-et-Loire,SUP,vigilance,Vigilance,1,2026-09-27,2026-10-31,Arrêté du 25 SEPTEMBRE 2026,"<b>Eaux de surface</b><br><span style=""background:#fff9bd;color:#333;padding:2px 7px;border-radius:4px;font-weight:bold;font-size:0.85em"">Vigilance</span><br>du 27 sept. 2026 au 31 oct. 2026<br><small>Zone : Bassin de l'Escotais</small>",3 oct. 2026
6176162,Bassin de la Manse,37,Indre-et-Loire,SUP,vigilance,Vigilance,1,2026-09-27,2026-10-31,Arrêté du 25 SEPTEMBRE 2026,"<b>Eaux de surface</b><br><span style=""background:#fff9bd;color:#333;padding:2px 7px;border-radius:4px;font-weight:bold;font-size:0.85em"">Vigilance</span><br>du 27 sept. 2026 au 31 oct. 2026<br><small>Zone : Bassin de la Manse</small>",3 oct. 2026
6176168,Bassin du Loir (Lr1),37,Indre-et-Loire,SUP,vigilance,Vigilance,1,2026-09-27,2026-10-31,Arrêté du 25 SEPTEMBRE 2026,"<b>Eaux de surface</b><br><span style=""background:#fff9bd;color:#333;padding:2px 7px;border-radius:4px;font-weight:bold;font-size:0.85em"">Vigilance</span><br>du 27 sept. 2026 au 31 oct. 2026<br><small>Zone : Bassin du Loir (Lr1)</small>",3 oct. 2026
6176276,Est-Lyonnais,38,Isère,SUP,vigilance,Vigilance,1,2026-07-23,2026-10-31,38-2026-07-22-00001,"<b>Eaux de surface</b><br><span style=""background:#fff9bd;color:#333;padding:2px 7px;border-radius:4px;font-weight:bold;font-size:0.85em"">Vigilance</span><br>du 23 juil. 2026 au 31 oct. 2026<br><small>Zone : Est-Lyonnais</small>",3 oct. 2026
6177008,Bassin de l'Estrigon1,40,Landes,SUP,vigilance,Vigilance,1,2026-10-03,2026-10-31,AP ACI ADOUR 2026-1275,"<b>Eaux de surface</b><br><span style=""background:#fff9bd;color:#333;padding:2px 7px;border-radius:4px;font-weight:bold;font-size:0.85em"">Vigilance</span><br>du 3 oct. 2026 au 31 oct. 2026<br><small>Zone : Bassin de l'Estrigon1</small>",3 oct. 2026
6177016,Bassin de la Douze (Douze3-b),40,Landes,SUP,vigilance,Vigilance,1,2026-10-03,2026-10-31,AP ACI ADOUR 2026-1275,"<b>Eaux de surface</b><br><span style=""background:#fff9bd;color:#333;padding:2px 7px;border-radius:4px;font-weight:bold;font-size:0.85em"">Vigilance</span><br>du 3 oct. 2026 au 31 oct. 2026<br><small>Zone : Bassin de la Douze (Douze3-b)</small>",3 oct. 2026
6177017,Bassin de la Douze (Douze5),40,Landes,SUP,vigilance,Vigilance,1,2026-10-03,2026-10-31,AP ACI ADOUR 2026-1275,"<b>Eaux de surface</b><br><span style=""background:#fff9bd;color:#333;padding:2px 7px;border-radius:4px;font-weight:bold;font-size:0.85em"">Vigilance</span><br>du 3 oct. 2026 au 31 oct. 2026<br><small>Zone : Bassin de la Douze (Douze5)</small>",3 oct. 2026
6174579,Corridor Aube,10,Aube,SUP,vigilance,Vigilance,1,2026-09-26,2026-10-31,DDT/SEB/PREMA-2026268-0001,"<b>Eaux de surface</b><br><span style=""background:#fff9bd;color:#333;padding:2px 7px;border-radius:4px;font-weight:bold;font-size:0.85em"">Vigilance</span><br>du 26 sept. 2026 au 31 oct. 2026<br><small>Zone : Corridor Aube</small>",3 oct. 2026
6174585,Corridor Seine,10,Aube,SUP,vigilance,Vigilance,1,2026-09-26,2026-10-31,DDT/SEB/PREMA-2026268-0001,"<b>Eaux de surface</b><br><span style=""background:#fff9bd;color:#333;padding:2px 7px;border-radius:4px;font-weight:bold;font-size:0.85em"">Vigilance</span><br>du 26 sept. 2026 au 31 oct. 2026<br><small>Zone : Corridor Seine</small>",3 oct. 2026
6177029,Louts réalimenté Hagetmau,40,Landes,SUP,vigilance,Vigilance,1,2026-10-03,2026-10-31,AP ACI ADOUR 2026-1275,"<b>Eaux de surface</b><br><span style=""background:#fff9bd;color:#333;padding:2px 7px;border-radius:4px;font-weight:bold;font-size:0.85em"">Vigilance</span><br>du 3 oct. 2026 au 31 oct. 2026<br><small>Zone : Louts réalimenté Hagetmau</small>",3 oct. 2026
6177040,Bassin du Retjons,40,Landes,SUP,vigilance,Vigilance,1,2026-10-03,2026-10-31,AP ACI ADOUR 2026-1275,"<b>Eaux de surface</b><br><span style=""background:#fff9bd;color:#333;padding:2px 7px;border-radius:4px;font-weight:bold;font-size:0.85em"">Vigilance</span><br>du 3 oct. 2026 au 31 oct. 2026<br><small>Zone : Bassin du Retjons</small>",3 oct. 2026
6177041,Bassin du Bès1,40,Landes,SUP,vigilance,Vigilance,1,2026-10-03,2026-10-31,AP ACI ADOUR 2026-1275,"<b>Eaux de surface</b><br><span style=""background:#fff9bd;color:#333;padding:2px 7px;border-radius:4px;font-weight:bold;font-size:0.85em"">Vigilance</span><br>du 3 oct. 2026 au 31 oct. 2026<br><small>Zone : Bassin du Bès1</small>",3 oct. 2026
6177009,Bassin du Grauche,40,Landes,SUP,vigilance,Vigilance,1,2026-10-03,2026-10-31,AP ACI ADOUR 2026-1275,"<b>Eaux de surface</b><br><span style=""background:#fff9bd;color:#333;padding:2px 7px;border-radius:4px;font-weight:bold;font-size:0.85em"">Vigilance</span><br>du 3 oct. 2026 au 31 oct. 2026<br><small>Zone : Bassin du Grauche</small>",3 oct. 2026
6179263,bassin de l'Esches,60,Oise,SUP,vigilance,Vigilance,1,2026-09-15,,DDT60 - 20260915,"<b>Eaux de surface</b><br><span style=""background:#fff9bd;color:#333;padding:2px 7px;border-radius:4px;font-weight:bold;font-size:0.85em"">Vigilance</span><br>depuis le 15 sept. 2026<br><small>Zone : bassin de l'Esches</small>",3 oct. 2026
6179264,bassin du Matz,60,Oise,SUP,vigilance,Vigilance,1,2026-09-15,,DDT60 - 20260915,"<b>Eaux de surface</b><br><span style=""background:#fff9bd;color:#333;padding:2px 7px;border-radius:4px;font-weight:bold;font-size:0.85em"">Vigilance</span><br>depuis le 15 sept. 2026<br><small>Zone : bassin du Matz</small>",3 oct. 2026
6179278,bassin du Thérain,60,Oise,SUP,vigilance,Vigilance,1,2026-09-15,,DDT60 - 20260915,"<b>Eaux de surface</b><br><span style=""background:#fff9bd;color:#333;padding:2px 7px;border-radius:4px;font-weight:bold;font-size:0.85em"">Vigilance</span><br>depuis le 15 sept. 2026<br><small>Zone : bassin du Thérain</small>",3 oct. 2026
6179286,"bassin de l'Epte, Troesne et Viosne",60,Oise,SUP,vigilance,Vigilance,1,2026-09-15,,DDT60 - 20260915,"<b>Eaux de surface</b><br><span style=""background:#fff9bd;color:#333;padding:2px 7px;border-radius:4px;font-weight:bold;font-size:0.85em"">Vigilance</span><br>depuis le 15 sept. 2026<br><small>Zone : bassin de l'Epte, Troesne et Viosne</small>",3 oct. 2026
6176965,Bassin AG6a,40,Landes,SUP,vigilance,Vigilance,1,2026-09-19,2026-10-31,AP ACD Landes 2026-1227,"<b>Eaux de surface</b><br><span style=""background:#fff9bd;color:#333;padding:2px 7px;border-radius:4px;font-weight:bold;font-size:0.85em"">Vigilance</span><br>du 19 sept. 2026 au 31 oct. 2026<br><small>Zone : Bassin AG6a</small>",3 oct. 2026
6176975,Bassin Adour-maritime AG7-40,40,Landes,SUP,vigilance,Vigilance,1,2026-09-25,2026-10-31,AP ACI GAVES 2026-1247,"<b>Eaux de surface</b><br><span style=""background:#fff9bd;color:#333;padding:2px 7px;border-radius:4px;font-weight:bold;font-size:0.85em"">Vigilance</span><br>du 25 sept. 2026 au 31 oct. 2026<br><small>Zone : Bassin Adour-maritime AG7-40</small>",3 oct. 2026
6177032,Bassin de Saint-Vincent des Gaves,40,Landes,SUP,vigilance,Vigilance,1,2026-10-03,2026-10-31,AP ACI ADOUR 2026-1275,"<b>Eaux de surface</b><br><span style=""background:#fff9bd;color:#333;padding:2px 7px;border-radius:4px;font-weight:bold;font-size:0.85em"">Vigilance</span><br>du 3 oct. 2026 au 31 oct. 2026<br><small>Zone : Bassin de Saint-Vincent des Gaves</small>",3 oct. 2026
6176961,Bassin AG5,40,Landes,SUP,vigilance,Vigilance,1,2026-09-19,2026-10-31,AP ACD Landes 2026-1227,"<b>Eaux de surface</b><br><span style=""background:#fff9bd;color:#333;padding:2px 7px;border-radius:4px;font-weight:bold;font-size:0.85em"">Vigilance</span><br>du 19 sept. 2026 au 31 oct. 2026<br><small>Zone : Bassin AG5</small>",3 oct. 2026
6176992,Bassin de l’Adour à Pontonx,40,Landes,SUP,vigilance,Vigilance,1,2026-10-03,2026-10-31,AP ACI ADOUR 2026-1275,"<b>Eaux de surface</b><br><span style=""background:#fff9bd;color:#333;padding:2px 7px;border-radius:4px;font-weight:bold;font-size:0.85em"">Vigilance</span><br>du 3 oct. 2026 au 31 oct. 2026<br><small>Zone : Bassin de l’Adour à Pontonx</small>",3 oct. 2026
6176998,Bassin de l’Adour à St Vincent de Paul,40,Landes,SUP,vigilance,Vigilance,1,2026-10-03,2026-10-31,AP ACI ADOUR 2026-1275,"<b>Eaux de surface</b><br><span style=""background:#fff9bd;color:#333;padding:2px 7px;border-radius:4px;font-weight:bold;font-size:0.85em"">Vigilance</span><br>du 3 oct. 2026 au 31 oct. 2026<br><small>Zone : Bassin de l’Adour à St Vincent de Paul</small>",3 oct. 2026
6177004,Bassin de Campagne,40,Landes,SUP,vigilance,Vigilance,1,2026-10-03,2026-10-31,AP ACI ADOUR 2026-1275,"<b>Eaux de surface</b><br><span style=""background:#fff9bd;color:#333;padding:2px 7px;border-radius:4px;font-weight:bold;font-size:0.85em"">Vigilance</span><br>du 3 oct. 2026 au 31 oct. 2026<br><small>Zone : Bassin de Campagne</small>",3 oct. 2026
6177095,Adour Aval non réalimenté,40,Landes,SUP,vigilance,Vigilance,1,2026-10-03,2026-10-31,AP ACI ADOUR 2026-1275,"<b>Eaux de surface</b><br><span style=""background:#fff9bd;color:#333;padding:2px 7px;border-radius:4px;font-weight:bold;font-size:0.85em"">Vigilance</span><br>du 3 oct. 2026 au 31 oct. 2026<br><small>Zone : Adour Aval non réalimenté</small>",3 oct. 2026
6175687,ZA Garonne aval,33,Gironde,SUP,alerte,Alerte,2,2026-09-30,2026-10-31,SEN/2026/09/28-734,"<b>Eaux de surface</b><br><span style=""background:orange;color:#fff;padding:2px 7px;border-radius:4px;font-weight:bold;font-size:0.85em"">Alerte</span><br>du 30 sept. 2026 au 31 oct. 2026<br><small>Zone : ZA Garonne aval</small>",3 oct. 2026
6175688,ZA Isle aval,33,Gironde,SUP,alerte,Alerte,2,2026-09-30,2026-10-31,SEN/2026/09/28-734,"<b>Eaux de surface</b><br><span style=""background:orange;color:#fff;padding:2px 7px;border-radius:4px;font-weight:bold;font-size:0.85em"">Alerte</span><br>du 30 sept. 2026 au 31 oct. 2026<br><small>Zone : ZA Isle aval</small>",3 oct. 2026
6177105,Midou réalimenté Arthez,40,Landes,SUP,alerte,Alerte,2,2026-10-03,2026-10-31,AP ACI ADOUR 2026-1275,"<b>Eaux de surface</b><br><span style=""background:orange;color:#fff;padding:2px 7px;border-radius:4px;font-weight:bold;font-size:0.85em"">Alerte</span><br>du 3 oct. 2026 au 31 oct. 2026<br><small>Zone : Midou réalimenté Arthez</small>",3 oct. 2026
6177106,Bassin de Mont de Marsan (MDM3-40),40,Landes,SUP,alerte,Alerte,2,2026-10-03,2026-10-31,AP ACI ADOUR 2026-1275,"<b>Eaux de surface</b><br><span style=""background:orange;color:#fff;padding:2px 7px;border-radius:4px;font-weight:bold;font-size:0.85em"">Alerte</span><br>du 3 oct. 2026 au 31 oct. 2026<br><small>Zone : Bassin de Mont de Marsan (MDM3-40)</small>",3 oct. 2026
6181166,Zone Centre,78,Yvelines,SUP,alerte,Alerte,2,2026-09-19,2026-12-31,78-2026-09-18-0005,"<b>Eaux de surface</b><br><span style=""background:orange;color:#fff;padding:2px 7px;border-radius:4px;font-weight:bold;font-size:0.85em"">Alerte</span><br>du 19 sept. 2026 au 31 déc. 2026<br><small>Zone : Zone Centre</small>",3 oct. 2026
6181167,Zone Sud-Est,78,Yvelines,SUP,alerte,Alerte,2,2026-09-19,2026-12-31,78-2026-09-18-0005,"<b>Eaux de surface</b><br><span style=""background:orange;color:#fff;padding:2px 7px;border-radius:4px;font-weight:bold;font-size:0.85em"">Alerte</span><br>du 19 sept. 2026 au 31 déc. 2026<br><small>Zone : Zone Sud-Est</small>",3 oct. 2026
6181168,Zone Ouest,78,Yvelines,SUP,alerte,Alerte,2,2026-09-19,2026-12-31,78-2026-09-18-0005,"<b>Eaux de surface</b><br><span style=""background:orange;color:#fff;padding:2px 7px;border-radius:4px;font-weight:bold;font-size:0.85em"">Alerte</span><br>du 19 sept. 2026 au 31 déc. 2026<br><small>Zone : Zone Ouest</small>",3 oct. 2026
6175703,ZA Vignague,33,Gironde,SUP,alerte,Alerte,2,2026-09-30,2026-10-31,SEN/2026/09/28-734,"<b>Eaux de surface</b><br><span style=""background:orange;color:#fff;padding:2px 7px;border-radius:4px;font-weight:bold;font-size:0.85em"">Alerte</span><br>du 30 sept. 2026 au 31 oct. 2026<br><small>Zone : ZA Vignague</small>",3 oct. 2026
6172676,Rivières de Dombes,01,Ain,SUP,alerte,Alerte,2,2026-08-20,2026-10-31,2026-07,"<b>Eaux de surface</b><br><span style=""background:orange;color:#fff;padding:2px 7px;border-radius:4px;font-weight:bold;font-size:0.85em"">Alerte</span><br>du 20 août 2026 au 31 oct. 2026<br><small>Zone : Rivières de Dombes</small>",3 oct. 2026
6172683,Rivières de Bresse,01,Ain,SUP,alerte,Alerte,2,2026-08-20,2026-10-31,2026-07,"<b>Eaux de surface</b><br><span style=""background:orange;color:#fff;padding:2px 7px;border-radius:4px;font-weight:bold;font-size:0.85em"">Alerte</span><br>du 20 août 2026 au 31 oct. 2026<br><small>Zone : Rivières de Bresse</small>",3 oct. 2026
6174882,Bassin de la Seugne,17,Charente-Maritime,SUP,alerte,Alerte,2,2026-09-18,2026-10-31,26B599 Charente,"<b>Eaux de surface</b><br><span style=""background:orange;color:#fff;padding:2px 7px;border-radius:4px;font-weight:bold;font-size:0.85em"">Alerte</span><br>du 18 sept. 2026 au 31 oct. 2026<br><small>Zone : Bassin de la Seugne</small>",3 oct. 2026
6173563,Artuby-Jabron,04,Alpes-de-Haute-Provence,SUP,alerte,Alerte,2,2026-10-02,2026-10-31,2026-275-003,"<b>Eaux de surface</b><br><span style=""background:orange;color:#fff;padding:2px 7px;border-radius:4px;font-weight:bold;font-size:0.85em"">Alerte</span><br>du 2 oct. 2026 au 31 oct. 2026<br><small>Zone : Artuby-Jabron</small>",3 oct. 2026
6173623,Bassin A(E)ygues partie 05,05,Hautes-Alpes,SUP,alerte,Alerte,2,2026-08-11,2026-10-31,05-2026-08-11-00005,"<b>Eaux de surface</b><br><span style=""background:orange;color:#fff;padding:2px 7px;border-radius:4px;font-weight:bold;font-size:0.85em"">Alerte</span><br>du 11 août 2026 au 31 oct. 2026<br><small>Zone : Bassin A(E)ygues partie 05</small>",3 oct. 2026
6174894,Bassin de l'Arnoult,17,Charente-Maritime,SUP,alerte,Alerte,2,2026-09-18,2026-10-31,26B599 Charente,"<b>Eaux de surface</b><br><span style=""background:orange;color:#fff;padding:2px 7px;border-radius:4px;font-weight:bold;font-size:0.85em"">Alerte</span><br>du 18 sept. 2026 au 31 oct. 2026<br><small>Zone : Bassin de l'Arnoult</small>",3 oct. 2026
6173557,Nesque,04,Alpes-de-Haute-Provence,SUP,alerte,Alerte,2,2026-10-02,2026-10-31,2026-275-003,"<b>Eaux de surface</b><br><span style=""background:orange;color:#fff;padding:2px 7px;border-radius:4px;font-weight:bold;font-size:0.85em"">Alerte</span><br>du 2 oct. 2026 au 31 oct. 2026<br><small>Zone : Nesque</small>",3 oct. 2026
6173560,Vançon,04,Alpes-de-Haute-Provence,SUP,alerte,Alerte,2,2026-10-02,2026-10-31,2026-275-003,"<b>Eaux de surface</b><br><span style=""background:orange;color:#fff;padding:2px 7px;border-radius:4px;font-weight:bold;font-size:0.85em"">Alerte</span><br>du 2 oct. 2026 au 31 oct. 2026<br><small>Zone : Vançon</small>",3 oct. 2026
6173561,Colostre,04,Alpes-de-Haute-Provence,SUP,alerte,Alerte,2,2026-10-02,2026-10-31,2026-275-003,"<b>Eaux de surface</b><br><span style=""background:orange;color:#fff;padding:2px 7px;border-radius:4px;font-weight:bold;font-size:0.85em"">Alerte</span><br>du 2 oct. 2026 au 31 oct. 2026<br><small>Zone : Colostre</small>",3 oct. 2026
6180309,Veuve-Tusson,72,Sarthe,SUP,alerte,Alerte,2,2026-09-24,,AP n°13 du 22 09 2026,"<b>Eaux de surface</b><br><span style=""background:orange;color:#fff;padding:2px 7px;border-radius:4px;font-weight:bold;font-size:0.85em"">Alerte</span><br>depuis le 24 sept. 2026<br><small>Zone : Veuve-Tusson</small>",3 oct. 2026
6175473,VOISE,28,Eure-et-Loir,SUP,alerte,Alerte,2,2026-09-21,,AP_SGREB_2026_255_restrictions_usages_eau,"<b>Eaux de surface</b><br><span style=""background:orange;color:#fff;padding:2px 7px;border-radius:4px;font-weight:bold;font-size:0.85em"">Alerte</span><br>depuis le 21 sept. 2026<br><small>Zone : VOISE</small>",3 oct. 2026
6175477,BLAISE,28,Eure-et-Loir,SUP,alerte,Alerte,2,2026-09-21,,AP_SGREB_2026_255_restrictions_usages_eau,"<b>Eaux de surface</b><br><span style=""background:orange;color:#fff;padding:2px 7px;border-radius:4px;font-weight:bold;font-size:0.85em"">Alerte</span><br>depuis le 21 sept. 2026<br><small>Zone : BLAISE</small>",3 oct. 2026
6175478,EURE Moyen bas,28,Eure-et-Loir,SUP,alerte,Alerte,2,2026-09-21,,AP_SGREB_2026_255_restrictions_usages_eau,"<b>Eaux de surface</b><br><span style=""background:orange;color:#fff;padding:2px 7px;border-radius:4px;font-weight:bold;font-size:0.85em"">Alerte</span><br>depuis le 21 sept. 2026<br><small>Zone : EURE Moyen bas</small>",3 oct. 2026
6175479,EURE Amont,28,Eure-et-Loir,SUP,alerte,Alerte,2,2026-09-21,,AP_SGREB_2026_255_restrictions_usages_eau,"<b>Eaux de surface</b><br><span style=""background:orange;color:#fff;padding:2px 7px;border-radius:4px;font-weight:bold;font-size:0.85em"">Alerte</span><br>depuis le 21 sept. 2026<br><small>Zone : EURE Amont</small>",3 oct. 2026
6175481,CLOCHE,28,Eure-et-Loir,SUP,alerte,Alerte,2,2026-09-21,,AP_SGREB_2026_255_restrictions_usages_eau,"<b>Eaux de surface</b><br><span style=""background:orange;color:#fff;padding:2px 7px;border-radius:4px;font-weight:bold;font-size:0.85em"">Alerte</span><br>depuis le 21 sept. 2026<br><small>Zone : CLOCHE</small>",3 oct. 2026
6177601,bassin Sarthe amont,53,Mayenne,SUP,alerte,Alerte,2,2026-09-23,,AP_N°11_DDT53_22092026,"<b>Eaux de surface</b><br><span style=""background:orange;color:#fff;padding:2px 7px;border-radius:4px;font-weight:bold;font-size:0.85em"">Alerte</span><br>depuis le 23 sept. 2026<br><small>Zone : bassin Sarthe amont</small>",3 oct. 2026
6180359,Flon - Aiguebelette,73,Savoie,SUP,alerte,Alerte,2,2026-09-25,2026-10-30,2026-1220,"<b>Eaux de surface</b><br><span style=""background:orange;color:#fff;padding:2px 7px;border-radius:4px;font-weight:bold;font-size:0.85em"">Alerte</span><br>du 25 sept. 2026 au 30 oct. 2026<br><small>Zone : Flon - Aiguebelette</small>",3 oct. 2026
6180361,Beaufortain - Val d'Arly,73,Savoie,SUP,alerte,Alerte,2,2026-09-25,2026-10-30,2026-1220,"<b>Eaux de surface</b><br><span style=""background:orange;color:#fff;padding:2px 7px;border-radius:4px;font-weight:bold;font-size:0.85em"">Alerte</span><br>du 25 sept. 2026 au 30 oct. 2026<br><small>Zone : Beaufortain - Val d'Arly</small>",3 oct. 2026
6180365,Tarentaise,73,Savoie,SUP,alerte,Alerte,2,2026-09-25,2026-10-30,2026-1220,"<b>Eaux de surface</b><br><span style=""background:orange;color:#fff;padding:2px 7px;border-radius:4px;font-weight:bold;font-size:0.85em"">Alerte</span><br>du 25 sept. 2026 au 30 oct. 2026<br><small>Zone : Tarentaise</small>",3 oct. 2026
6180371,Maurienne,73,Savoie,SUP,alerte,Alerte,2,2026-09-25,2026-10-30,2026-1220,"<b>Eaux de surface</b><br><span style=""background:orange;color:#fff;padding:2px 7px;border-radius:4px;font-weight:bold;font-size:0.85em"">Alerte</span><br>du 25 sept. 2026 au 30 oct. 2026<br><small>Zone : Maurienne</small>",3 oct. 2026
6180391,Arve amont,74,Haute-Savoie,SUP,alerte,Alerte,2,2026-10-01,2026-10-31,DDT-2026-1171,"<b>Eaux de surface</b><br><span style=""background:orange;color:#fff;padding:2px 7px;border-radius:4px;font-weight:bold;font-size:0.85em"">Alerte</span><br>du 1 oct. 2026 au 31 oct. 2026<br><small>Zone : Arve amont</small>",3 oct. 2026
6180396,Genevois,74,Haute-Savoie,SUP,alerte,Alerte,2,2026-10-01,2026-10-31,DDT-2026-1171,"<b>Eaux de surface</b><br><span style=""background:orange;color:#fff;padding:2px 7px;border-radius:4px;font-weight:bold;font-size:0.85em"">Alerte</span><br>du 1 oct. 2026 au 31 oct. 2026<br><small>Zone : Genevois</small>",3 oct. 2026
6181622,Zone de gestion Yonne Aval,89,Yonne,SUP,alerte,Alerte,2,2026-09-04,2026-12-31,DDT/SEE/2026/0072,"<b>Eaux de surface</b><br><span style=""background:orange;color:#fff;padding:2px 7px;border-radius:4px;font-weight:bold;font-size:0.85em"">Alerte</span><br>du 4 sept. 2026 au 31 déc. 2026<br><small>Zone : Zone de gestion Yonne Aval</small>",3 oct. 2026
6181638,Zone de gestion Nord Yonne,89,Yonne,SUP,alerte,Alerte,2,2026-09-04,2026-12-31,DDT/SEE/2026/0072,"<b>Eaux de surface</b><br><span style=""background:orange;color:#fff;padding:2px 7px;border-radius:4px;font-weight:bold;font-size:0.85em"">Alerte</span><br>du 4 sept. 2026 au 31 déc. 2026<br><small>Zone : Zone de gestion Nord Yonne</small>",3 oct. 2026
6181190,Charente - eaux superficielles,79,Deux-Sèvres,SUP,alerte,Alerte,2,2026-09-19,2026-10-31,20260919_AP_Charente-Boutonne,"<b>Eaux de surface</b><br><span style=""background:orange;color:#fff;padding:2px 7px;border-radius:4px;font-weight:bold;font-size:0.85em"">Alerte</span><br>du 19 sept. 2026 au 31 oct. 2026<br><small>Zone : Charente - eaux superficielles</small>",3 oct. 2026
6175689,ZA Dronne aval,33,Gironde,SUP,alerte,Alerte,2,2026-09-30,2026-10-31,SEN/2026/09/28-734,"<b>Eaux de surface</b><br><span style=""background:orange;color:#fff;padding:2px 7px;border-radius:4px;font-weight:bold;font-size:0.85em"">Alerte</span><br>du 30 sept. 2026 au 31 oct. 2026<br><small>Zone : ZA Dronne aval</small>",3 oct. 2026
6175699,ZA Isle aval confluence,33,Gironde,SUP,alerte,Alerte,2,2026-09-30,2026-10-31,SEN/2026/09/28-734,"<b>Eaux de surface</b><br><span style=""background:orange;color:#fff;padding:2px 7px;border-radius:4px;font-weight:bold;font-size:0.85em"">Alerte</span><br>du 30 sept. 2026 au 31 oct. 2026<br><small>Zone : ZA Isle aval confluence</small>",3 oct. 2026
6172701,Oise Moyenne - Ailette,02,Aisne,SUP,alerte,Alerte,2,2026-08-26,,ENV/PE/2026/046,"<b>Eaux de surface</b><br><span style=""background:orange;color:#fff;padding:2px 7px;border-radius:4px;font-weight:bold;font-size:0.85em"">Alerte</span><br>depuis le 26 août 2026<br><small>Zone : Oise Moyenne - Ailette</small>",3 oct. 2026
6181224,Thouet Amont - eaux superficielles,79,Deux-Sèvres,SUP,alerte,Alerte,2,2026-09-12,2026-10-31,20260911_AP_TTA,"<b>Eaux de surface</b><br><span style=""background:orange;color:#fff;padding:2px 7px;border-radius:4px;font-weight:bold;font-size:0.85em"">Alerte</span><br>du 12 sept. 2026 au 31 oct. 2026<br><small>Zone : Thouet Amont - eaux superficielles</small>",3 oct. 2026
6181225,Thouet Aval - eaux superficielles,79,Deux-Sèvres,SUP,alerte,Alerte,2,2026-09-12,2026-10-31,20260911_AP_TTA,"<b>Eaux de surface</b><br><span style=""background:orange;color:#fff;padding:2px 7px;border-radius:4px;font-weight:bold;font-size:0.85em"">Alerte</span><br>du 12 sept. 2026 au 31 oct. 2026<br><small>Zone : Thouet Aval - eaux superficielles</small>",3 oct. 2026
6177142,Bassin de la Cisse,41,Loir-et-Cher,SUP,alerte,Alerte,2,2026-09-25,,41-2026-09-24-00004,"<b>Eaux de surface</b><br><span style=""background:orange;color:#fff;padding:2px 7px;border-radius:4px;font-weight:bold;font-size:0.85em"">Alerte</span><br>depuis le 25 sept. 2026<br><small>Zone : Bassin de la Cisse</small>",3 oct. 2026
6177143,Bassin de La Braye,41,Loir-et-Cher,SUP,alerte,Alerte,2,2026-09-25,,41-2026-09-24-00004,"<b>Eaux de surface</b><br><span style=""background:orange;color:#fff;padding:2px 7px;border-radius:4px;font-weight:bold;font-size:0.85em"">Alerte</span><br>depuis le 25 sept. 2026<br><small>Zone : Bassin de La Braye</small>",3 oct. 2026
6175714,Bassin versant de la lagune de l'étang de l'Or,34,Hérault,SUP,alerte,Alerte,2,2026-09-24,2026-10-31,DDTM34-2026-09-17516,"<b>Eaux de surface</b><br><span style=""background:orange;color:#fff;padding:2px 7px;border-radius:4px;font-weight:bold;font-size:0.85em"">Alerte</span><br>du 24 sept. 2026 au 31 oct. 2026<br><small>Zone : Bassin versant de la lagune de l'étang de l'Or</small>",3 oct. 2026
6175718,Bassin versant de l'Agout,34,Hérault,SUP,alerte,Alerte,2,2026-09-24,2026-10-31,DDTM34-2026-09-17516,"<b>Eaux de surface</b><br><span style=""background:orange;color:#fff;padding:2px 7px;border-radius:4px;font-weight:bold;font-size:0.85em"">Alerte</span><br>du 24 sept. 2026 au 31 oct. 2026<br><small>Zone : Bassin versant de l'Agout</small>",3 oct. 2026
6175725,Bassin versant du Lez et de la Mosson hors axe Lez soutenu,34,Hérault,SUP,alerte,Alerte,2,2026-09-24,2026-10-31,DDTM34-2026-09-17516,"<b>Eaux de surface</b><br><span style=""background:orange;color:#fff;padding:2px 7px;border-radius:4px;font-weight:bold;font-size:0.85em"">Alerte</span><br>du 24 sept. 2026 au 31 oct. 2026<br><small>Zone : Bassin versant du Lez et de la Mosson hors axe Lez soutenu</small>",3 oct. 2026
6175749,Bassin versant de l'Hérault amont de la confluence avec la Vis jusqu’à la confluence avec la Lergue,34,Hérault,SUP,alerte,Alerte,2,2026-09-24,2026-10-31,DDTM34-2026-09-17516,"<b>Eaux de surface</b><br><span style=""background:orange;color:#fff;padding:2px 7px;border-radius:4px;font-weight:bold;font-size:0.85em"">Alerte</span><br>du 24 sept. 2026 au 31 oct. 2026<br><small>Zone : Bassin versant de l'Hérault amont de la confluence avec la Vis jusqu’à la confluence avec la Lergue</small>",3 oct. 2026
6172693,Aisne Aval,02,Aisne,SUP,alerte,Alerte,2,2026-08-26,,ENV/PE/2026/046,"<b>Eaux de surface</b><br><span style=""background:orange;color:#fff;padding:2px 7px;border-radius:4px;font-weight:bold;font-size:0.85em"">Alerte</span><br>depuis le 26 août 2026<br><small>Zone : Aisne Aval</small>",3 oct. 2026
6172697,Marne,02,Aisne,SUP,alerte,Alerte,2,2026-08-26,,ENV/PE/2026/046,"<b>Eaux de surface</b><br><span style=""background:orange;color:#fff;padding:2px 7px;border-radius:4px;font-weight:bold;font-size:0.85em"">Alerte</span><br>depuis le 26 août 2026<br><small>Zone : Marne</small>",3 oct. 2026
6172699,Escaut,02,Aisne,SUP,alerte,Alerte,2,2026-08-26,,ENV/PE/2026/046,"<b>Eaux de surface</b><br><span style=""background:orange;color:#fff;padding:2px 7px;border-radius:4px;font-weight:bold;font-size:0.85em"">Alerte</span><br>depuis le 26 août 2026<br><small>Zone : Escaut</small>",3 oct. 2026
6172703,Aisne Amont,02,Aisne,SUP,alerte,Alerte,2,2026-08-26,,ENV/PE/2026/046,"<b>Eaux de surface</b><br><span style=""background:orange;color:#fff;padding:2px 7px;border-radius:4px;font-weight:bold;font-size:0.85em"">Alerte</span><br>depuis le 26 août 2026<br><small>Zone : Aisne Amont</small>",3 oct. 2026
6172704,Surmelin,02,Aisne,SUP,alerte,Alerte,2,2026-08-26,,ENV/PE/2026/046,"<b>Eaux de surface</b><br><span style=""background:orange;color:#fff;padding:2px 7px;border-radius:4px;font-weight:bold;font-size:0.85em"">Alerte</span><br>depuis le 26 août 2026<br><small>Zone : Surmelin</small>",3 oct. 2026
6172707,Ourcq,02,Aisne,SUP,alerte,Alerte,2,2026-08-26,,ENV/PE/2026/046,"<b>Eaux de surface</b><br><span style=""background:orange;color:#fff;padding:2px 7px;border-radius:4px;font-weight:bold;font-size:0.85em"">Alerte</span><br>depuis le 26 août 2026<br><small>Zone : Ourcq</small>",3 oct. 2026
6180426,BRAY,76,Seine-Maritime,SUP,alerte,Alerte,2,2026-07-20,2026-12-31,76_20260720_zone10_Alerte_ESU,"<b>Eaux de surface</b><br><span style=""background:orange;color:#fff;padding:2px 7px;border-radius:4px;font-weight:bold;font-size:0.85em"">Alerte</span><br>du 20 juil. 2026 au 31 déc. 2026<br><small>Zone : BRAY</small>",3 oct. 2026
6180429,YERES - AULNE,76,Seine-Maritime,SUP,alerte,Alerte,2,2026-08-20,2026-12-31,76_20260819_Zone2_Alerte_ESU,"<b>Eaux de surface</b><br><span style=""background:orange;color:#fff;padding:2px 7px;border-radius:4px;font-weight:bold;font-size:0.85em"">Alerte</span><br>du 20 août 2026 au 31 déc. 2026<br><small>Zone : YERES - AULNE</small>",3 oct. 2026
6173661,Bassin versant du Var aval,06,Alpes-Maritimes,SUP,alerte,Alerte,2,2026-09-30,2026-10-31,AP 2026-134,"<b>Eaux de surface</b><br><span style=""background:orange;color:#fff;padding:2px 7px;border-radius:4px;font-weight:bold;font-size:0.85em"">Alerte</span><br>du 30 sept. 2026 au 31 oct. 2026<br><small>Zone : Bassin versant du Var aval</small>",3 oct. 2026
6173646,Zone dépendant des bassins Roya aval et Vésubie,06,Alpes-Maritimes,SUP,alerte,Alerte,2,2026-09-30,2026-10-31,AP 2026-134,"<b>Eaux de surface</b><br><span style=""background:orange;color:#fff;padding:2px 7px;border-radius:4px;font-weight:bold;font-size:0.85em"">Alerte</span><br>du 30 sept. 2026 au 31 oct. 2026<br><small>Zone : Zone dépendant des bassins Roya aval et Vésubie</small>",3 oct. 2026
6173654,Bassin versant de l'Artuby,06,Alpes-Maritimes,SUP,alerte,Alerte,2,2026-09-30,2026-10-31,AP 2026-134,"<b>Eaux de surface</b><br><span style=""background:orange;color:#fff;padding:2px 7px;border-radius:4px;font-weight:bold;font-size:0.85em"">Alerte</span><br>du 30 sept. 2026 au 31 oct. 2026<br><small>Zone : Bassin versant de l'Artuby</small>",3 oct. 2026
6173674,Bassin versant de la Roya aval,06,Alpes-Maritimes,SUP,alerte,Alerte,2,2026-09-30,2026-10-31,AP 2026-134,"<b>Eaux de surface</b><br><span style=""background:orange;color:#fff;padding:2px 7px;border-radius:4px;font-weight:bold;font-size:0.85em"">Alerte</span><br>du 30 sept. 2026 au 31 oct. 2026<br><small>Zone : Bassin versant de la Roya aval</small>",3 oct. 2026
6173735,Ardèche,07,Ardèche,SUP,alerte,Alerte,2,2026-09-21,2026-10-31,07-2026-09-21-00005,"<b>Eaux de surface</b><br><span style=""background:orange;color:#fff;padding:2px 7px;border-radius:4px;font-weight:bold;font-size:0.85em"">Alerte</span><br>du 21 sept. 2026 au 31 oct. 2026<br><small>Zone : Ardèche</small>",3 oct. 2026
6181232,BASSIN DE LA BRESLE,80,Somme,SUP,alerte,Alerte,2,2026-08-21,,Vigi-Authie-Nièvre_Alerte-TsSecteurs_AR-Maye,"<b>Eaux de surface</b><br><span style=""background:orange;color:#fff;padding:2px 7px;border-radius:4px;font-weight:bold;font-size:0.85em"">Alerte</span><br>depuis le 21 août 2026<br><small>Zone : BASSIN DE LA BRESLE</small>",3 oct. 2026
6177063,Bassin de Mont de Marsan (MDM4-b-40),40,Landes,SUP,alerte,Alerte,2,2026-10-03,2026-10-31,AP ACI ADOUR 2026-1275,"<b>Eaux de surface</b><br><span style=""background:orange;color:#fff;padding:2px 7px;border-radius:4px;font-weight:bold;font-size:0.85em"">Alerte</span><br>du 3 oct. 2026 au 31 oct. 2026<br><small>Zone : Bassin de Mont de Marsan (MDM4-b-40)</small>",3 oct. 2026
6181233,BASSIN DE LA  SOMME-AVAL,80,Somme,SUP,alerte,Alerte,2,2026-08-21,,Vigi-Authie-Nièvre_Alerte-TsSecteurs_AR-Maye,"<b>Eaux de surface</b><br><span style=""background:orange;color:#fff;padding:2px 7px;border-radius:4px;font-weight:bold;font-size:0.85em"">Alerte</span><br>depuis le 21 août 2026<br><small>Zone : BASSIN DE LA  SOMME-AVAL</small>",3 oct. 2026
6181234,BASSIN DE LA  SOMME-AMONT,80,Somme,SUP,alerte,Alerte,2,2026-08-21,,Vigi-Authie-Nièvre_Alerte-TsSecteurs_AR-Maye,"<b>Eaux de surface</b><br><span style=""background:orange;color:#fff;padding:2px 7px;border-radius:4px;font-weight:bold;font-size:0.85em"">Alerte</span><br>depuis le 21 août 2026<br><small>Zone : BASSIN DE LA  SOMME-AMONT</small>",3 oct. 2026
6174691,Affluents rive gauche du Tarn médian,12,Aveyron,SUP,alerte,Alerte,2,2026-08-15,2026-10-31,MN-12-2026-10,"<b>Eaux de surface</b><br><span style=""background:orange;color:#fff;padding:2px 7px;border-radius:4px;font-weight:bold;font-size:0.85em"">Alerte</span><br>du 15 août 2026 au 31 oct. 2026<br><small>Zone : Affluents rive gauche du Tarn médian</small>",3 oct. 2026
6175539,Zone 3,2A,Corse-du-Sud,SUP,alerte,Alerte,2,2026-08-07,2026-10-31,2A-2026-08-07-00001,"<b>Eaux de surface</b><br><span style=""background:orange;color:#fff;padding:2px 7px;border-radius:4px;font-weight:bold;font-size:0.85em"">Alerte</span><br>du 7 août 2026 au 31 oct. 2026<br><small>Zone : Zone 3</small>",3 oct. 2026
6175545,Zone 5,2A,Corse-du-Sud,SUP,alerte,Alerte,2,2026-08-07,2026-10-31,2A-2026-08-07-00001,"<b>Eaux de surface</b><br><span style=""background:orange;color:#fff;padding:2px 7px;border-radius:4px;font-weight:bold;font-size:0.85em"">Alerte</span><br>du 7 août 2026 au 31 oct. 2026<br><small>Zone : Zone 5</small>",3 oct. 2026
6175546,Zone 4,2A,Corse-du-Sud,SUP,alerte,Alerte,2,2026-08-07,2026-10-31,2A-2026-08-07-00001,"<b>Eaux de surface</b><br><span style=""background:orange;color:#fff;padding:2px 7px;border-radius:4px;font-weight:bold;font-size:0.85em"">Alerte</span><br>du 7 août 2026 au 31 oct. 2026<br><small>Zone : Zone 4</small>",3 oct. 2026
6181237,BASSIN DE LAVRE,80,Somme,SUP,alerte,Alerte,2,2026-08-21,,Vigi-Authie-Nièvre_Alerte-TsSecteurs_AR-Maye,"<b>Eaux de surface</b><br><span style=""background:orange;color:#fff;padding:2px 7px;border-radius:4px;font-weight:bold;font-size:0.85em"">Alerte</span><br>depuis le 21 août 2026<br><small>Zone : BASSIN DE LAVRE</small>",3 oct. 2026
6181238,BASSIN DE L ANCRE,80,Somme,SUP,alerte,Alerte,2,2026-08-21,,Vigi-Authie-Nièvre_Alerte-TsSecteurs_AR-Maye,"<b>Eaux de surface</b><br><span style=""background:orange;color:#fff;padding:2px 7px;border-radius:4px;font-weight:bold;font-size:0.85em"">Alerte</span><br>depuis le 21 août 2026<br><small>Zone : BASSIN DE L ANCRE</small>",3 oct. 2026
6177046,Bassin de la Douze (Douze2-a-40),40,Landes,SUP,alerte,Alerte,2,2026-10-03,2026-10-31,AP ACI ADOUR 2026-1275,"<b>Eaux de surface</b><br><span style=""background:orange;color:#fff;padding:2px 7px;border-radius:4px;font-weight:bold;font-size:0.85em"">Alerte</span><br>du 3 oct. 2026 au 31 oct. 2026<br><small>Zone : Bassin de la Douze (Douze2-a-40)</small>",3 oct. 2026
6181240,BASSIN DE LA  SELLE,80,Somme,SUP,alerte,Alerte,2,2026-08-21,,Vigi-Authie-Nièvre_Alerte-TsSecteurs_AR-Maye,"<b>Eaux de surface</b><br><span style=""background:orange;color:#fff;padding:2px 7px;border-radius:4px;font-weight:bold;font-size:0.85em"">Alerte</span><br>depuis le 21 août 2026<br><small>Zone : BASSIN DE LA  SELLE</small>",3 oct. 2026
6174719,Tarn médian,12,Aveyron,SUP,alerte,Alerte,2,2026-08-15,2026-10-31,MN-12-2026-10,"<b>Eaux de surface</b><br><span style=""background:orange;color:#fff;padding:2px 7px;border-radius:4px;font-weight:bold;font-size:0.85em"">Alerte</span><br>du 15 août 2026 au 31 oct. 2026<br><small>Zone : Tarn médian</small>",3 oct. 2026
6174727,Basse vallée de l'Aveyron,12,Aveyron,SUP,alerte,Alerte,2,2026-08-15,2026-10-31,MN-12-2026-10,"<b>Eaux de surface</b><br><span style=""background:orange;color:#fff;padding:2px 7px;border-radius:4px;font-weight:bold;font-size:0.85em"">Alerte</span><br>du 15 août 2026 au 31 oct. 2026<br><small>Zone : Basse vallée de l'Aveyron</small>",3 oct. 2026
6174704,Arre,12,Aveyron,SUP,alerte,Alerte,2,2026-08-15,2026-10-31,MN-12-2026-10,"<b>Eaux de surface</b><br><span style=""background:orange;color:#fff;padding:2px 7px;border-radius:4px;font-weight:bold;font-size:0.85em"">Alerte</span><br>du 15 août 2026 au 31 oct. 2026<br><small>Zone : Arre</small>",3 oct. 2026
6174741,Huveaune,13,Bouches-du-Rhône,SUP,alerte,Alerte,2,2026-09-25,2026-10-15,2026-535-SE,"<b>Eaux de surface</b><br><span style=""background:orange;color:#fff;padding:2px 7px;border-radius:4px;font-weight:bold;font-size:0.85em"">Alerte</span><br>du 25 sept. 2026 au 15 oct. 2026<br><small>Zone : Huveaune</small>",3 oct. 2026
6174780,Secteur Touques - ESU,14,Calvados,SUP,alerte,Alerte,2,2026-09-11,2026-10-31,2026_06,"<b>Eaux de surface</b><br><span style=""background:orange;color:#fff;padding:2px 7px;border-radius:4px;font-weight:bold;font-size:0.85em"">Alerte</span><br>du 11 sept. 2026 au 31 oct. 2026<br><small>Zone : Secteur Touques - ESU</small>",3 oct. 2026
6174858,OUGC Isle-Dronne /  Zone d'alerte : La Dronne,16,Charente,SUP,alerte,Alerte,2,2026-10-03,2026-10-31,AP_Restrictions_BvDordogne_162026093000011,"<b>Eaux de surface</b><br><span style=""background:orange;color:#fff;padding:2px 7px;border-radius:4px;font-weight:bold;font-size:0.85em"">Alerte</span><br>du 3 oct. 2026 au 31 oct. 2026<br><small>Zone : OUGC Isle-Dronne /  Zone d'alerte : La Dronne</small>",3 oct. 2026
6177255,Bassin de la Moine,44,Loire-Atlantique,SUP,alerte,Alerte,2,2026-09-24,2026-10-31,2026/SEE/0217,"<b>Eaux de surface</b><br><span style=""background:orange;color:#fff;padding:2px 7px;border-radius:4px;font-weight:bold;font-size:0.85em"">Alerte</span><br>du 24 sept. 2026 au 31 oct. 2026<br><small>Zone : Bassin de la Moine</small>",3 oct. 2026
6177263,Bassin de l'Erdre Amont,44,Loire-Atlantique,SUP,alerte,Alerte,2,2026-09-24,2026-10-31,2026/SEE/0217,"<b>Eaux de surface</b><br><span style=""background:orange;color:#fff;padding:2px 7px;border-radius:4px;font-weight:bold;font-size:0.85em"">Alerte</span><br>du 24 sept. 2026 au 31 oct. 2026<br><small>Zone : Bassin de l'Erdre Amont</small>",3 oct. 2026
6177265,Zone 6b - Lac de Grand-Lieu,44,Loire-Atlantique,SUP,alerte,Alerte,2,2026-09-24,2026-10-31,2026/SEE/0217,"<b>Eaux de surface</b><br><span style=""background:orange;color:#fff;padding:2px 7px;border-radius:4px;font-weight:bold;font-size:0.85em"">Alerte</span><br>du 24 sept. 2026 au 31 oct. 2026<br><small>Zone : Zone 6b - Lac de Grand-Lieu</small>",3 oct. 2026
6174846,OUGC Saintonge /  Zone d'alerte : Seugne,16,Charente,SUP,alerte,Alerte,2,2026-09-24,2026-10-31,AP_Restrictions_BvCharente_162026092300002,"<b>Eaux de surface</b><br><span style=""background:orange;color:#fff;padding:2px 7px;border-radius:4px;font-weight:bold;font-size:0.85em"">Alerte</span><br>du 24 sept. 2026 au 31 oct. 2026<br><small>Zone : OUGC Saintonge /  Zone d'alerte : Seugne</small>",3 oct. 2026
6181317,Le Tarn moyen du Rance à la confluence avec l’Agout,81,Tarn,SUP,alerte,Alerte,2,2026-10-03,2026-10-31,261002,"<b>Eaux de surface</b><br><span style=""background:orange;color:#fff;padding:2px 7px;border-radius:4px;font-weight:bold;font-size:0.85em"">Alerte</span><br>du 3 oct. 2026 au 31 oct. 2026<br><small>Zone : Le Tarn moyen du Rance à la confluence avec l’Agout</small>",3 oct. 2026
6177281,Essonne,45,Loiret,SUP,alerte,Alerte,2,2026-09-23,,DDT-SEEF-2026-210,"<b>Eaux de surface</b><br><span style=""background:orange;color:#fff;padding:2px 7px;border-radius:4px;font-weight:bold;font-size:0.85em"">Alerte</span><br>depuis le 23 sept. 2026<br><small>Zone : Essonne</small>",3 oct. 2026
6174837,OUGC Cogesteau /  Zone d'alerte : Bief,16,Charente,SUP,alerte,Alerte,2,2026-09-24,2026-10-31,AP_Restrictions_BvCharente_162026092300002,"<b>Eaux de surface</b><br><span style=""background:orange;color:#fff;padding:2px 7px;border-radius:4px;font-weight:bold;font-size:0.85em"">Alerte</span><br>du 24 sept. 2026 au 31 oct. 2026<br><small>Zone : OUGC Cogesteau /  Zone d'alerte : Bief</small>",3 oct. 2026
6174839,OUGC Karst /  Zone d'alerte : Échelle-Lèche,16,Charente,SUP,alerte,Alerte,2,2026-09-24,2026-10-31,AP_Restrictions_BvCharente_162026092300002,"<b>Eaux de surface</b><br><span style=""background:orange;color:#fff;padding:2px 7px;border-radius:4px;font-weight:bold;font-size:0.85em"">Alerte</span><br>du 24 sept. 2026 au 31 oct. 2026<br><small>Zone : OUGC Karst /  Zone d'alerte : Échelle-Lèche</small>",3 oct. 2026
6174848,OUGC Cogesteau /  Zone d'alerte : Charente-Amont,16,Charente,SUP,alerte,Alerte,2,2026-09-24,2026-10-31,AP_Restrictions_BvCharente_162026092300002,"<b>Eaux de surface</b><br><span style=""background:orange;color:#fff;padding:2px 7px;border-radius:4px;font-weight:bold;font-size:0.85em"">Alerte</span><br>du 24 sept. 2026 au 31 oct. 2026<br><small>Zone : OUGC Cogesteau /  Zone d'alerte : Charente-Amont</small>",3 oct. 2026
6177312,Betz,45,Loiret,SUP,alerte,Alerte,2,2026-09-23,,DDT-SEEF-2026-210,"<b>Eaux de surface</b><br><span style=""background:orange;color:#fff;padding:2px 7px;border-radius:4px;font-weight:bold;font-size:0.85em"">Alerte</span><br>depuis le 23 sept. 2026<br><small>Zone : Betz</small>",3 oct. 2026
6177313,Loire-aval,45,Loiret,SUP,alerte,Alerte,2,2026-09-23,,DDT-SEEF-2026-210,"<b>Eaux de surface</b><br><span style=""background:orange;color:#fff;padding:2px 7px;border-radius:4px;font-weight:bold;font-size:0.85em"">Alerte</span><br>depuis le 23 sept. 2026<br><small>Zone : Loire-aval</small>",3 oct. 2026
6177316,Notreure,45,Loiret,SUP,alerte,Alerte,2,2026-09-23,,DDT-SEEF-2026-210,"<b>Eaux de surface</b><br><span style=""background:orange;color:#fff;padding:2px 7px;border-radius:4px;font-weight:bold;font-size:0.85em"">Alerte</span><br>depuis le 23 sept. 2026<br><small>Zone : Notreure</small>",3 oct. 2026
6177272,Loing aval,45,Loiret,SUP,alerte,Alerte,2,2026-09-23,,DDT-SEEF-2026-210,"<b>Eaux de surface</b><br><span style=""background:orange;color:#fff;padding:2px 7px;border-radius:4px;font-weight:bold;font-size:0.85em"">Alerte</span><br>depuis le 23 sept. 2026<br><small>Zone : Loing aval</small>",3 oct. 2026
6181290,Le Thoré aval de l’Arn à la confluence avec l’Agout et l’Arn en aval des Saints-Peyres,81,Tarn,SUP,alerte,Alerte,2,2026-10-03,2026-10-31,261002,"<b>Eaux de surface</b><br><span style=""background:orange;color:#fff;padding:2px 7px;border-radius:4px;font-weight:bold;font-size:0.85em"">Alerte</span><br>du 3 oct. 2026 au 31 oct. 2026<br><small>Zone : Le Thoré aval de l’Arn à la confluence avec l’Agout et l’Arn en aval des Saints-Peyres</small>",3 oct. 2026
6181295,L'Agout moyen de la Raviège à la confluence avec le Thoré,81,Tarn,SUP,alerte,Alerte,2,2026-10-03,2026-10-31,261002,"<b>Eaux de surface</b><br><span style=""background:orange;color:#fff;padding:2px 7px;border-radius:4px;font-weight:bold;font-size:0.85em"">Alerte</span><br>du 3 oct. 2026 au 31 oct. 2026<br><small>Zone : L'Agout moyen de la Raviège à la confluence avec le Thoré</small>",3 oct. 2026
6181308,L'Agout aval du Thoré à la confluence avec le Tarn,81,Tarn,SUP,alerte,Alerte,2,2026-10-03,2026-10-31,261002,"<b>Eaux de surface</b><br><span style=""background:orange;color:#fff;padding:2px 7px;border-radius:4px;font-weight:bold;font-size:0.85em"">Alerte</span><br>du 3 oct. 2026 au 31 oct. 2026<br><small>Zone : L'Agout aval du Thoré à la confluence avec le Tarn</small>",3 oct. 2026
6181320,Le Dadou aval de Rassisse à la confluence avec l’Agout,81,Tarn,SUP,alerte,Alerte,2,2026-10-03,2026-10-31,261002,"<b>Eaux de surface</b><br><span style=""background:orange;color:#fff;padding:2px 7px;border-radius:4px;font-weight:bold;font-size:0.85em"">Alerte</span><br>du 3 oct. 2026 au 31 oct. 2026<br><small>Zone : Le Dadou aval de Rassisse à la confluence avec l’Agout</small>",3 oct. 2026
6181303,Le Tarn aval de l’Agout à la confluence avec la Garonne,81,Tarn,SUP,alerte,Alerte,2,2026-10-03,2026-10-31,261002,"<b>Eaux de surface</b><br><span style=""background:orange;color:#fff;padding:2px 7px;border-radius:4px;font-weight:bold;font-size:0.85em"">Alerte</span><br>du 3 oct. 2026 au 31 oct. 2026<br><small>Zone : Le Tarn aval de l’Agout à la confluence avec la Garonne</small>",3 oct. 2026
6181327,L'Agout amont de sa source à la Raviège et ses affluents,81,Tarn,SUP,alerte,Alerte,2,2026-10-03,2026-10-31,261002,"<b>Eaux de surface</b><br><span style=""background:orange;color:#fff;padding:2px 7px;border-radius:4px;font-weight:bold;font-size:0.85em"">Alerte</span><br>du 3 oct. 2026 au 31 oct. 2026<br><small>Zone : L'Agout amont de sa source à la Raviège et ses affluents</small>",3 oct. 2026
6177311,Ouanne,45,Loiret,SUP,alerte,Alerte,2,2026-09-23,,DDT-SEEF-2026-210,"<b>Eaux de surface</b><br><span style=""background:orange;color:#fff;padding:2px 7px;border-radius:4px;font-weight:bold;font-size:0.85em"">Alerte</span><br>depuis le 23 sept. 2026<br><small>Zone : Ouanne</small>",3 oct. 2026
6174860,Marais Vendée,17,Charente-Maritime,SUP,alerte,Alerte,2,2026-09-18,2026-10-31,26EB600 Marais Poitevin,"<b>Eaux de surface</b><br><span style=""background:orange;color:#fff;padding:2px 7px;border-radius:4px;font-weight:bold;font-size:0.85em"">Alerte</span><br>du 18 sept. 2026 au 31 oct. 2026<br><small>Zone : Marais Vendée</small>",3 oct. 2026
6175572,Arre et Vis,30,Gard,SUP,alerte,Alerte,2,2026-08-21,2026-10-31,30-2026-08-21-00001,"<b>Eaux de surface</b><br><span style=""background:orange;color:#fff;padding:2px 7px;border-radius:4px;font-weight:bold;font-size:0.85em"">Alerte</span><br>du 21 août 2026 au 31 oct. 2026<br><small>Zone : Arre et Vis</small>",3 oct. 2026
6177366,La Thèze,46,Lot,SUP,alerte,Alerte,2,2026-10-03,2026-10-31,AP_E_2026_273,"<b>Eaux de surface</b><br><span style=""background:orange;color:#fff;padding:2px 7px;border-radius:4px;font-weight:bold;font-size:0.85em"">Alerte</span><br>du 3 oct. 2026 au 31 oct. 2026<br><small>Zone : La Thèze</small>",3 oct. 2026
6174896,Bassin de la Dronne aval,17,Charente-Maritime,SUP,alerte,Alerte,2,2026-10-03,2026-10-31,26EB631 Dordogne,"<b>Eaux de surface</b><br><span style=""background:orange;color:#fff;padding:2px 7px;border-radius:4px;font-weight:bold;font-size:0.85em"">Alerte</span><br>du 3 oct. 2026 au 31 oct. 2026<br><small>Zone : Bassin de la Dronne aval</small>",3 oct. 2026
6177690,"Lauter, Sauer, Moder et Zorn partie du département 57",57,Moselle,SUP,alerte,Alerte,2,2026-10-01,2026-10-31,2026-DDT/SABE/EAU N°89,"<b>Eaux de surface</b><br><span style=""background:orange;color:#fff;padding:2px 7px;border-radius:4px;font-weight:bold;font-size:0.85em"">Alerte</span><br>du 1 oct. 2026 au 31 oct. 2026<br><small>Zone : Lauter, Sauer, Moder et Zorn partie du département 57</small>",3 oct. 2026
6181336,Le Tarn médian de la confluence de la Jonte à la confluence avec le Rance,81,Tarn,SUP,alerte,Alerte,2,2026-10-03,2026-10-31,261002,"<b>Eaux de surface</b><br><span style=""background:orange;color:#fff;padding:2px 7px;border-radius:4px;font-weight:bold;font-size:0.85em"">Alerte</span><br>du 3 oct. 2026 au 31 oct. 2026<br><small>Zone : Le Tarn médian de la confluence de la Jonte à la confluence avec le Rance</small>",3 oct. 2026
6177689,Sarre partie du département 57,57,Moselle,SUP,alerte,Alerte,2,2026-10-01,2026-10-31,2026-DDT/SABE/EAU N°89,"<b>Eaux de surface</b><br><span style=""background:orange;color:#fff;padding:2px 7px;border-radius:4px;font-weight:bold;font-size:0.85em"">Alerte</span><br>du 1 oct. 2026 au 31 oct. 2026<br><small>Zone : Sarre partie du département 57</small>",3 oct. 2026
6181834,Orge-Rémarde - hors Beauce centrale – zone interconnectée agglomération parisienne,91,Essonne,SUP,alerte,Alerte,2,2026-09-12,2026-10-31,2026-372_orge-rémarde+02+03+18+19_esuo_al_ph1,"<b>Eaux de surface</b><br><span style=""background:orange;color:#fff;padding:2px 7px;border-radius:4px;font-weight:bold;font-size:0.85em"">Alerte</span><br>du 12 sept. 2026 au 31 oct. 2026<br><small>Zone : Orge-Rémarde - hors Beauce centrale – zone interconnectée agglomération parisienne</small>",3 oct. 2026
6181397,Zone 42 - GARONNE MEDIANE + NAC,82,Tarn-et-Garonne,SUP,alerte,Alerte,2,2026-09-12,,82-2026-09-11-00002,"<b>Eaux de surface</b><br><span style=""background:orange;color:#fff;padding:2px 7px;border-radius:4px;font-weight:bold;font-size:0.85em"">Alerte</span><br>depuis le 12 sept. 2026<br><small>Zone : Zone 42 - GARONNE MEDIANE + NAC</small>",3 oct. 2026
6175610,Tarn,31,Haute-Garonne,SUP,alerte,Alerte,2,2026-10-03,2026-10-31,Arrêté entrant en vigueur le 03/10/2026,"<b>Eaux de surface</b><br><span style=""background:orange;color:#fff;padding:2px 7px;border-radius:4px;font-weight:bold;font-size:0.85em"">Alerte</span><br>du 3 oct. 2026 au 31 oct. 2026<br><small>Zone : Tarn</small>",3 oct. 2026
6175675,Rivière Midour réalimentée par Charros,32,Gers,SUP,alerte,Alerte,2,2026-10-03,2026-10-31,32-2026-09-xx-0000x_MN_Adour,"<b>Eaux de surface</b><br><span style=""background:orange;color:#fff;padding:2px 7px;border-radius:4px;font-weight:bold;font-size:0.85em"">Alerte</span><br>du 3 oct. 2026 au 31 oct. 2026<br><small>Zone : Rivière Midour réalimentée par Charros</small>",3 oct. 2026
6181812,Orge-Rémarde – Beauce centrale,91,Essonne,SUP,alerte,Alerte,2,2026-09-12,2026-10-31,2026-372_orge-rémarde+07+23_esuo_al_ph1,"<b>Eaux de surface</b><br><span style=""background:orange;color:#fff;padding:2px 7px;border-radius:4px;font-weight:bold;font-size:0.85em"">Alerte</span><br>du 12 sept. 2026 au 31 oct. 2026<br><small>Zone : Orge-Rémarde – Beauce centrale</small>",3 oct. 2026
6181813,Orge-Rémarde – Beauce centrale – zone interconnectée agglomération parisienne,91,Essonne,SUP,alerte,Alerte,2,2026-09-12,2026-10-31,2026-372_orge-rémarde+06+22_esuo_al_ph1,"<b>Eaux de surface</b><br><span style=""background:orange;color:#fff;padding:2px 7px;border-radius:4px;font-weight:bold;font-size:0.85em"">Alerte</span><br>du 12 sept. 2026 au 31 oct. 2026<br><small>Zone : Orge-Rémarde – Beauce centrale – zone interconnectée agglomération parisienne</small>",3 oct. 2026
6181837,Orge-Rémarde - hors Beauce centrale,91,Essonne,SUP,alerte,Alerte,2,2026-09-12,2026-10-31,2026-372_orge-rémarde+04+20_esuo+aep_al_ph1,"<b>Eaux de surface</b><br><span style=""background:orange;color:#fff;padding:2px 7px;border-radius:4px;font-weight:bold;font-size:0.85em"">Alerte</span><br>du 12 sept. 2026 au 31 oct. 2026<br><small>Zone : Orge-Rémarde - hors Beauce centrale</small>",3 oct. 2026
6181829,Orge-Rémarde & Seine essonnienne – Beauce centrale – zone interconnectée agglomération parisienne,91,Essonne,SUP,alerte,Alerte,2,2026-09-12,2026-10-31,2026-372_orge-rémarde+08+24_esuo_al_ph1,"<b>Eaux de surface</b><br><span style=""background:orange;color:#fff;padding:2px 7px;border-radius:4px;font-weight:bold;font-size:0.85em"">Alerte</span><br>du 12 sept. 2026 au 31 oct. 2026<br><small>Zone : Orge-Rémarde & Seine essonnienne – Beauce centrale – zone interconnectée agglomération parisienne</small>",3 oct. 2026
6181831,Yvette-Bièvre & Orge-Rémarde – zone interconnectée agglomération parisienne,91,Essonne,SUP,alerte,Alerte,2,2026-09-12,2026-10-31,2026-372_orge-rémarde+02+03+18+19_esuo_al_ph1,"<b>Eaux de surface</b><br><span style=""background:orange;color:#fff;padding:2px 7px;border-radius:4px;font-weight:bold;font-size:0.85em"">Alerte</span><br>du 12 sept. 2026 au 31 oct. 2026<br><small>Zone : Yvette-Bièvre & Orge-Rémarde – zone interconnectée agglomération parisienne</small>",3 oct. 2026
6177401,61_ZA47_La Garonne 47 aval,47,Lot-et-Garonne,SUP,alerte,Alerte,2,2026-10-03,2026-10-31,47-2026-10-01-00005,"<b>Eaux de surface</b><br><span style=""background:orange;color:#fff;padding:2px 7px;border-radius:4px;font-weight:bold;font-size:0.85em"">Alerte</span><br>du 3 oct. 2026 au 31 oct. 2026<br><small>Zone : 61_ZA47_La Garonne 47 aval</small>",3 oct. 2026
6181828,Orge- Rémarde & Seine essonnienne – hors Beauce centrale – zone interconnectée agglo parisienne,91,Essonne,SUP,alerte,Alerte,2,2026-09-12,2026-10-31,2026-372_orge-rémarde+05+21_esuo_al_ph1,"<b>Eaux de surface</b><br><span style=""background:orange;color:#fff;padding:2px 7px;border-radius:4px;font-weight:bold;font-size:0.85em"">Alerte</span><br>du 12 sept. 2026 au 31 oct. 2026<br><small>Zone : Orge- Rémarde & Seine essonnienne – hors Beauce centrale – zone interconnectée agglo parisienne</small>",3 oct. 2026
6181391,Zone 43 - GARONNE AVAL + NAC,82,Tarn-et-Garonne,SUP,alerte,Alerte,2,2026-09-12,,82-2026-09-11-00002,"<b>Eaux de surface</b><br><span style=""background:orange;color:#fff;padding:2px 7px;border-radius:4px;font-weight:bold;font-size:0.85em"">Alerte</span><br>depuis le 12 sept. 2026<br><small>Zone : Zone 43 - GARONNE AVAL + NAC</small>",3 oct. 2026
6181435,Arturby-Jabron,83,Var,SUP,alerte,Alerte,2,2026-08-06,,DDTM/SEBIO/2026-178,"<b>Eaux de surface</b><br><span style=""background:orange;color:#fff;padding:2px 7px;border-radius:4px;font-weight:bold;font-size:0.85em"">Alerte</span><br>depuis le 6 août 2026<br><small>Zone : Arturby-Jabron</small>",3 oct. 2026
6181437,Argens,83,Var,SUP,alerte,Alerte,2,2026-07-24,, DDTM/SEBIO/2026-157,"<b>Eaux de surface</b><br><span style=""background:orange;color:#fff;padding:2px 7px;border-radius:4px;font-weight:bold;font-size:0.85em"">Alerte</span><br>depuis le 24 juil. 2026<br><small>Zone : Argens</small>",3 oct. 2026
6181446,Gapeau,83,Var,SUP,alerte,Alerte,2,2026-08-14,,DDTM/SEBIO/2026-175,"<b>Eaux de surface</b><br><span style=""background:orange;color:#fff;padding:2px 7px;border-radius:4px;font-weight:bold;font-size:0.85em"">Alerte</span><br>depuis le 14 août 2026<br><small>Zone : Gapeau</small>",3 oct. 2026
6181472,Bassin du Calavon Amont,84,Vaucluse,SUP,alerte,Alerte,2,2026-09-24,2026-10-31,AP 23 SEPT 2026 VAUCLUSE,"<b>Eaux de surface</b><br><span style=""background:orange;color:#fff;padding:2px 7px;border-radius:4px;font-weight:bold;font-size:0.85em"">Alerte</span><br>du 24 sept. 2026 au 31 oct. 2026<br><small>Zone : Bassin du Calavon Amont</small>",3 oct. 2026
6181475,Durance nappe d’accompagnement,84,Vaucluse,SUP,alerte,Alerte,2,2026-09-24,2026-10-31,AP 23 SEPT 2026 VAUCLUSE,"<b>Eaux de surface</b><br><span style=""background:orange;color:#fff;padding:2px 7px;border-radius:4px;font-weight:bold;font-size:0.85em"">Alerte</span><br>du 24 sept. 2026 au 31 oct. 2026<br><small>Zone : Durance nappe d’accompagnement</small>",3 oct. 2026
6181478,Bassin  de l'Æygues,84,Vaucluse,SUP,alerte,Alerte,2,2026-08-10,2026-10-31,AIP 10 AOUT 2026 - ALERTE AYGUES,"<b>Eaux de surface</b><br><span style=""background:orange;color:#fff;padding:2px 7px;border-radius:4px;font-weight:bold;font-size:0.85em"">Alerte</span><br>du 10 août 2026 au 31 oct. 2026<br><small>Zone : Bassin  de l'Æygues</small>",3 oct. 2026
6181460,Bassin du sud-ouest du Mont Ventoux,84,Vaucluse,SUP,alerte,Alerte,2,2026-09-24,2026-10-31,AP 23 SEPT 2026 VAUCLUSE,"<b>Eaux de surface</b><br><span style=""background:orange;color:#fff;padding:2px 7px;border-radius:4px;font-weight:bold;font-size:0.85em"">Alerte</span><br>du 24 sept. 2026 au 31 oct. 2026<br><small>Zone : Bassin du sud-ouest du Mont Ventoux</small>",3 oct. 2026
6181461,Bassin de la Nesque,84,Vaucluse,SUP,alerte,Alerte,2,2026-09-24,2026-10-31,AP 23 SEPT 2026 VAUCLUSE,"<b>Eaux de surface</b><br><span style=""background:orange;color:#fff;padding:2px 7px;border-radius:4px;font-weight:bold;font-size:0.85em"">Alerte</span><br>du 24 sept. 2026 au 31 oct. 2026<br><small>Zone : Bassin de la Nesque</small>",3 oct. 2026
6181463,Bassin versant des Sorgues,84,Vaucluse,SUP,alerte,Alerte,2,2026-09-24,2026-10-31,AP 23 SEPT 2026 VAUCLUSE,"<b>Eaux de surface</b><br><span style=""background:orange;color:#fff;padding:2px 7px;border-radius:4px;font-weight:bold;font-size:0.85em"">Alerte</span><br>du 24 sept. 2026 au 31 oct. 2026<br><small>Zone : Bassin versant des Sorgues</small>",3 oct. 2026
6181467,Bassin du Calavon Median,84,Vaucluse,SUP,alerte,Alerte,2,2026-09-24,2026-10-31,AP 23 SEPT 2026 VAUCLUSE,"<b>Eaux de surface</b><br><span style=""background:orange;color:#fff;padding:2px 7px;border-radius:4px;font-weight:bold;font-size:0.85em"">Alerte</span><br>du 24 sept. 2026 au 31 oct. 2026<br><small>Zone : Bassin du Calavon Median</small>",3 oct. 2026
6177423,62_ZA47_La Garonne 47 amont,47,Lot-et-Garonne,SUP,alerte,Alerte,2,2026-10-03,2026-10-31,47-2026-10-01-00005,"<b>Eaux de surface</b><br><span style=""background:orange;color:#fff;padding:2px 7px;border-radius:4px;font-weight:bold;font-size:0.85em"">Alerte</span><br>du 3 oct. 2026 au 31 oct. 2026<br><small>Zone : 62_ZA47_La Garonne 47 amont</small>",3 oct. 2026
6177438,82_ZA47_bassin versant de la Thèze,47,Lot-et-Garonne,SUP,alerte,Alerte,2,2026-10-03,2026-10-31,47-2026-10-01-00005,"<b>Eaux de surface</b><br><span style=""background:orange;color:#fff;padding:2px 7px;border-radius:4px;font-weight:bold;font-size:0.85em"">Alerte</span><br>du 3 oct. 2026 au 31 oct. 2026<br><small>Zone : 82_ZA47_bassin versant de la Thèze</small>",3 oct. 2026
6181502,Lay réalimenté,85,Vendée,SUP,alerte,Alerte,2,2026-09-28,,26-DDTM85-599,"<b>Eaux de surface</b><br><span style=""background:orange;color:#fff;padding:2px 7px;border-radius:4px;font-weight:bold;font-size:0.85em"">Alerte</span><br>depuis le 28 sept. 2026<br><small>Zone : Lay réalimenté</small>",3 oct. 2026
6181504,Marais Vendée,85,Vendée,SUP,alerte,Alerte,2,2026-09-28,,26-DDTM85-599,"<b>Eaux de surface</b><br><span style=""background:orange;color:#fff;padding:2px 7px;border-radius:4px;font-weight:bold;font-size:0.85em"">Alerte</span><br>depuis le 28 sept. 2026<br><small>Zone : Marais Vendée</small>",3 oct. 2026
6181506,Marais Lay,85,Vendée,SUP,alerte,Alerte,2,2026-09-28,,26-DDTM85-599,"<b>Eaux de surface</b><br><span style=""background:orange;color:#fff;padding:2px 7px;border-radius:4px;font-weight:bold;font-size:0.85em"">Alerte</span><br>depuis le 28 sept. 2026<br><small>Zone : Marais Lay</small>",3 oct. 2026
6177506,LOIR,49,Maine-et-Loire,SUP,alerte,Alerte,2,2026-09-17,,DDT-SEEB-PPE-ETIAGE-49 n°2026-12,"<b>Eaux de surface</b><br><span style=""background:orange;color:#fff;padding:2px 7px;border-radius:4px;font-weight:bold;font-size:0.85em"">Alerte</span><br>depuis le 17 sept. 2026<br><small>Zone : LOIR</small>",3 oct. 2026
6177512,SARTHE,49,Maine-et-Loire,SUP,alerte,Alerte,2,2026-09-17,,DDT-SEEB-PPE-ETIAGE-49 n°2026-12,"<b>Eaux de surface</b><br><span style=""background:orange;color:#fff;padding:2px 7px;border-radius:4px;font-weight:bold;font-size:0.85em"">Alerte</span><br>depuis le 17 sept. 2026<br><small>Zone : SARTHE</small>",3 oct. 2026
6177519,THOUET,49,Maine-et-Loire,SUP,alerte,Alerte,2,2026-09-17,,DDT-SEEB-PPE-Etiage-TTA-n°2026-07,"<b>Eaux de surface</b><br><span style=""background:orange;color:#fff;padding:2px 7px;border-radius:4px;font-weight:bold;font-size:0.85em"">Alerte</span><br>depuis le 17 sept. 2026<br><small>Zone : THOUET</small>",3 oct. 2026
6177543,Surmelin - SUP,51,Marne,SUP,alerte,Alerte,2,2026-08-29,2026-10-31,60-2026-SEC,"<b>Eaux de surface</b><br><span style=""background:orange;color:#fff;padding:2px 7px;border-radius:4px;font-weight:bold;font-size:0.85em"">Alerte</span><br>du 29 août 2026 au 31 oct. 2026<br><small>Zone : Surmelin - SUP</small>",3 oct. 2026
6177545,Aube Amont - SUP,51,Marne,SUP,alerte,Alerte,2,2026-08-29,2026-10-31,60-2026-SEC,"<b>Eaux de surface</b><br><span style=""background:orange;color:#fff;padding:2px 7px;border-radius:4px;font-weight:bold;font-size:0.85em"">Alerte</span><br>du 29 août 2026 au 31 oct. 2026<br><small>Zone : Aube Amont - SUP</small>",3 oct. 2026
6177563,Brie et Tardenois - SUP,51,Marne,SUP,alerte,Alerte,2,2026-08-29,2026-10-31,60-2026-SEC,"<b>Eaux de surface</b><br><span style=""background:orange;color:#fff;padding:2px 7px;border-radius:4px;font-weight:bold;font-size:0.85em"">Alerte</span><br>du 29 août 2026 au 31 oct. 2026<br><small>Zone : Brie et Tardenois - SUP</small>",3 oct. 2026
6177566,Craie de Champagne Sud et Centre - SUP,51,Marne,SUP,alerte,Alerte,2,2026-08-29,2026-10-31,60-2026-SEC,"<b>Eaux de surface</b><br><span style=""background:orange;color:#fff;padding:2px 7px;border-radius:4px;font-weight:bold;font-size:0.85em"">Alerte</span><br>du 29 août 2026 au 31 oct. 2026<br><small>Zone : Craie de Champagne Sud et Centre - SUP</small>",3 oct. 2026
6181569,Bassin de la Charente - secteur Charente Amont,86,Vienne,SUP,alerte,Alerte,2,2026-09-21,2026-11-01,AP_2026_DDT_SEB_520_Charente_Amont,"<b>Eaux de surface</b><br><span style=""background:orange;color:#fff;padding:2px 7px;border-radius:4px;font-weight:bold;font-size:0.85em"">Alerte</span><br>du 21 sept. 2026 au 1 nov. 2026<br><small>Zone : Bassin de la Charente - secteur Charente Amont</small>",3 oct. 2026
6175682,Bassin versant Adour Aire-Aval-Audon non réalimenté,32,Gers,SUP,alerte,Alerte,2,2026-10-03,2026-10-31,32-2026-09-xx-0000x_MN_Adour,"<b>Eaux de surface</b><br><span style=""background:orange;color:#fff;padding:2px 7px;border-radius:4px;font-weight:bold;font-size:0.85em"">Alerte</span><br>du 3 oct. 2026 au 31 oct. 2026<br><small>Zone : Bassin versant Adour Aire-Aval-Audon non réalimenté</small>",3 oct. 2026
6182097,Bassin du Vexin,95,Val-d'Oise,SUP,alerte,Alerte,2,2026-09-30,2026-11-30,2026-18948,"<b>Eaux de surface</b><br><span style=""background:orange;color:#fff;padding:2px 7px;border-radius:4px;font-weight:bold;font-size:0.85em"">Alerte</span><br>du 30 sept. 2026 au 30 nov. 2026<br><small>Zone : Bassin du Vexin</small>",3 oct. 2026
6175351,Isle - Isle moyenne,24,Dordogne,SUP,alerte,Alerte,2,2026-10-03,2026-10-31,Arrêté n° DDT/SEER/2026-030,"<b>Eaux de surface</b><br><span style=""background:orange;color:#fff;padding:2px 7px;border-radius:4px;font-weight:bold;font-size:0.85em"">Alerte</span><br>du 3 oct. 2026 au 31 oct. 2026<br><small>Zone : Isle - Isle moyenne</small>",3 oct. 2026
6179269,bassin de l'Automne,60,Oise,SUP,alerte,Alerte,2,2026-09-15,,DDT60 - 20260915,"<b>Eaux de surface</b><br><span style=""background:orange;color:#fff;padding:2px 7px;border-radius:4px;font-weight:bold;font-size:0.85em"">Alerte</span><br>depuis le 15 sept. 2026<br><small>Zone : bassin de l'Automne</small>",3 oct. 2026
6179272,"bassin de l'Avre, Noye, Trois-Doms et Haute-Somme",60,Oise,SUP,alerte,Alerte,2,2026-09-15,,DDT60 - 20260915,"<b>Eaux de surface</b><br><span style=""background:orange;color:#fff;padding:2px 7px;border-radius:4px;font-weight:bold;font-size:0.85em"">Alerte</span><br>depuis le 15 sept. 2026<br><small>Zone : bassin de l'Avre, Noye, Trois-Doms et Haute-Somme</small>",3 oct. 2026
6179277,bassin de la Brêche,60,Oise,SUP,alerte,Alerte,2,2026-09-15,,DDT60 - 20260915,"<b>Eaux de surface</b><br><span style=""background:orange;color:#fff;padding:2px 7px;border-radius:4px;font-weight:bold;font-size:0.85em"">Alerte</span><br>depuis le 15 sept. 2026<br><small>Zone : bassin de la Brêche</small>",3 oct. 2026
6179287,bassin de la Divette et Verse,60,Oise,SUP,alerte,Alerte,2,2026-09-15,,DDT60 - 20260915,"<b>Eaux de surface</b><br><span style=""background:orange;color:#fff;padding:2px 7px;border-radius:4px;font-weight:bold;font-size:0.85em"">Alerte</span><br>depuis le 15 sept. 2026<br><small>Zone : bassin de la Divette et Verse</small>",3 oct. 2026
6175364,Dronne - Dronne aval,24,Dordogne,SUP,alerte,Alerte,2,2026-10-03,2026-10-31,Arrêté n° DDT/SEER/2026-030,"<b>Eaux de surface</b><br><span style=""background:orange;color:#fff;padding:2px 7px;border-radius:4px;font-weight:bold;font-size:0.85em"">Alerte</span><br>du 3 oct. 2026 au 31 oct. 2026<br><small>Zone : Dronne - Dronne aval</small>",3 oct. 2026
6179986,ORNE AMONT,61,Orne,SUP,alerte,Alerte,2,2026-09-17,2026-10-31,2350-26-00093,"<b>Eaux de surface</b><br><span style=""background:orange;color:#fff;padding:2px 7px;border-radius:4px;font-weight:bold;font-size:0.85em"">Alerte</span><br>du 17 sept. 2026 au 31 oct. 2026<br><small>Zone : ORNE AMONT</small>",3 oct. 2026
6179991,RISLE - CHARENTONNE - GUIEL,61,Orne,SUP,alerte,Alerte,2,2026-09-17,2026-10-31,2350-26-00093,"<b>Eaux de surface</b><br><span style=""background:orange;color:#fff;padding:2px 7px;border-radius:4px;font-weight:bold;font-size:0.85em"">Alerte</span><br>du 17 sept. 2026 au 31 oct. 2026<br><small>Zone : RISLE - CHARENTONNE - GUIEL</small>",3 oct. 2026
6179980,DIVES - VIE,61,Orne,SUP,alerte,Alerte,2,2026-09-17,2026-10-31,2350-26-00093,"<b>Eaux de surface</b><br><span style=""background:orange;color:#fff;padding:2px 7px;border-radius:4px;font-weight:bold;font-size:0.85em"">Alerte</span><br>du 17 sept. 2026 au 31 oct. 2026<br><small>Zone : DIVES - VIE</small>",3 oct. 2026
6180015,Bassin versant de l'Escaut,62,Pas-de-Calais,SUP,alerte,Alerte,2,2026-08-15,2026-10-31,2026-08-14,"<b>Eaux de surface</b><br><span style=""background:orange;color:#fff;padding:2px 7px;border-radius:4px;font-weight:bold;font-size:0.85em"">Alerte</span><br>du 15 août 2026 au 31 oct. 2026<br><small>Zone : Bassin versant de l'Escaut</small>",3 oct. 2026
6180024,Bassins versants de la Scarpe amont et de la Sensée,62,Pas-de-Calais,SUP,alerte,Alerte,2,2026-08-15,2026-10-31,2026-08-14,"<b>Eaux de surface</b><br><span style=""background:orange;color:#fff;padding:2px 7px;border-radius:4px;font-weight:bold;font-size:0.85em"">Alerte</span><br>du 15 août 2026 au 31 oct. 2026<br><small>Zone : Bassins versants de la Scarpe amont et de la Sensée</small>",3 oct. 2026
6177093,Bassin de Mont de Marsan (MDM4-a),40,Landes,SUP,alerte,Alerte,2,2026-10-03,2026-10-31,AP ACI ADOUR 2026-1275,"<b>Eaux de surface</b><br><span style=""background:orange;color:#fff;padding:2px 7px;border-radius:4px;font-weight:bold;font-size:0.85em"">Alerte</span><br>du 3 oct. 2026 au 31 oct. 2026<br><small>Zone : Bassin de Mont de Marsan (MDM4-a)</small>",3 oct. 2026
6176970,Bassin AG1,40,Landes,SUP,alerte,Alerte,2,2026-09-19,2026-10-31,AP ACD Landes 2026-1227,"<b>Eaux de surface</b><br><span style=""background:orange;color:#fff;padding:2px 7px;border-radius:4px;font-weight:bold;font-size:0.85em"">Alerte</span><br>du 19 sept. 2026 au 31 oct. 2026<br><small>Zone : Bassin AG1</small>",3 oct. 2026
6175434,ITON AVAL,27,Eure,SUP,alerte,Alerte,2,2026-09-14,2026-11-30,DDTM/SEBF/2026-283,"<b>Eaux de surface</b><br><span style=""background:orange;color:#fff;padding:2px 7px;border-radius:4px;font-weight:bold;font-size:0.85em"">Alerte</span><br>du 14 sept. 2026 au 30 nov. 2026<br><small>Zone : ITON AVAL</small>",3 oct. 2026
6175321,Dordogne amont - Nauze,24,Dordogne,SUP,alerte,Alerte,2,2026-10-03,2026-10-31,Arrêté n° DDT/SEER/2026-030,"<b>Eaux de surface</b><br><span style=""background:orange;color:#fff;padding:2px 7px;border-radius:4px;font-weight:bold;font-size:0.85em"">Alerte</span><br>du 3 oct. 2026 au 31 oct. 2026<br><small>Zone : Dordogne amont - Nauze</small>",3 oct. 2026
6175326,Dordogne amont - Énéa,24,Dordogne,SUP,alerte,Alerte,2,2026-10-03,2026-10-31,Arrêté n° DDT/SEER/2026-030,"<b>Eaux de surface</b><br><span style=""background:orange;color:#fff;padding:2px 7px;border-radius:4px;font-weight:bold;font-size:0.85em"">Alerte</span><br>du 3 oct. 2026 au 31 oct. 2026<br><small>Zone : Dordogne amont - Énéa</small>",3 oct. 2026
6175340,Dropt - Banège,24,Dordogne,SUP,alerte,Alerte,2,2026-10-03,2026-10-31,Arrêté n° DDT/SEER/2026-030,"<b>Eaux de surface</b><br><span style=""background:orange;color:#fff;padding:2px 7px;border-radius:4px;font-weight:bold;font-size:0.85em"">Alerte</span><br>du 3 oct. 2026 au 31 oct. 2026<br><small>Zone : Dropt - Banège</small>",3 oct. 2026
6175384,Plaine de Valence,26,Drôme,SUP,alerte,Alerte,2,2026-08-06,2026-10-31,26-2026-08-05-00007,"<b>Eaux de surface</b><br><span style=""background:orange;color:#fff;padding:2px 7px;border-radius:4px;font-weight:bold;font-size:0.85em"">Alerte</span><br>du 6 août 2026 au 31 oct. 2026<br><small>Zone : Plaine de Valence</small>",3 oct. 2026
6181143,Bassin de la Thérouanne,77,Seine-et-Marne,SUP,alerte,Alerte,2,2026-09-29,,2026/DDT/SEPR/317,"<b>Eaux de surface</b><br><span style=""background:orange;color:#fff;padding:2px 7px;border-radius:4px;font-weight:bold;font-size:0.85em"">Alerte</span><br>depuis le 29 sept. 2026<br><small>Zone : Bassin de la Thérouanne</small>",3 oct. 2026
6181145,Bassin de l'Orvanne,77,Seine-et-Marne,SUP,alerte,Alerte,2,2026-09-29,,2026/DDT/SEPR/317,"<b>Eaux de surface</b><br><span style=""background:orange;color:#fff;padding:2px 7px;border-radius:4px;font-weight:bold;font-size:0.85em"">Alerte</span><br>depuis le 29 sept. 2026<br><small>Zone : Bassin de l'Orvanne</small>",3 oct. 2026
6181154,Bassin de l'Yonne,77,Seine-et-Marne,SUP,alerte,Alerte,2,2026-09-29,,2026/DDT/SEPR/317,"<b>Eaux de surface</b><br><span style=""background:orange;color:#fff;padding:2px 7px;border-radius:4px;font-weight:bold;font-size:0.85em"">Alerte</span><br>depuis le 29 sept. 2026<br><small>Zone : Bassin de l'Yonne</small>",3 oct. 2026
6175382,Méouge,26,Drôme,SUP,alerte,Alerte,2,2026-08-06,2026-10-31,26-2026-08-05-00007,"<b>Eaux de surface</b><br><span style=""background:orange;color:#fff;padding:2px 7px;border-radius:4px;font-weight:bold;font-size:0.85em"">Alerte</span><br>du 6 août 2026 au 31 oct. 2026<br><small>Zone : Méouge</small>",3 oct. 2026
6175386,Berre,26,Drôme,SUP,alerte,Alerte,2,2026-08-06,2026-10-31,26-2026-08-05-00007,"<b>Eaux de surface</b><br><span style=""background:orange;color:#fff;padding:2px 7px;border-radius:4px;font-weight:bold;font-size:0.85em"">Alerte</span><br>du 6 août 2026 au 31 oct. 2026<br><small>Zone : Berre</small>",3 oct. 2026
6175387,Royans-Vercors,26,Drôme,SUP,alerte,Alerte,2,2026-08-06,2026-10-31,26-2026-08-05-00007,"<b>Eaux de surface</b><br><span style=""background:orange;color:#fff;padding:2px 7px;border-radius:4px;font-weight:bold;font-size:0.85em"">Alerte</span><br>du 6 août 2026 au 31 oct. 2026<br><small>Zone : Royans-Vercors</small>",3 oct. 2026
6175389,Roubion-Jabron,26,Drôme,SUP,alerte,Alerte,2,2026-08-06,2026-10-31,26-2026-08-05-00007,"<b>Eaux de surface</b><br><span style=""background:orange;color:#fff;padding:2px 7px;border-radius:4px;font-weight:bold;font-size:0.85em"">Alerte</span><br>du 6 août 2026 au 31 oct. 2026<br><small>Zone : Roubion-Jabron</small>",3 oct. 2026
6175399,E(A)ygues,26,Drôme,SUP,alerte,Alerte,2,2026-08-11,2026-10-31,26-2026-08-05-00010_AEygues,"<b>Eaux de surface</b><br><span style=""background:orange;color:#fff;padding:2px 7px;border-radius:4px;font-weight:bold;font-size:0.85em"">Alerte</span><br>du 11 août 2026 au 31 oct. 2026<br><small>Zone : E(A)ygues</small>",3 oct. 2026
6175462,AIGRE,28,Eure-et-Loir,SUP,alerte,Alerte,2,2026-09-21,,AP_SGREB_2026_255_restrictions_usages_eau,"<b>Eaux de surface</b><br><span style=""background:orange;color:#fff;padding:2px 7px;border-radius:4px;font-weight:bold;font-size:0.85em"">Alerte</span><br>depuis le 21 sept. 2026<br><small>Zone : AIGRE</small>",3 oct. 2026
6175420,CHARENTONNE,27,Eure,SUP,alerte,Alerte,2,2026-09-14,2026-11-30,DDTM/SEBF/2026-283,"<b>Eaux de surface</b><br><span style=""background:orange;color:#fff;padding:2px 7px;border-radius:4px;font-weight:bold;font-size:0.85em"">Alerte</span><br>du 14 sept. 2026 au 30 nov. 2026<br><small>Zone : CHARENTONNE</small>",3 oct. 2026
6175423,RISLE AMONT,27,Eure,SUP,alerte,Alerte,2,2026-09-14,2026-11-30,DDTM/SEBF/2026-283,"<b>Eaux de surface</b><br><span style=""background:orange;color:#fff;padding:2px 7px;border-radius:4px;font-weight:bold;font-size:0.85em"">Alerte</span><br>du 14 sept. 2026 au 30 nov. 2026<br><small>Zone : RISLE AMONT</small>",3 oct. 2026
6177123,Bassin de la Douze (Douze1-40),40,Landes,SUP,alerte,Alerte,2,2026-10-03,2026-10-31,AP ACI ADOUR 2026-1275,"<b>Eaux de surface</b><br><span style=""background:orange;color:#fff;padding:2px 7px;border-radius:4px;font-weight:bold;font-size:0.85em"">Alerte</span><br>du 3 oct. 2026 au 31 oct. 2026<br><small>Zone : Bassin de la Douze (Douze1-40)</small>",3 oct. 2026
6177126,Bassin de Mont de Marsan (MDM2),40,Landes,SUP,alerte,Alerte,2,2026-10-03,2026-10-31,AP ACI ADOUR 2026-1275,"<b>Eaux de surface</b><br><span style=""background:orange;color:#fff;padding:2px 7px;border-radius:4px;font-weight:bold;font-size:0.85em"">Alerte</span><br>du 3 oct. 2026 au 31 oct. 2026<br><small>Zone : Bassin de Mont de Marsan (MDM2)</small>",3 oct. 2026
6177131,Bassin du Louts (Louts1),40,Landes,SUP,alerte,Alerte,2,2026-10-03,2026-10-31,AP ACI ADOUR 2026-1275,"<b>Eaux de surface</b><br><span style=""background:orange;color:#fff;padding:2px 7px;border-radius:4px;font-weight:bold;font-size:0.85em"">Alerte</span><br>du 3 oct. 2026 au 31 oct. 2026<br><small>Zone : Bassin du Louts (Louts1)</small>",3 oct. 2026
6180190,Aude amont,66,Pyrénées-Orientales,SUP,alerte,Alerte,2,2026-09-30,2026-11-30,DDTM-SER-2026-273-0001,"<b>Eaux de surface</b><br><span style=""background:orange;color:#fff;padding:2px 7px;border-radius:4px;font-weight:bold;font-size:0.85em"">Alerte</span><br>du 30 sept. 2026 au 30 nov. 2026<br><small>Zone : Aude amont</small>",3 oct. 2026
6180193,Agly amont et affluents,66,Pyrénées-Orientales,SUP,alerte,Alerte,2,2026-09-30,2026-11-30,DDTM-SER-2026-273-0001,"<b>Eaux de surface</b><br><span style=""background:orange;color:#fff;padding:2px 7px;border-radius:4px;font-weight:bold;font-size:0.85em"">Alerte</span><br>du 30 sept. 2026 au 30 nov. 2026<br><small>Zone : Agly amont et affluents</small>",3 oct. 2026
6180196,Agly aval,66,Pyrénées-Orientales,SUP,alerte,Alerte,2,2026-09-30,2026-11-30,DDTM-SER-2026-273-0001,"<b>Eaux de surface</b><br><span style=""background:orange;color:#fff;padding:2px 7px;border-radius:4px;font-weight:bold;font-size:0.85em"">Alerte</span><br>du 30 sept. 2026 au 30 nov. 2026<br><small>Zone : Agly aval</small>",3 oct. 2026
6180198,Sègre - Carol,66,Pyrénées-Orientales,SUP,alerte,Alerte,2,2026-09-30,2026-11-30,DDTM-SER-2026-273-0001,"<b>Eaux de surface</b><br><span style=""background:orange;color:#fff;padding:2px 7px;border-radius:4px;font-weight:bold;font-size:0.85em"">Alerte</span><br>du 30 sept. 2026 au 30 nov. 2026<br><small>Zone : Sègre - Carol</small>",3 oct. 2026
6173571,Calavon,04,Alpes-de-Haute-Provence,SUP,alerte,Alerte,2,2026-10-02,2026-10-31,2026-275-003,"<b>Eaux de surface</b><br><span style=""background:orange;color:#fff;padding:2px 7px;border-radius:4px;font-weight:bold;font-size:0.85em"">Alerte</span><br>du 2 oct. 2026 au 31 oct. 2026<br><small>Zone : Calavon</small>",3 oct. 2026
6176126,Bassin de l'Esves,37,Indre-et-Loire,SUP,alerte,Alerte,2,2026-09-27,2026-10-31,Arrêté du 25 SEPTEMBRE 2026,"<b>Eaux de surface</b><br><span style=""background:orange;color:#fff;padding:2px 7px;border-radius:4px;font-weight:bold;font-size:0.85em"">Alerte</span><br>du 27 sept. 2026 au 31 oct. 2026<br><small>Zone : Bassin de l'Esves</small>",3 oct. 2026
6176129,Bassin de la Creuse (Cr),37,Indre-et-Loire,SUP,alerte,Alerte,2,2026-09-27,2026-10-31,Arrêté du 25 SEPTEMBRE 2026,"<b>Eaux de surface</b><br><span style=""background:orange;color:#fff;padding:2px 7px;border-radius:4px;font-weight:bold;font-size:0.85em"">Alerte</span><br>du 27 sept. 2026 au 31 oct. 2026<br><small>Zone : Bassin de la Creuse (Cr)</small>",3 oct. 2026
6174566,Zone d'alerte n°4.2_L'Ariège amont et ses affluents,09,Ariège,SUP,alerte,Alerte,2,2026-09-21,2026-10-04,20260918,"<b>Eaux de surface</b><br><span style=""background:orange;color:#fff;padding:2px 7px;border-radius:4px;font-weight:bold;font-size:0.85em"">Alerte</span><br>du 21 sept. 2026 au 4 oct. 2026<br><small>Zone : Zone d'alerte n°4.2_L'Ariège amont et ses affluents</small>",3 oct. 2026
6174581,Armance,10,Aube,SUP,alerte,Alerte,2,2026-09-26,2026-10-31,DDT/SEB/PREMA-2026268-0001,"<b>Eaux de surface</b><br><span style=""background:orange;color:#fff;padding:2px 7px;border-radius:4px;font-weight:bold;font-size:0.85em"">Alerte</span><br>du 26 sept. 2026 au 31 oct. 2026<br><small>Zone : Armance</small>",3 oct. 2026
6174582,Nappe de Brienne,10,Aube,SUP,alerte,Alerte,2,2026-09-26,2026-10-31,DDT/SEB/PREMA-2026268-0001,"<b>Eaux de surface</b><br><span style=""background:orange;color:#fff;padding:2px 7px;border-radius:4px;font-weight:bold;font-size:0.85em"">Alerte</span><br>du 26 sept. 2026 au 31 oct. 2026<br><small>Zone : Nappe de Brienne</small>",3 oct. 2026
6174603,7. Secteur Cesse et affluents rive gauche de l'Aude sur ce secteur,11,Aude,SUP,alerte,Alerte,2,2026-09-30,2026-10-31,DDTM-SAFEB-2026-19,"<b>Eaux de surface</b><br><span style=""background:orange;color:#fff;padding:2px 7px;border-radius:4px;font-weight:bold;font-size:0.85em"">Alerte</span><br>du 30 sept. 2026 au 31 oct. 2026<br><small>Zone : 7. Secteur Cesse et affluents rive gauche de l'Aude sur ce secteur</small>",3 oct. 2026
6174604,13. Bassin versant de l'Agly,11,Aude,SUP,alerte,Alerte,2,2026-09-30,2026-10-31,DDTM-SAFEB-2026-19,"<b>Eaux de surface</b><br><span style=""background:orange;color:#fff;padding:2px 7px;border-radius:4px;font-weight:bold;font-size:0.85em"">Alerte</span><br>du 30 sept. 2026 au 31 oct. 2026<br><small>Zone : 13. Bassin versant de l'Agly</small>",3 oct. 2026
6179243,Bassins versants de la Scarpe amont et de la Sensée,59,Nord,SUP,alerte,Alerte,2,2026-08-15,2026-10-31,Arrêté préfectoral du 14 août 2026,"<b>Eaux de surface</b><br><span style=""background:orange;color:#fff;padding:2px 7px;border-radius:4px;font-weight:bold;font-size:0.85em"">Alerte</span><br>du 15 août 2026 au 31 oct. 2026<br><small>Zone : Bassins versants de la Scarpe amont et de la Sensée</small>",3 oct. 2026
6179250,Bassin versant de la Sambre,59,Nord,SUP,alerte,Alerte,2,2026-08-15,2026-10-31,Arrêté préfectoral du 14 août 2026,"<b>Eaux de surface</b><br><span style=""background:orange;color:#fff;padding:2px 7px;border-radius:4px;font-weight:bold;font-size:0.85em"">Alerte</span><br>du 15 août 2026 au 31 oct. 2026<br><small>Zone : Bassin versant de la Sambre</small>",3 oct. 2026
6179253,Bassin versant de l'Escaut,59,Nord,SUP,alerte,Alerte,2,2026-08-15,2026-10-31,Arrêté préfectoral du 14 août 2026,"<b>Eaux de surface</b><br><span style=""background:orange;color:#fff;padding:2px 7px;border-radius:4px;font-weight:bold;font-size:0.85em"">Alerte</span><br>du 15 août 2026 au 31 oct. 2026<br><small>Zone : Bassin versant de l'Escaut</small>",3 oct. 2026
6179288,bassin de l'Ourcq,60,Oise,SUP,alerte,Alerte,2,2026-09-15,,DDT60 - 20260915,"<b>Eaux de surface</b><br><span style=""background:orange;color:#fff;padding:2px 7px;border-radius:4px;font-weight:bold;font-size:0.85em"">Alerte</span><br>depuis le 15 sept. 2026<br><small>Zone : bassin de l'Ourcq</small>",3 oct. 2026
6176271,Agglomération Grenobloise,38,Isère,SUP,alerte,Alerte,2,2026-09-30,2026-10-31,38-2026-09-28-00012 [Isère],"<b>Eaux de surface</b><br><span style=""background:orange;color:#fff;padding:2px 7px;border-radius:4px;font-weight:bold;font-size:0.85em"">Alerte</span><br>du 30 sept. 2026 au 31 oct. 2026<br><small>Zone : Agglomération Grenobloise</small>",3 oct. 2026
6177042,Midou réalimenté Charros,40,Landes,SUP,alerte,Alerte,2,2026-10-03,2026-10-31,AP ACI ADOUR 2026-1275,"<b>Eaux de surface</b><br><span style=""background:orange;color:#fff;padding:2px 7px;border-radius:4px;font-weight:bold;font-size:0.85em"">Alerte</span><br>du 3 oct. 2026 au 31 oct. 2026<br><small>Zone : Midou réalimenté Charros</small>",3 oct. 2026
6176957,Bassin AG2,40,Landes,SUP,alerte,Alerte,2,2026-09-19,2026-10-31,AP ACD Landes 2026-1227,"<b>Eaux de surface</b><br><span style=""background:orange;color:#fff;padding:2px 7px;border-radius:4px;font-weight:bold;font-size:0.85em"">Alerte</span><br>du 19 sept. 2026 au 31 oct. 2026<br><small>Zone : Bassin AG2</small>",3 oct. 2026
6177055,Bassin de la Douze (Douze2-b-40),40,Landes,SUP,alerte,Alerte,2,2026-10-03,2026-10-31,AP ACI ADOUR 2026-1275,"<b>Eaux de surface</b><br><span style=""background:orange;color:#fff;padding:2px 7px;border-radius:4px;font-weight:bold;font-size:0.85em"">Alerte</span><br>du 3 oct. 2026 au 31 oct. 2026<br><small>Zone : Bassin de la Douze (Douze2-b-40)</small>",3 oct. 2026
6175686,ZA Chenal du Gua – Deyre,33,Gironde,SUP,alerte_renforcee,Alerte renforcée,3,2026-09-30,2026-10-31,SEN/2026/09/28-734,"<b>Eaux de surface</b><br><span style=""background:red;color:#fff;padding:2px 7px;border-radius:4px;font-weight:bold;font-size:0.85em"">Alerte renforcée</span><br>du 30 sept. 2026 au 31 oct. 2026<br><small>Zone : ZA Chenal du Gua – Deyre</small>",3 oct. 2026
6174886,Bassin de la Seudre moyenne,17,Charente-Maritime,SUP,alerte_renforcee,Alerte renforcée,3,2026-09-18,2026-10-31,26B599 Charente,"<b>Eaux de surface</b><br><span style=""background:red;color:#fff;padding:2px 7px;border-radius:4px;font-weight:bold;font-size:0.85em"">Alerte renforcée</span><br>du 18 sept. 2026 au 31 oct. 2026<br><small>Zone : Bassin de la Seudre moyenne</small>",3 oct. 2026
6181170,Zone Seine,78,Yvelines,SUP,alerte_renforcee,Alerte renforcée,3,2026-09-19,2026-12-31,78-2026-09-18-0005,"<b>Eaux de surface</b><br><span style=""background:red;color:#fff;padding:2px 7px;border-radius:4px;font-weight:bold;font-size:0.85em"">Alerte renforcée</span><br>du 19 sept. 2026 au 31 déc. 2026<br><small>Zone : Zone Seine</small>",3 oct. 2026
6180227,bassin de la Doller aval,68,Haut-Rhin,SUP,alerte_renforcee,Alerte renforcée,3,2026-07-31,2026-11-01,2026-13,"<b>Eaux de surface</b><br><span style=""background:red;color:#fff;padding:2px 7px;border-radius:4px;font-weight:bold;font-size:0.85em"">Alerte renforcée</span><br>du 31 juil. 2026 au 1 nov. 2026<br><small>Zone : bassin de la Doller aval</small>",3 oct. 2026
6180234,bassin de l'Ill amont,68,Haut-Rhin,SUP,alerte_renforcee,Alerte renforcée,3,2026-09-11,2026-11-01,2026-20,"<b>Eaux de surface</b><br><span style=""background:red;color:#fff;padding:2px 7px;border-radius:4px;font-weight:bold;font-size:0.85em"">Alerte renforcée</span><br>du 11 sept. 2026 au 1 nov. 2026<br><small>Zone : bassin de l'Ill amont</small>",3 oct. 2026
6181205,Mignon Courance - eaux superficielles,79,Deux-Sèvres,SUP,alerte_renforcee,Alerte renforcée,3,2026-08-12,2026-10-31,20260811_AP_SNMP,"<b>Eaux de surface</b><br><span style=""background:red;color:#fff;padding:2px 7px;border-radius:4px;font-weight:bold;font-size:0.85em"">Alerte renforcée</span><br>du 12 août 2026 au 31 oct. 2026<br><small>Zone : Mignon Courance - eaux superficielles</small>",3 oct. 2026
6174877,Bassin de la Seudre aval,17,Charente-Maritime,SUP,alerte_renforcee,Alerte renforcée,3,2026-09-18,2026-10-31,26B599 Charente,"<b>Eaux de surface</b><br><span style=""background:red;color:#fff;padding:2px 7px;border-radius:4px;font-weight:bold;font-size:0.85em"">Alerte renforcée</span><br>du 18 sept. 2026 au 31 oct. 2026<br><small>Zone : Bassin de la Seudre aval</small>",3 oct. 2026
6173566,Lauzon,04,Alpes-de-Haute-Provence,SUP,alerte_renforcee,Alerte renforcée,3,2026-10-02,2026-10-31,2026-275-003,"<b>Eaux de surface</b><br><span style=""background:red;color:#fff;padding:2px 7px;border-radius:4px;font-weight:bold;font-size:0.85em"">Alerte renforcée</span><br>du 2 oct. 2026 au 31 oct. 2026<br><small>Zone : Lauzon</small>",3 oct. 2026
6177113,Bassin du Bahus-40,40,Landes,SUP,alerte_renforcee,Alerte renforcée,3,2026-10-03,2026-10-31,AP ACI ADOUR 2026-1275,"<b>Eaux de surface</b><br><span style=""background:red;color:#fff;padding:2px 7px;border-radius:4px;font-weight:bold;font-size:0.85em"">Alerte renforcée</span><br>du 3 oct. 2026 au 31 oct. 2026<br><small>Zone : Bassin du Bahus-40</small>",3 oct. 2026
6173579,Verdon amont,04,Alpes-de-Haute-Provence,SUP,alerte_renforcee,Alerte renforcée,3,2026-10-02,2026-10-31,2026-275-003,"<b>Eaux de surface</b><br><span style=""background:red;color:#fff;padding:2px 7px;border-radius:4px;font-weight:bold;font-size:0.85em"">Alerte renforcée</span><br>du 2 oct. 2026 au 31 oct. 2026<br><small>Zone : Verdon amont</small>",3 oct. 2026
6181629,Zone de gestion Loing,89,Yonne,SUP,alerte_renforcee,Alerte renforcée,3,2026-09-04,2026-12-31,DDT/SEE/2026/0072,"<b>Eaux de surface</b><br><span style=""background:red;color:#fff;padding:2px 7px;border-radius:4px;font-weight:bold;font-size:0.85em"">Alerte renforcée</span><br>du 4 sept. 2026 au 31 déc. 2026<br><small>Zone : Zone de gestion Loing</small>",3 oct. 2026
6181614,Zone de gestion Ouanne,89,Yonne,SUP,alerte_renforcee,Alerte renforcée,3,2026-09-04,2026-12-31,DDT/SEE/2026/0072,"<b>Eaux de surface</b><br><span style=""background:red;color:#fff;padding:2px 7px;border-radius:4px;font-weight:bold;font-size:0.85em"">Alerte renforcée</span><br>du 4 sept. 2026 au 31 déc. 2026<br><small>Zone : Zone de gestion Ouanne</small>",3 oct. 2026
6175708,ZA Livenne,33,Gironde,SUP,alerte_renforcee,Alerte renforcée,3,2026-09-30,2026-10-31,SEN/2026/09/28-734,"<b>Eaux de surface</b><br><span style=""background:red;color:#fff;padding:2px 7px;border-radius:4px;font-weight:bold;font-size:0.85em"">Alerte renforcée</span><br>du 30 sept. 2026 au 31 oct. 2026<br><small>Zone : ZA Livenne</small>",3 oct. 2026
6180242,ZONE 9,69,Rhône,SUP,alerte_renforcee,Alerte renforcée,3,2026-08-24,2026-10-31,DDT_SENR_2026_B121,"<b>Eaux de surface</b><br><span style=""background:red;color:#fff;padding:2px 7px;border-radius:4px;font-weight:bold;font-size:0.85em"">Alerte renforcée</span><br>du 24 août 2026 au 31 oct. 2026<br><small>Zone : ZONE 9</small>",3 oct. 2026
6180243,ZONE 7,69,Rhône,SUP,alerte_renforcee,Alerte renforcée,3,2026-08-24,2026-10-31,DDT_SENR_2026_B121,"<b>Eaux de surface</b><br><span style=""background:red;color:#fff;padding:2px 7px;border-radius:4px;font-weight:bold;font-size:0.85em"">Alerte renforcée</span><br>du 24 août 2026 au 31 oct. 2026<br><small>Zone : ZONE 7</small>",3 oct. 2026
6180244,ZONE 8,69,Rhône,SUP,alerte_renforcee,Alerte renforcée,3,2026-08-24,2026-10-31,DDT_SENR_2026_B121,"<b>Eaux de surface</b><br><span style=""background:red;color:#fff;padding:2px 7px;border-radius:4px;font-weight:bold;font-size:0.85em"">Alerte renforcée</span><br>du 24 août 2026 au 31 oct. 2026<br><small>Zone : ZONE 8</small>",3 oct. 2026
6175696,ZA Pimpine,33,Gironde,SUP,alerte_renforcee,Alerte renforcée,3,2026-09-30,2026-10-31,SEN/2026/09/28-734,"<b>Eaux de surface</b><br><span style=""background:red;color:#fff;padding:2px 7px;border-radius:4px;font-weight:bold;font-size:0.85em"">Alerte renforcée</span><br>du 30 sept. 2026 au 31 oct. 2026<br><small>Zone : ZA Pimpine</small>",3 oct. 2026
6174908,Bassin de la Petite Sauldre et de la Rère,18,Cher,SUP,alerte_renforcee,Alerte renforcée,3,2026-09-17,, DDT-2026-360,"<b>Eaux de surface</b><br><span style=""background:red;color:#fff;padding:2px 7px;border-radius:4px;font-weight:bold;font-size:0.85em"">Alerte renforcée</span><br>depuis le 17 sept. 2026<br><small>Zone : Bassin de la Petite Sauldre et de la Rère</small>",3 oct. 2026
6177586,AUBE AMONT,52,Haute-Marne,SUP,alerte_renforcee,Alerte renforcée,3,2026-08-11,2026-10-31,52-2026-08-00045,"<b>Eaux de surface</b><br><span style=""background:red;color:#fff;padding:2px 7px;border-radius:4px;font-weight:bold;font-size:0.85em"">Alerte renforcée</span><br>du 11 août 2026 au 31 oct. 2026<br><small>Zone : AUBE AMONT</small>",3 oct. 2026
6177580,SAULX ORNAIN,52,Haute-Marne,SUP,alerte_renforcee,Alerte renforcée,3,2026-08-11,2026-10-31,52-2026-08-00045,"<b>Eaux de surface</b><br><span style=""background:red;color:#fff;padding:2px 7px;border-radius:4px;font-weight:bold;font-size:0.85em"">Alerte renforcée</span><br>du 11 août 2026 au 31 oct. 2026<br><small>Zone : SAULX ORNAIN</small>",3 oct. 2026
6177584,MARNE AMONT,52,Haute-Marne,SUP,alerte_renforcee,Alerte renforcée,3,2026-08-11,2026-10-31,52-2026-08-00045,"<b>Eaux de surface</b><br><span style=""background:red;color:#fff;padding:2px 7px;border-radius:4px;font-weight:bold;font-size:0.85em"">Alerte renforcée</span><br>du 11 août 2026 au 31 oct. 2026<br><small>Zone : MARNE AMONT</small>",3 oct. 2026
6177585,BLAISE,52,Haute-Marne,SUP,alerte_renforcee,Alerte renforcée,3,2026-08-11,2026-10-31,52-2026-08-00045,"<b>Eaux de surface</b><br><span style=""background:red;color:#fff;padding:2px 7px;border-radius:4px;font-weight:bold;font-size:0.85em"">Alerte renforcée</span><br>du 11 août 2026 au 31 oct. 2026<br><small>Zone : BLAISE</small>",3 oct. 2026
6177581,SEINE AMONT,52,Haute-Marne,SUP,alerte_renforcee,Alerte renforcée,3,2026-08-11,2026-10-31,52-2026-08-00045,"<b>Eaux de surface</b><br><span style=""background:red;color:#fff;padding:2px 7px;border-radius:4px;font-weight:bold;font-size:0.85em"">Alerte renforcée</span><br>du 11 août 2026 au 31 oct. 2026<br><small>Zone : SEINE AMONT</small>",3 oct. 2026
6181624,Zone de gestion Vanne,89,Yonne,SUP,alerte_renforcee,Alerte renforcée,3,2026-09-04,2026-12-31,DDT/SEE/2026/0072,"<b>Eaux de surface</b><br><span style=""background:red;color:#fff;padding:2px 7px;border-radius:4px;font-weight:bold;font-size:0.85em"">Alerte renforcée</span><br>du 4 sept. 2026 au 31 déc. 2026<br><small>Zone : Zone de gestion Vanne</small>",3 oct. 2026
6180313,Gée,72,Sarthe,SUP,alerte_renforcee,Alerte renforcée,3,2026-09-24,,AP n°13 du 22 09 2026,"<b>Eaux de surface</b><br><span style=""background:red;color:#fff;padding:2px 7px;border-radius:4px;font-weight:bold;font-size:0.85em"">Alerte renforcée</span><br>depuis le 24 sept. 2026<br><small>Zone : Gée</small>",3 oct. 2026
6180314,Vaudelle-Merdereau-Orthe,72,Sarthe,SUP,alerte_renforcee,Alerte renforcée,3,2026-09-24,,AP n°13 du 22 09 2026,"<b>Eaux de surface</b><br><span style=""background:red;color:#fff;padding:2px 7px;border-radius:4px;font-weight:bold;font-size:0.85em"">Alerte renforcée</span><br>depuis le 24 sept. 2026<br><small>Zone : Vaudelle-Merdereau-Orthe</small>",3 oct. 2026
6180317,Orne Saosnoise,72,Sarthe,SUP,alerte_renforcee,Alerte renforcée,3,2026-09-24,,AP n°13 du 22 09 2026,"<b>Eaux de surface</b><br><span style=""background:red;color:#fff;padding:2px 7px;border-radius:4px;font-weight:bold;font-size:0.85em"">Alerte renforcée</span><br>depuis le 24 sept. 2026<br><small>Zone : Orne Saosnoise</small>",3 oct. 2026
6180323,Sarthe amont,72,Sarthe,SUP,alerte_renforcee,Alerte renforcée,3,2026-09-24,,AP n°13 du 22 09 2026,"<b>Eaux de surface</b><br><span style=""background:red;color:#fff;padding:2px 7px;border-radius:4px;font-weight:bold;font-size:0.85em"">Alerte renforcée</span><br>depuis le 24 sept. 2026<br><small>Zone : Sarthe amont</small>",3 oct. 2026
6175484,EURE Moyen haut,28,Eure-et-Loir,SUP,alerte_renforcee,Alerte renforcée,3,2026-09-21,,AP_SGREB_2026_255_restrictions_usages_eau,"<b>Eaux de surface</b><br><span style=""background:red;color:#fff;padding:2px 7px;border-radius:4px;font-weight:bold;font-size:0.85em"">Alerte renforcée</span><br>depuis le 21 sept. 2026<br><small>Zone : EURE Moyen haut</small>",3 oct. 2026
6180358,Combe de Savoie - Val Gelon,73,Savoie,SUP,alerte_renforcee,Alerte renforcée,3,2026-09-25,2026-10-30,2026-1220,"<b>Eaux de surface</b><br><span style=""background:red;color:#fff;padding:2px 7px;border-radius:4px;font-weight:bold;font-size:0.85em"">Alerte renforcée</span><br>du 25 sept. 2026 au 30 oct. 2026<br><small>Zone : Combe de Savoie - Val Gelon</small>",3 oct. 2026
6180360,Lac du Bourget - Albanais,73,Savoie,SUP,alerte_renforcee,Alerte renforcée,3,2026-09-25,2026-10-30,2026-1220,"<b>Eaux de surface</b><br><span style=""background:red;color:#fff;padding:2px 7px;border-radius:4px;font-weight:bold;font-size:0.85em"">Alerte renforcée</span><br>du 25 sept. 2026 au 30 oct. 2026<br><small>Zone : Lac du Bourget - Albanais</small>",3 oct. 2026
6180369,Guiers - Chartreuse,73,Savoie,SUP,alerte_renforcee,Alerte renforcée,3,2026-09-25,2026-10-30,2026-1220,"<b>Eaux de surface</b><br><span style=""background:red;color:#fff;padding:2px 7px;border-radius:4px;font-weight:bold;font-size:0.85em"">Alerte renforcée</span><br>du 25 sept. 2026 au 30 oct. 2026<br><small>Zone : Guiers - Chartreuse</small>",3 oct. 2026
6177664,Groix,56,Morbihan,SUP,alerte_renforcee,Alerte renforcée,3,2026-08-08,2026-11-30,20260807_AP_AR_Iles,"<b>Eaux de surface</b><br><span style=""background:red;color:#fff;padding:2px 7px;border-radius:4px;font-weight:bold;font-size:0.85em"">Alerte renforcée</span><br>du 8 août 2026 au 30 nov. 2026<br><small>Zone : Groix</small>",3 oct. 2026
6177665,Houat,56,Morbihan,SUP,alerte_renforcee,Alerte renforcée,3,2026-08-08,2026-11-30,20260807_AP_AR_Iles,"<b>Eaux de surface</b><br><span style=""background:red;color:#fff;padding:2px 7px;border-radius:4px;font-weight:bold;font-size:0.85em"">Alerte renforcée</span><br>du 8 août 2026 au 30 nov. 2026<br><small>Zone : Houat</small>",3 oct. 2026
6180385,Arve médian,74,Haute-Savoie,SUP,alerte_renforcee,Alerte renforcée,3,2026-10-01,2026-10-31,DDT-2026-1171,"<b>Eaux de surface</b><br><span style=""background:red;color:#fff;padding:2px 7px;border-radius:4px;font-weight:bold;font-size:0.85em"">Alerte renforcée</span><br>du 1 oct. 2026 au 31 oct. 2026<br><small>Zone : Arve médian</small>",3 oct. 2026
6180390,Fier,74,Haute-Savoie,SUP,alerte_renforcee,Alerte renforcée,3,2026-10-01,2026-10-31,DDT-2026-1171,"<b>Eaux de surface</b><br><span style=""background:red;color:#fff;padding:2px 7px;border-radius:4px;font-weight:bold;font-size:0.85em"">Alerte renforcée</span><br>du 1 oct. 2026 au 31 oct. 2026<br><small>Zone : Fier</small>",3 oct. 2026
6180394,Sud-Ouest Lémanique,74,Haute-Savoie,SUP,alerte_renforcee,Alerte renforcée,3,2026-10-01,2026-10-31,DDT-2026-1171,"<b>Eaux de surface</b><br><span style=""background:red;color:#fff;padding:2px 7px;border-radius:4px;font-weight:bold;font-size:0.85em"">Alerte renforcée</span><br>du 1 oct. 2026 au 31 oct. 2026<br><small>Zone : Sud-Ouest Lémanique</small>",3 oct. 2026
6177157,Bassin de la Brenne,41,Loir-et-Cher,SUP,alerte_renforcee,Alerte renforcée,3,2026-09-25,,41-2026-09-24-00004,"<b>Eaux de surface</b><br><span style=""background:red;color:#fff;padding:2px 7px;border-radius:4px;font-weight:bold;font-size:0.85em"">Alerte renforcée</span><br>depuis le 25 sept. 2026<br><small>Zone : Bassin de la Brenne</small>",3 oct. 2026
6177158,Bassin du Beuvron,41,Loir-et-Cher,SUP,alerte_renforcee,Alerte renforcée,3,2026-09-25,,41-2026-09-24-00004,"<b>Eaux de surface</b><br><span style=""background:red;color:#fff;padding:2px 7px;border-radius:4px;font-weight:bold;font-size:0.85em"">Alerte renforcée</span><br>depuis le 25 sept. 2026<br><small>Zone : Bassin du Beuvron</small>",3 oct. 2026
6177159,Bassin de la Masse,41,Loir-et-Cher,SUP,alerte_renforcee,Alerte renforcée,3,2026-09-25,,41-2026-09-24-00004,"<b>Eaux de surface</b><br><span style=""background:red;color:#fff;padding:2px 7px;border-radius:4px;font-weight:bold;font-size:0.85em"">Alerte renforcée</span><br>depuis le 25 sept. 2026<br><small>Zone : Bassin de la Masse</small>",3 oct. 2026
6181619,Zone de gestion Seine Est,89,Yonne,SUP,alerte_renforcee,Alerte renforcée,3,2026-09-04,2026-12-31,DDT/SEE/2026/0072,"<b>Eaux de surface</b><br><span style=""background:red;color:#fff;padding:2px 7px;border-radius:4px;font-weight:bold;font-size:0.85em"">Alerte renforcée</span><br>du 4 sept. 2026 au 31 déc. 2026<br><small>Zone : Zone de gestion Seine Est</small>",3 oct. 2026
6181621,Zone de gestion Armançon Amont,89,Yonne,SUP,alerte_renforcee,Alerte renforcée,3,2026-09-04,2026-12-31,DDT/SEE/2026/0072,"<b>Eaux de surface</b><br><span style=""background:red;color:#fff;padding:2px 7px;border-radius:4px;font-weight:bold;font-size:0.85em"">Alerte renforcée</span><br>du 4 sept. 2026 au 31 déc. 2026<br><small>Zone : Zone de gestion Armançon Amont</small>",3 oct. 2026
6181626,Zone de gestion Yonne Moyenne,89,Yonne,SUP,alerte_renforcee,Alerte renforcée,3,2026-09-04,2026-12-31,DDT/SEE/2026/0072,"<b>Eaux de surface</b><br><span style=""background:red;color:#fff;padding:2px 7px;border-radius:4px;font-weight:bold;font-size:0.85em"">Alerte renforcée</span><br>du 4 sept. 2026 au 31 déc. 2026<br><small>Zone : Zone de gestion Yonne Moyenne</small>",3 oct. 2026
6181229,Dive du Nord - eaux superficielles,79,Deux-Sèvres,SUP,alerte_renforcee,Alerte renforcée,3,2026-08-27,2026-10-31,20260826_Dive du nord,"<b>Eaux de surface</b><br><span style=""background:red;color:#fff;padding:2px 7px;border-radius:4px;font-weight:bold;font-size:0.85em"">Alerte renforcée</span><br>du 27 août 2026 au 31 oct. 2026<br><small>Zone : Dive du Nord - eaux superficielles</small>",3 oct. 2026
6181196,Boivre - eaux superficielles,79,Deux-Sèvres,SUP,alerte_renforcee,Alerte renforcée,3,2026-07-24,2026-10-31,20260723_AP_Clain,"<b>Eaux de surface</b><br><span style=""background:red;color:#fff;padding:2px 7px;border-radius:4px;font-weight:bold;font-size:0.85em"">Alerte renforcée</span><br>du 24 juil. 2026 au 31 oct. 2026<br><small>Zone : Boivre - eaux superficielles</small>",3 oct. 2026
6175690,ZA Lisos,33,Gironde,SUP,alerte_renforcee,Alerte renforcée,3,2026-09-30,2026-10-31,SEN/2026/09/28-734,"<b>Eaux de surface</b><br><span style=""background:red;color:#fff;padding:2px 7px;border-radius:4px;font-weight:bold;font-size:0.85em"">Alerte renforcée</span><br>du 30 sept. 2026 au 31 oct. 2026<br><small>Zone : ZA Lisos</small>",3 oct. 2026
6175693,ZA Andouille,33,Gironde,SUP,alerte_renforcee,Alerte renforcée,3,2026-09-30,2026-10-31,SEN/2026/09/28-734,"<b>Eaux de surface</b><br><span style=""background:red;color:#fff;padding:2px 7px;border-radius:4px;font-weight:bold;font-size:0.85em"">Alerte renforcée</span><br>du 30 sept. 2026 au 31 oct. 2026<br><small>Zone : ZA Andouille</small>",3 oct. 2026
6175695,ZA des Lacs Médocains,33,Gironde,SUP,alerte_renforcee,Alerte renforcée,3,2026-09-30,2026-10-31,SEN/2026/09/28-734,"<b>Eaux de surface</b><br><span style=""background:red;color:#fff;padding:2px 7px;border-radius:4px;font-weight:bold;font-size:0.85em"">Alerte renforcée</span><br>du 30 sept. 2026 au 31 oct. 2026<br><small>Zone : ZA des Lacs Médocains</small>",3 oct. 2026
6181199,Auxance - eaux superficielles,79,Deux-Sèvres,SUP,alerte_renforcee,Alerte renforcée,3,2026-07-24,2026-10-31,20260723_AP_Clain,"<b>Eaux de surface</b><br><span style=""background:red;color:#fff;padding:2px 7px;border-radius:4px;font-weight:bold;font-size:0.85em"">Alerte renforcée</span><br>du 24 juil. 2026 au 31 oct. 2026<br><small>Zone : Auxance - eaux superficielles</small>",3 oct. 2026
6181200,Dive du Sud - eaux superficielles,79,Deux-Sèvres,SUP,alerte_renforcee,Alerte renforcée,3,2026-07-24,2026-10-31,20260723_AP_Clain,"<b>Eaux de surface</b><br><span style=""background:red;color:#fff;padding:2px 7px;border-radius:4px;font-weight:bold;font-size:0.85em"">Alerte renforcée</span><br>du 24 juil. 2026 au 31 oct. 2026<br><small>Zone : Dive du Sud - eaux superficielles</small>",3 oct. 2026
6175700,ZA Jalle de Blanquefort,33,Gironde,SUP,alerte_renforcee,Alerte renforcée,3,2026-09-30,2026-10-31,SEN/2026/09/28-734,"<b>Eaux de surface</b><br><span style=""background:red;color:#fff;padding:2px 7px;border-radius:4px;font-weight:bold;font-size:0.85em"">Alerte renforcée</span><br>du 30 sept. 2026 au 31 oct. 2026<br><small>Zone : ZA Jalle de Blanquefort</small>",3 oct. 2026
6175705,ZA Laurence,33,Gironde,SUP,alerte_renforcee,Alerte renforcée,3,2026-09-30,2026-10-31,SEN/2026/09/28-734,"<b>Eaux de surface</b><br><span style=""background:red;color:#fff;padding:2px 7px;border-radius:4px;font-weight:bold;font-size:0.85em"">Alerte renforcée</span><br>du 30 sept. 2026 au 31 oct. 2026<br><small>Zone : ZA Laurence</small>",3 oct. 2026
6175706,ZA Gaillardon – Euille,33,Gironde,SUP,alerte_renforcee,Alerte renforcée,3,2026-09-30,2026-10-31,SEN/2026/09/28-734,"<b>Eaux de surface</b><br><span style=""background:red;color:#fff;padding:2px 7px;border-radius:4px;font-weight:bold;font-size:0.85em"">Alerte renforcée</span><br>du 30 sept. 2026 au 31 oct. 2026<br><small>Zone : ZA Gaillardon – Euille</small>",3 oct. 2026
6181204,Lambon - eaux superficielles,79,Deux-Sèvres,SUP,alerte_renforcee,Alerte renforcée,3,2026-08-12,2026-10-31,20260811_AP_SNMP,"<b>Eaux de surface</b><br><span style=""background:red;color:#fff;padding:2px 7px;border-radius:4px;font-weight:bold;font-size:0.85em"">Alerte renforcée</span><br>du 12 août 2026 au 31 oct. 2026<br><small>Zone : Lambon - eaux superficielles</small>",3 oct. 2026
6175707,ZA Gamage - Escouach,33,Gironde,SUP,alerte_renforcee,Alerte renforcée,3,2026-09-30,2026-10-31,SEN/2026/09/28-734,"<b>Eaux de surface</b><br><span style=""background:red;color:#fff;padding:2px 7px;border-radius:4px;font-weight:bold;font-size:0.85em"">Alerte renforcée</span><br>du 30 sept. 2026 au 31 oct. 2026<br><small>Zone : ZA Gamage - Escouach</small>",3 oct. 2026
6175710,ZA Jalle de Castelnau,33,Gironde,SUP,alerte_renforcee,Alerte renforcée,3,2026-09-30,2026-10-31,SEN/2026/09/28-734,"<b>Eaux de surface</b><br><span style=""background:red;color:#fff;padding:2px 7px;border-radius:4px;font-weight:bold;font-size:0.85em"">Alerte renforcée</span><br>du 30 sept. 2026 au 31 oct. 2026<br><small>Zone : ZA Jalle de Castelnau</small>",3 oct. 2026
6175711,"ZA Bassanne, Brion, Beuve",33,Gironde,SUP,alerte_renforcee,Alerte renforcée,3,2026-09-30,2026-10-31,SEN/2026/09/28-734,"<b>Eaux de surface</b><br><span style=""background:red;color:#fff;padding:2px 7px;border-radius:4px;font-weight:bold;font-size:0.85em"">Alerte renforcée</span><br>du 30 sept. 2026 au 31 oct. 2026<br><small>Zone : ZA Bassanne, Brion, Beuve</small>",3 oct. 2026
6181210,Sèvre Niortaise Moyenne - eaux superficielles,79,Deux-Sèvres,SUP,alerte_renforcee,Alerte renforcée,3,2026-08-12,2026-10-31,20260811_AP_SNMP,"<b>Eaux de surface</b><br><span style=""background:red;color:#fff;padding:2px 7px;border-radius:4px;font-weight:bold;font-size:0.85em"">Alerte renforcée</span><br>du 12 août 2026 au 31 oct. 2026<br><small>Zone : Sèvre Niortaise Moyenne - eaux superficielles</small>",3 oct. 2026
6181212,Sèvre Niortaise Amont - eaux superficielles,79,Deux-Sèvres,SUP,alerte_renforcee,Alerte renforcée,3,2026-08-12,2026-10-31,20260811_AP_SNMP,"<b>Eaux de surface</b><br><span style=""background:red;color:#fff;padding:2px 7px;border-radius:4px;font-weight:bold;font-size:0.85em"">Alerte renforcée</span><br>du 12 août 2026 au 31 oct. 2026<br><small>Zone : Sèvre Niortaise Amont - eaux superficielles</small>",3 oct. 2026
6181220,Thouaret - eaux superficielles,79,Deux-Sèvres,SUP,alerte_renforcee,Alerte renforcée,3,2026-09-12,2026-10-31,20260911_AP_TTA,"<b>Eaux de surface</b><br><span style=""background:red;color:#fff;padding:2px 7px;border-radius:4px;font-weight:bold;font-size:0.85em"">Alerte renforcée</span><br>du 12 sept. 2026 au 31 oct. 2026<br><small>Zone : Thouaret - eaux superficielles</small>",3 oct. 2026
6181227,Argenton - eaux superficielles,79,Deux-Sèvres,SUP,alerte_renforcee,Alerte renforcée,3,2026-09-12,2026-10-31,20260911_AP_TTA,"<b>Eaux de surface</b><br><span style=""background:red;color:#fff;padding:2px 7px;border-radius:4px;font-weight:bold;font-size:0.85em"">Alerte renforcée</span><br>du 12 sept. 2026 au 31 oct. 2026<br><small>Zone : Argenton - eaux superficielles</small>",3 oct. 2026
6174569,Zone d'alerte n°3.1_La Lèze réalimentée,09,Ariège,SUP,alerte_renforcee,Alerte renforcée,3,2026-09-21,2026-10-04,20260918,"<b>Eaux de surface</b><br><span style=""background:red;color:#fff;padding:2px 7px;border-radius:4px;font-weight:bold;font-size:0.85em"">Alerte renforcée</span><br>du 21 sept. 2026 au 4 oct. 2026<br><small>Zone : Zone d'alerte n°3.1_La Lèze réalimentée</small>",3 oct. 2026
6173658,Zone dépendant des bassins  Loup et Siagne amont,06,Alpes-Maritimes,SUP,alerte_renforcee,Alerte renforcée,3,2026-09-30,2026-10-31,AP 2026-134,"<b>Eaux de surface</b><br><span style=""background:red;color:#fff;padding:2px 7px;border-radius:4px;font-weight:bold;font-size:0.85em"">Alerte renforcée</span><br>du 30 sept. 2026 au 31 oct. 2026<br><small>Zone : Zone dépendant des bassins  Loup et Siagne amont</small>",3 oct. 2026
6172710,Oise Amont - Sambre,02,Aisne,SUP,alerte_renforcee,Alerte renforcée,3,2026-08-26,,ENV/PE/2026/046,"<b>Eaux de surface</b><br><span style=""background:red;color:#fff;padding:2px 7px;border-radius:4px;font-weight:bold;font-size:0.85em"">Alerte renforcée</span><br>depuis le 26 août 2026<br><small>Zone : Oise Amont - Sambre</small>",3 oct. 2026
6173650,Zone dépendant des bassins de la Siagne amont et  Loup,06,Alpes-Maritimes,SUP,alerte_renforcee,Alerte renforcée,3,2026-09-30,2026-10-31,AP 2026-134,"<b>Eaux de surface</b><br><span style=""background:red;color:#fff;padding:2px 7px;border-radius:4px;font-weight:bold;font-size:0.85em"">Alerte renforcée</span><br>du 30 sept. 2026 au 31 oct. 2026<br><small>Zone : Zone dépendant des bassins de la Siagne amont et  Loup</small>",3 oct. 2026
6173673,Bassin versant des Paillons,06,Alpes-Maritimes,SUP,alerte_renforcee,Alerte renforcée,3,2026-09-30,2026-10-31,AP 2026-134,"<b>Eaux de surface</b><br><span style=""background:red;color:#fff;padding:2px 7px;border-radius:4px;font-weight:bold;font-size:0.85em"">Alerte renforcée</span><br>du 30 sept. 2026 au 31 oct. 2026<br><small>Zone : Bassin versant des Paillons</small>",3 oct. 2026
6173677,Bassin versant de la Siagne amont,06,Alpes-Maritimes,SUP,alerte_renforcee,Alerte renforcée,3,2026-09-30,2026-10-31,AP 2026-134,"<b>Eaux de surface</b><br><span style=""background:red;color:#fff;padding:2px 7px;border-radius:4px;font-weight:bold;font-size:0.85em"">Alerte renforcée</span><br>du 30 sept. 2026 au 31 oct. 2026<br><small>Zone : Bassin versant de la Siagne amont</small>",3 oct. 2026
6175724,Canal du Midi,34,Hérault,SUP,alerte_renforcee,Alerte renforcée,3,2026-09-24,2026-10-31,DDTM34-2026-09-17516,"<b>Eaux de surface</b><br><span style=""background:red;color:#fff;padding:2px 7px;border-radius:4px;font-weight:bold;font-size:0.85em"">Alerte renforcée</span><br>du 24 sept. 2026 au 31 oct. 2026<br><small>Zone : Canal du Midi</small>",3 oct. 2026
6175739,Axe Orb aval Réals,34,Hérault,SUP,alerte_renforcee,Alerte renforcée,3,2026-09-24,2026-10-31,DDTM34-2026-09-17516,"<b>Eaux de surface</b><br><span style=""background:red;color:#fff;padding:2px 7px;border-radius:4px;font-weight:bold;font-size:0.85em"">Alerte renforcée</span><br>du 24 sept. 2026 au 31 oct. 2026<br><small>Zone : Axe Orb aval Réals</small>",3 oct. 2026
6175713,Bassin versant de l’Aude aval,34,Hérault,SUP,alerte_renforcee,Alerte renforcée,3,2026-09-24,2026-10-31,DDTM34-2026-09-17516,"<b>Eaux de surface</b><br><span style=""background:red;color:#fff;padding:2px 7px;border-radius:4px;font-weight:bold;font-size:0.85em"">Alerte renforcée</span><br>du 24 sept. 2026 au 31 oct. 2026<br><small>Zone : Bassin versant de l’Aude aval</small>",3 oct. 2026
6175716,Bassin versant de la Cesse,34,Hérault,SUP,alerte_renforcee,Alerte renforcée,3,2026-09-24,2026-10-31,DDTM34-2026-09-17516,"<b>Eaux de surface</b><br><span style=""background:red;color:#fff;padding:2px 7px;border-radius:4px;font-weight:bold;font-size:0.85em"">Alerte renforcée</span><br>du 24 sept. 2026 au 31 oct. 2026<br><small>Zone : Bassin versant de la Cesse</small>",3 oct. 2026
6172709,Petit Morin,02,Aisne,SUP,alerte_renforcee,Alerte renforcée,3,2026-08-26,,ENV/PE/2026/046,"<b>Eaux de surface</b><br><span style=""background:red;color:#fff;padding:2px 7px;border-radius:4px;font-weight:bold;font-size:0.85em"">Alerte renforcée</span><br>depuis le 26 août 2026<br><small>Zone : Petit Morin</small>",3 oct. 2026
6174771,Secteur Orne Aval - ESU,14,Calvados,SUP,alerte_renforcee,Alerte renforcée,3,2026-09-11,2026-10-31,2026_06,"<b>Eaux de surface</b><br><span style=""background:red;color:#fff;padding:2px 7px;border-radius:4px;font-weight:bold;font-size:0.85em"">Alerte renforcée</span><br>du 11 sept. 2026 au 31 oct. 2026<br><small>Zone : Secteur Orne Aval - ESU</small>",3 oct. 2026
6177153,Bassin de la Sauldre,41,Loir-et-Cher,SUP,alerte_renforcee,Alerte renforcée,3,2026-09-25,,41-2026-09-24-00004,"<b>Eaux de surface</b><br><span style=""background:red;color:#fff;padding:2px 7px;border-radius:4px;font-weight:bold;font-size:0.85em"">Alerte renforcée</span><br>depuis le 25 sept. 2026<br><small>Zone : Bassin de la Sauldre</small>",3 oct. 2026
6173665,Bassin versant du Loup,06,Alpes-Maritimes,SUP,alerte_renforcee,Alerte renforcée,3,2026-09-30,2026-10-31,AP 2026-134,"<b>Eaux de surface</b><br><span style=""background:red;color:#fff;padding:2px 7px;border-radius:4px;font-weight:bold;font-size:0.85em"">Alerte renforcée</span><br>du 30 sept. 2026 au 31 oct. 2026<br><small>Zone : Bassin versant du Loup</small>",3 oct. 2026
6173670,"Zone dépendant des bassins de la Siagne aval, Siagne amont et Loup",06,Alpes-Maritimes,SUP,alerte_renforcee,Alerte renforcée,3,2026-09-30,2026-10-31,AP 2026-134,"<b>Eaux de surface</b><br><span style=""background:red;color:#fff;padding:2px 7px;border-radius:4px;font-weight:bold;font-size:0.85em"">Alerte renforcée</span><br>du 30 sept. 2026 au 31 oct. 2026<br><small>Zone : Zone dépendant des bassins de la Siagne aval, Siagne amont et Loup</small>",3 oct. 2026
6174628,14. Hers-Vif réalimenté,11,Aude,SUP,alerte_renforcee,Alerte renforcée,3,2026-09-30,2026-10-31,DDTM-SAFEB-2026-19,"<b>Eaux de surface</b><br><span style=""background:red;color:#fff;padding:2px 7px;border-radius:4px;font-weight:bold;font-size:0.85em"">Alerte renforcée</span><br>du 30 sept. 2026 au 31 oct. 2026<br><small>Zone : 14. Hers-Vif réalimenté</small>",3 oct. 2026
6180430,BRESLE,76,Seine-Maritime,SUP,alerte_renforcee,Alerte renforcée,3,2026-08-20,2026-12-31,76_20260819_Zone1_Alerte_Renforcée_ESU,"<b>Eaux de surface</b><br><span style=""background:red;color:#fff;padding:2px 7px;border-radius:4px;font-weight:bold;font-size:0.85em"">Alerte renforcée</span><br>du 20 août 2026 au 31 déc. 2026<br><small>Zone : BRESLE</small>",3 oct. 2026
6177185,Gier,42,Loire,SUP,alerte_renforcee,Alerte renforcée,3,2026-09-14,2026-10-31,DT-42-26-0606,"<b>Eaux de surface</b><br><span style=""background:red;color:#fff;padding:2px 7px;border-radius:4px;font-weight:bold;font-size:0.85em"">Alerte renforcée</span><br>du 14 sept. 2026 au 31 oct. 2026<br><small>Zone : Gier</small>",3 oct. 2026
6175001,Bèze,21,Côte-d'Or,SUP,alerte_renforcee,Alerte renforcée,3,2026-09-30,2026-11-15,1583,"<b>Eaux de surface</b><br><span style=""background:red;color:#fff;padding:2px 7px;border-radius:4px;font-weight:bold;font-size:0.85em"">Alerte renforcée</span><br>du 30 sept. 2026 au 15 nov. 2026<br><small>Zone : Bèze</small>",3 oct. 2026
6177188,Roannais Aix,42,Loire,SUP,alerte_renforcee,Alerte renforcée,3,2026-09-14,2026-10-31,DT-42-26-0606,"<b>Eaux de surface</b><br><span style=""background:red;color:#fff;padding:2px 7px;border-radius:4px;font-weight:bold;font-size:0.85em"">Alerte renforcée</span><br>du 14 sept. 2026 au 31 oct. 2026<br><small>Zone : Roannais Aix</small>",3 oct. 2026
6177189,Sud Loire,42,Loire,SUP,alerte_renforcee,Alerte renforcée,3,2026-09-14,2026-10-31,DT-42-26-0606,"<b>Eaux de surface</b><br><span style=""background:red;color:#fff;padding:2px 7px;border-radius:4px;font-weight:bold;font-size:0.85em"">Alerte renforcée</span><br>du 14 sept. 2026 au 31 oct. 2026<br><small>Zone : Sud Loire</small>",3 oct. 2026
6177667,Hoedic,56,Morbihan,SUP,alerte_renforcee,Alerte renforcée,3,2026-08-08,2026-11-30,20260807_AP_AR_Iles,"<b>Eaux de surface</b><br><span style=""background:red;color:#fff;padding:2px 7px;border-radius:4px;font-weight:bold;font-size:0.85em"">Alerte renforcée</span><br>du 8 août 2026 au 30 nov. 2026<br><small>Zone : Hoedic</small>",3 oct. 2026
6177670,Belle-Île-en-mer,56,Morbihan,SUP,alerte_renforcee,Alerte renforcée,3,2026-08-08,2026-11-30,20260807_AP_AR_Iles,"<b>Eaux de surface</b><br><span style=""background:red;color:#fff;padding:2px 7px;border-radius:4px;font-weight:bold;font-size:0.85em"">Alerte renforcée</span><br>du 8 août 2026 au 30 nov. 2026<br><small>Zone : Belle-Île-en-mer</small>",3 oct. 2026
6173663,Zone dépendant des bassins Brague et Var aval,06,Alpes-Maritimes,SUP,alerte_renforcee,Alerte renforcée,3,2026-09-30,2026-10-31,AP 2026-134,"<b>Eaux de surface</b><br><span style=""background:red;color:#fff;padding:2px 7px;border-radius:4px;font-weight:bold;font-size:0.85em"">Alerte renforcée</span><br>du 30 sept. 2026 au 31 oct. 2026<br><small>Zone : Zone dépendant des bassins Brague et Var aval</small>",3 oct. 2026
6174927,Bassin de la Grande Sauldre et du Beuvron,18,Cher,SUP,alerte_renforcee,Alerte renforcée,3,2026-09-17,, DDT-2026-360,"<b>Eaux de surface</b><br><span style=""background:red;color:#fff;padding:2px 7px;border-radius:4px;font-weight:bold;font-size:0.85em"">Alerte renforcée</span><br>depuis le 17 sept. 2026<br><small>Zone : Bassin de la Grande Sauldre et du Beuvron</small>",3 oct. 2026
6173645,Zone dépendant des bassins Loup et Var aval,06,Alpes-Maritimes,SUP,alerte_renforcee,Alerte renforcée,3,2026-09-30,2026-10-31,AP 2026-134,"<b>Eaux de surface</b><br><span style=""background:red;color:#fff;padding:2px 7px;border-radius:4px;font-weight:bold;font-size:0.85em"">Alerte renforcée</span><br>du 30 sept. 2026 au 31 oct. 2026<br><small>Zone : Zone dépendant des bassins Loup et Var aval</small>",3 oct. 2026
6173724,Ouvèze,07,Ardèche,SUP,alerte_renforcee,Alerte renforcée,3,2026-09-21,2026-10-31,07-2026-09-21-00005,"<b>Eaux de surface</b><br><span style=""background:red;color:#fff;padding:2px 7px;border-radius:4px;font-weight:bold;font-size:0.85em"">Alerte renforcée</span><br>du 21 sept. 2026 au 31 oct. 2026<br><small>Zone : Ouvèze</small>",3 oct. 2026
6173737,Beaume-Chassezac,07,Ardèche,SUP,alerte_renforcee,Alerte renforcée,3,2026-09-21,2026-10-31,07-2026-09-21-00005,"<b>Eaux de surface</b><br><span style=""background:red;color:#fff;padding:2px 7px;border-radius:4px;font-weight:bold;font-size:0.85em"">Alerte renforcée</span><br>du 21 sept. 2026 au 31 oct. 2026<br><small>Zone : Beaume-Chassezac</small>",3 oct. 2026
6177034,Douze - Réalimentation Tailluret,40,Landes,SUP,alerte_renforcee,Alerte renforcée,3,2026-10-03,2026-10-31,AP ACI ADOUR 2026-1275,"<b>Eaux de surface</b><br><span style=""background:red;color:#fff;padding:2px 7px;border-radius:4px;font-weight:bold;font-size:0.85em"">Alerte renforcée</span><br>du 3 oct. 2026 au 31 oct. 2026<br><small>Zone : Douze - Réalimentation Tailluret</small>",3 oct. 2026
6173752,Meuse et Chiers,08,Ardennes,SUP,alerte_renforcee,Alerte renforcée,3,2026-07-20,2026-10-31,Arrêté n°2026 / 540 meuse-chiers  alerte renforcée,"<b>Eaux de surface</b><br><span style=""background:red;color:#fff;padding:2px 7px;border-radius:4px;font-weight:bold;font-size:0.85em"">Alerte renforcée</span><br>du 20 juil. 2026 au 31 oct. 2026<br><small>Zone : Meuse et Chiers</small>",3 oct. 2026
6174683,Le Viaur aval réalimenté,12,Aveyron,SUP,alerte_renforcee,Alerte renforcée,3,2026-08-15,2026-10-31,MN-12-2026-10,"<b>Eaux de surface</b><br><span style=""background:red;color:#fff;padding:2px 7px;border-radius:4px;font-weight:bold;font-size:0.85em"">Alerte renforcée</span><br>du 15 août 2026 au 31 oct. 2026<br><small>Zone : Le Viaur aval réalimenté</small>",3 oct. 2026
6173996,Craie de Champagne Nord,08,Ardennes,SUP,alerte_renforcee,Alerte renforcée,3,2026-07-29,2026-10-31,Arrêté n°2026 / 554 Champ Nord - alerte renforcée,"<b>Eaux de surface</b><br><span style=""background:red;color:#fff;padding:2px 7px;border-radius:4px;font-weight:bold;font-size:0.85em"">Alerte renforcée</span><br>du 29 juil. 2026 au 31 oct. 2026<br><small>Zone : Craie de Champagne Nord</small>",3 oct. 2026
6174982,rivière Vézère (19),19,Corrèze,SUP,alerte_renforcee,Alerte renforcée,3,2026-10-03,2026-10-31,Arrete_prefectoral_secheresse_Correze_02102026,"<b>Eaux de surface</b><br><span style=""background:red;color:#fff;padding:2px 7px;border-radius:4px;font-weight:bold;font-size:0.85em"">Alerte renforcée</span><br>du 3 oct. 2026 au 31 oct. 2026<br><small>Zone : rivière Vézère (19)</small>",3 oct. 2026
6174699,L'Aveyron source et son bassin,12,Aveyron,SUP,alerte_renforcee,Alerte renforcée,3,2026-08-15,2026-10-31,MN-12-2026-10,"<b>Eaux de surface</b><br><span style=""background:red;color:#fff;padding:2px 7px;border-radius:4px;font-weight:bold;font-size:0.85em"">Alerte renforcée</span><br>du 15 août 2026 au 31 oct. 2026<br><small>Zone : L'Aveyron source et son bassin</small>",3 oct. 2026
6174703,Dourdou de Conques,12,Aveyron,SUP,alerte_renforcee,Alerte renforcée,3,2026-08-15,2026-10-31,MN-12-2026-10,"<b>Eaux de surface</b><br><span style=""background:red;color:#fff;padding:2px 7px;border-radius:4px;font-weight:bold;font-size:0.85em"">Alerte renforcée</span><br>du 15 août 2026 au 31 oct. 2026<br><small>Zone : Dourdou de Conques</small>",3 oct. 2026
6181235,BASSIN DE LA MAYE,80,Somme,SUP,alerte_renforcee,Alerte renforcée,3,2026-08-21,,Vigi-Authie-Nièvre_Alerte-TsSecteurs_AR-Maye,"<b>Eaux de surface</b><br><span style=""background:red;color:#fff;padding:2px 7px;border-radius:4px;font-weight:bold;font-size:0.85em"">Alerte renforcée</span><br>depuis le 21 août 2026<br><small>Zone : BASSIN DE LA MAYE</small>",3 oct. 2026
6175537,Zone 6,2A,Corse-du-Sud,SUP,alerte_renforcee,Alerte renforcée,3,2026-08-07,2026-10-31,2A-2026-08-07-00001,"<b>Eaux de surface</b><br><span style=""background:red;color:#fff;padding:2px 7px;border-radius:4px;font-weight:bold;font-size:0.85em"">Alerte renforcée</span><br>du 7 août 2026 au 31 oct. 2026<br><small>Zone : Zone 6</small>",3 oct. 2026
6175540,Zone 2,2A,Corse-du-Sud,SUP,alerte_renforcee,Alerte renforcée,3,2026-08-07,2026-10-31,2A-2026-08-07-00001,"<b>Eaux de surface</b><br><span style=""background:red;color:#fff;padding:2px 7px;border-radius:4px;font-weight:bold;font-size:0.85em"">Alerte renforcée</span><br>du 7 août 2026 au 31 oct. 2026<br><small>Zone : Zone 2</small>",3 oct. 2026
6175543,Zone 1,2A,Corse-du-Sud,SUP,alerte_renforcee,Alerte renforcée,3,2026-08-07,2026-10-31,2A-2026-08-07-00001,"<b>Eaux de surface</b><br><span style=""background:red;color:#fff;padding:2px 7px;border-radius:4px;font-weight:bold;font-size:0.85em"">Alerte renforcée</span><br>du 7 août 2026 au 31 oct. 2026<br><small>Zone : Zone 1</small>",3 oct. 2026
6177195,Monts du Lyonnais,42,Loire,SUP,alerte_renforcee,Alerte renforcée,3,2026-09-14,2026-10-31,DT-42-26-0606,"<b>Eaux de surface</b><br><span style=""background:red;color:#fff;padding:2px 7px;border-radius:4px;font-weight:bold;font-size:0.85em"">Alerte renforcée</span><br>du 14 sept. 2026 au 31 oct. 2026<br><small>Zone : Monts du Lyonnais</small>",3 oct. 2026
6177221,LOIRE MOYENNE RIVE GAUCHE,43,Haute-Loire,SUP,alerte_renforcee,Alerte renforcée,3,2026-09-22,2026-12-31,DDT-SEF-2026-538,"<b>Eaux de surface</b><br><span style=""background:red;color:#fff;padding:2px 7px;border-radius:4px;font-weight:bold;font-size:0.85em"">Alerte renforcée</span><br>du 22 sept. 2026 au 31 déc. 2026<br><small>Zone : LOIRE MOYENNE RIVE GAUCHE</small>",3 oct. 2026
6177223,ALLIER AVAL,43,Haute-Loire,SUP,alerte_renforcee,Alerte renforcée,3,2026-09-22,2026-12-31,DDT-SEF-2026-538,"<b>Eaux de surface</b><br><span style=""background:red;color:#fff;padding:2px 7px;border-radius:4px;font-weight:bold;font-size:0.85em"">Alerte renforcée</span><br>du 22 sept. 2026 au 31 déc. 2026<br><small>Zone : ALLIER AVAL</small>",3 oct. 2026
6177225,BORNE,43,Haute-Loire,SUP,alerte_renforcee,Alerte renforcée,3,2026-09-22,2026-12-31,DDT-SEF-2026-538,"<b>Eaux de surface</b><br><span style=""background:red;color:#fff;padding:2px 7px;border-radius:4px;font-weight:bold;font-size:0.85em"">Alerte renforcée</span><br>du 22 sept. 2026 au 31 déc. 2026<br><small>Zone : BORNE</small>",3 oct. 2026
6177227,LOIRE AVAL,43,Haute-Loire,SUP,alerte_renforcee,Alerte renforcée,3,2026-09-22,2026-12-31,DDT-SEF-2026-538,"<b>Eaux de surface</b><br><span style=""background:red;color:#fff;padding:2px 7px;border-radius:4px;font-weight:bold;font-size:0.85em"">Alerte renforcée</span><br>du 22 sept. 2026 au 31 déc. 2026<br><small>Zone : LOIRE AVAL</small>",3 oct. 2026
6177228,LOIRE MOYENNE RIVE DROITE,43,Haute-Loire,SUP,alerte_renforcee,Alerte renforcée,3,2026-09-22,2026-12-31,DDT-SEF-2026-538,"<b>Eaux de surface</b><br><span style=""background:red;color:#fff;padding:2px 7px;border-radius:4px;font-weight:bold;font-size:0.85em"">Alerte renforcée</span><br>du 22 sept. 2026 au 31 déc. 2026<br><small>Zone : LOIRE MOYENNE RIVE DROITE</small>",3 oct. 2026
6177229,HAUT-LIGNON,43,Haute-Loire,SUP,alerte_renforcee,Alerte renforcée,3,2026-09-22,2026-12-31,DDT-SEF-2026-538,"<b>Eaux de surface</b><br><span style=""background:red;color:#fff;padding:2px 7px;border-radius:4px;font-weight:bold;font-size:0.85em"">Alerte renforcée</span><br>du 22 sept. 2026 au 31 déc. 2026<br><small>Zone : HAUT-LIGNON</small>",3 oct. 2026
6177230,ALLIER AMONT,43,Haute-Loire,SUP,alerte_renforcee,Alerte renforcée,3,2026-09-22,2026-12-31,DDT-SEF-2026-538,"<b>Eaux de surface</b><br><span style=""background:red;color:#fff;padding:2px 7px;border-radius:4px;font-weight:bold;font-size:0.85em"">Alerte renforcée</span><br>du 22 sept. 2026 au 31 déc. 2026<br><small>Zone : ALLIER AMONT</small>",3 oct. 2026
6177232,LOIRE AMONT,43,Haute-Loire,SUP,alerte_renforcee,Alerte renforcée,3,2026-09-22,2026-12-31,DDT-SEF-2026-538,"<b>Eaux de surface</b><br><span style=""background:red;color:#fff;padding:2px 7px;border-radius:4px;font-weight:bold;font-size:0.85em"">Alerte renforcée</span><br>du 22 sept. 2026 au 31 déc. 2026<br><small>Zone : LOIRE AMONT</small>",3 oct. 2026
6177233,ALLIER MOYEN,43,Haute-Loire,SUP,alerte_renforcee,Alerte renforcée,3,2026-09-22,2026-12-31,DDT-SEF-2026-538,"<b>Eaux de surface</b><br><span style=""background:red;color:#fff;padding:2px 7px;border-radius:4px;font-weight:bold;font-size:0.85em"">Alerte renforcée</span><br>du 22 sept. 2026 au 31 déc. 2026<br><small>Zone : ALLIER MOYEN</small>",3 oct. 2026
6174718,Dourdou de Camares amont et Len,12,Aveyron,SUP,alerte_renforcee,Alerte renforcée,3,2026-08-15,2026-10-31,MN-12-2026-10,"<b>Eaux de surface</b><br><span style=""background:red;color:#fff;padding:2px 7px;border-radius:4px;font-weight:bold;font-size:0.85em"">Alerte renforcée</span><br>du 15 août 2026 au 31 oct. 2026<br><small>Zone : Dourdou de Camares amont et Len</small>",3 oct. 2026
6174722,Affluents rive droite du Tarn médian,12,Aveyron,SUP,alerte_renforcee,Alerte renforcée,3,2026-08-15,2026-10-31,MN-12-2026-10,"<b>Eaux de surface</b><br><span style=""background:red;color:#fff;padding:2px 7px;border-radius:4px;font-weight:bold;font-size:0.85em"">Alerte renforcée</span><br>du 15 août 2026 au 31 oct. 2026<br><small>Zone : Affluents rive droite du Tarn médian</small>",3 oct. 2026
6174725,L'Aveyron médian et son bassin,12,Aveyron,SUP,alerte_renforcee,Alerte renforcée,3,2026-08-15,2026-10-31,MN-12-2026-10,"<b>Eaux de surface</b><br><span style=""background:red;color:#fff;padding:2px 7px;border-radius:4px;font-weight:bold;font-size:0.85em"">Alerte renforcée</span><br>du 15 août 2026 au 31 oct. 2026<br><small>Zone : L'Aveyron médian et son bassin</small>",3 oct. 2026
6174678,La Bonnette et ses affluents,12,Aveyron,SUP,alerte_renforcee,Alerte renforcée,3,2026-08-15,2026-10-31,MN-12-2026-10,"<b>Eaux de surface</b><br><span style=""background:red;color:#fff;padding:2px 7px;border-radius:4px;font-weight:bold;font-size:0.85em"">Alerte renforcée</span><br>du 15 août 2026 au 31 oct. 2026<br><small>Zone : La Bonnette et ses affluents</small>",3 oct. 2026
6174712,La Serène et ses affluents,12,Aveyron,SUP,alerte_renforcee,Alerte renforcée,3,2026-08-15,2026-10-31,MN-12-2026-10,"<b>Eaux de surface</b><br><span style=""background:red;color:#fff;padding:2px 7px;border-radius:4px;font-weight:bold;font-size:0.85em"">Alerte renforcée</span><br>du 15 août 2026 au 31 oct. 2026<br><small>Zone : La Serène et ses affluents</small>",3 oct. 2026
6174715,Célé,12,Aveyron,SUP,alerte_renforcee,Alerte renforcée,3,2026-08-15,2026-10-31,MN-12-2026-10,"<b>Eaux de surface</b><br><span style=""background:red;color:#fff;padding:2px 7px;border-radius:4px;font-weight:bold;font-size:0.85em"">Alerte renforcée</span><br>du 15 août 2026 au 31 oct. 2026<br><small>Zone : Célé</small>",3 oct. 2026
6174734,Affluents rive gauche Truyère,12,Aveyron,SUP,alerte_renforcee,Alerte renforcée,3,2026-08-15,2026-10-31,MN-12-2026-10,"<b>Eaux de surface</b><br><span style=""background:red;color:#fff;padding:2px 7px;border-radius:4px;font-weight:bold;font-size:0.85em"">Alerte renforcée</span><br>du 15 août 2026 au 31 oct. 2026<br><small>Zone : Affluents rive gauche Truyère</small>",3 oct. 2026
6174735,Le Viaur amont réalimenté,12,Aveyron,SUP,alerte_renforcee,Alerte renforcée,3,2026-08-15,2026-10-31,MN-12-2026-10,"<b>Eaux de surface</b><br><span style=""background:red;color:#fff;padding:2px 7px;border-radius:4px;font-weight:bold;font-size:0.85em"">Alerte renforcée</span><br>du 15 août 2026 au 31 oct. 2026<br><small>Zone : Le Viaur amont réalimenté</small>",3 oct. 2026
6174738,Réal de Jouques,13,Bouches-du-Rhône,SUP,alerte_renforcee,Alerte renforcée,3,2026-09-25,2026-10-15,2026-535-SE,"<b>Eaux de surface</b><br><span style=""background:red;color:#fff;padding:2px 7px;border-radius:4px;font-weight:bold;font-size:0.85em"">Alerte renforcée</span><br>du 25 sept. 2026 au 15 oct. 2026<br><small>Zone : Réal de Jouques</small>",3 oct. 2026
6174744,Arc amont,13,Bouches-du-Rhône,SUP,alerte_renforcee,Alerte renforcée,3,2026-09-25,2026-10-15,2026-535-SE,"<b>Eaux de surface</b><br><span style=""background:red;color:#fff;padding:2px 7px;border-radius:4px;font-weight:bold;font-size:0.85em"">Alerte renforcée</span><br>du 25 sept. 2026 au 15 oct. 2026<br><small>Zone : Arc amont</small>",3 oct. 2026
6174749,Arc aval,13,Bouches-du-Rhône,SUP,alerte_renforcee,Alerte renforcée,3,2026-09-25,2026-10-15,2026-535-SE,"<b>Eaux de surface</b><br><span style=""background:red;color:#fff;padding:2px 7px;border-radius:4px;font-weight:bold;font-size:0.85em"">Alerte renforcée</span><br>du 25 sept. 2026 au 15 oct. 2026<br><small>Zone : Arc aval</small>",3 oct. 2026
6174776,Secteur Orne Moyenne - ESU,14,Calvados,SUP,alerte_renforcee,Alerte renforcée,3,2026-09-11,2026-10-31,2026_06,"<b>Eaux de surface</b><br><span style=""background:red;color:#fff;padding:2px 7px;border-radius:4px;font-weight:bold;font-size:0.85em"">Alerte renforcée</span><br>du 11 sept. 2026 au 31 oct. 2026<br><small>Zone : Secteur Orne Moyenne - ESU</small>",3 oct. 2026
6175483,YERRE,28,Eure-et-Loir,SUP,alerte_renforcee,Alerte renforcée,3,2026-09-21,,AP_SGREB_2026_255_restrictions_usages_eau,"<b>Eaux de surface</b><br><span style=""background:red;color:#fff;padding:2px 7px;border-radius:4px;font-weight:bold;font-size:0.85em"">Alerte renforcée</span><br>depuis le 21 sept. 2026<br><small>Zone : YERRE</small>",3 oct. 2026
6181312,L'Aveyron aval,81,Tarn,SUP,alerte_renforcee,Alerte renforcée,3,2026-10-03,2026-10-31,261002,"<b>Eaux de surface</b><br><span style=""background:red;color:#fff;padding:2px 7px;border-radius:4px;font-weight:bold;font-size:0.85em"">Alerte renforcée</span><br>du 3 oct. 2026 au 31 oct. 2026<br><small>Zone : L'Aveyron aval</small>",3 oct. 2026
6181313,Le Viaur amont réalimenté,81,Tarn,SUP,alerte_renforcee,Alerte renforcée,3,2026-10-03,2026-10-31,261002,"<b>Eaux de surface</b><br><span style=""background:red;color:#fff;padding:2px 7px;border-radius:4px;font-weight:bold;font-size:0.85em"">Alerte renforcée</span><br>du 3 oct. 2026 au 31 oct. 2026<br><small>Zone : Le Viaur amont réalimenté</small>",3 oct. 2026
6181318,Bassin du Dourdou de Camares amont et Len,81,Tarn,SUP,alerte_renforcee,Alerte renforcée,3,2026-10-03,2026-10-31,261002,"<b>Eaux de surface</b><br><span style=""background:red;color:#fff;padding:2px 7px;border-radius:4px;font-weight:bold;font-size:0.85em"">Alerte renforcée</span><br>du 3 oct. 2026 au 31 oct. 2026<br><small>Zone : Bassin du Dourdou de Camares amont et Len</small>",3 oct. 2026
6174833,OUGC Cogesteau /  Zone d'alerte : Son-Sonnette,16,Charente,SUP,alerte_renforcee,Alerte renforcée,3,2026-09-24,2026-10-31,AP_Restrictions_BvCharente_162026092300002,"<b>Eaux de surface</b><br><span style=""background:red;color:#fff;padding:2px 7px;border-radius:4px;font-weight:bold;font-size:0.85em"">Alerte renforcée</span><br>du 24 sept. 2026 au 31 oct. 2026<br><small>Zone : OUGC Cogesteau /  Zone d'alerte : Son-Sonnette</small>",3 oct. 2026
6174834,OUGC Cogesteau /  Zone d'alerte : Argent-Or_Lizonne,16,Charente,SUP,alerte_renforcee,Alerte renforcée,3,2026-09-24,2026-10-31,AP_Restrictions_BvCharente_162026092300002,"<b>Eaux de surface</b><br><span style=""background:red;color:#fff;padding:2px 7px;border-radius:4px;font-weight:bold;font-size:0.85em"">Alerte renforcée</span><br>du 24 sept. 2026 au 31 oct. 2026<br><small>Zone : OUGC Cogesteau /  Zone d'alerte : Argent-Or_Lizonne</small>",3 oct. 2026
6181339,Le Sor des Cammazes à la confluence avec l’Agout,81,Tarn,SUP,alerte_renforcee,Alerte renforcée,3,2026-10-03,2026-10-31,261002,"<b>Eaux de surface</b><br><span style=""background:red;color:#fff;padding:2px 7px;border-radius:4px;font-weight:bold;font-size:0.85em"">Alerte renforcée</span><br>du 3 oct. 2026 au 31 oct. 2026<br><small>Zone : Le Sor des Cammazes à la confluence avec l’Agout</small>",3 oct. 2026
6177308,Aquiaulne,45,Loiret,SUP,alerte_renforcee,Alerte renforcée,3,2026-09-23,,DDT-SEEF-2026-210,"<b>Eaux de surface</b><br><span style=""background:red;color:#fff;padding:2px 7px;border-radius:4px;font-weight:bold;font-size:0.85em"">Alerte renforcée</span><br>depuis le 23 sept. 2026<br><small>Zone : Aquiaulne</small>",3 oct. 2026
6174853,OUGC Clain /  Zone d'alerte : Clain-Amont,16,Charente,SUP,alerte_renforcee,Alerte renforcée,3,2026-07-14,2026-10-31,AP_Restrictions_BvClain_162026071300003,"<b>Eaux de surface</b><br><span style=""background:red;color:#fff;padding:2px 7px;border-radius:4px;font-weight:bold;font-size:0.85em"">Alerte renforcée</span><br>du 14 juil. 2026 au 31 oct. 2026<br><small>Zone : OUGC Clain /  Zone d'alerte : Clain-Amont</small>",3 oct. 2026
6181659,bassin versant de l'Allan_dpt 90,90,Territoire de Belfort,SUP,alerte_renforcee,Alerte renforcée,3,2026-07-17,,90-2026-09-17-00003,"<b>Eaux de surface</b><br><span style=""background:red;color:#fff;padding:2px 7px;border-radius:4px;font-weight:bold;font-size:0.85em"">Alerte renforcée</span><br>depuis le 17 juil. 2026<br><small>Zone : bassin versant de l'Allan_dpt 90</small>",3 oct. 2026
6177271,Aveyron,45,Loiret,SUP,alerte_renforcee,Alerte renforcée,3,2026-09-23,,DDT-SEEF-2026-210,"<b>Eaux de surface</b><br><span style=""background:red;color:#fff;padding:2px 7px;border-radius:4px;font-weight:bold;font-size:0.85em"">Alerte renforcée</span><br>depuis le 23 sept. 2026<br><small>Zone : Aveyron</small>",3 oct. 2026
6177274,Trezee-Ousson,45,Loiret,SUP,alerte_renforcee,Alerte renforcée,3,2026-09-23,,DDT-SEEF-2026-210,"<b>Eaux de surface</b><br><span style=""background:red;color:#fff;padding:2px 7px;border-radius:4px;font-weight:bold;font-size:0.85em"">Alerte renforcée</span><br>depuis le 23 sept. 2026<br><small>Zone : Trezee-Ousson</small>",3 oct. 2026
6177310,Loing amont,45,Loiret,SUP,alerte_renforcee,Alerte renforcée,3,2026-09-23,,DDT-SEEF-2026-210,"<b>Eaux de surface</b><br><span style=""background:red;color:#fff;padding:2px 7px;border-radius:4px;font-weight:bold;font-size:0.85em"">Alerte renforcée</span><br>depuis le 23 sept. 2026<br><small>Zone : Loing amont</small>",3 oct. 2026
6177051,Bassin du Gabas (Gabas2-40),40,Landes,SUP,alerte_renforcee,Alerte renforcée,3,2026-10-03,2026-10-31,AP ACI ADOUR 2026-1275,"<b>Eaux de surface</b><br><span style=""background:red;color:#fff;padding:2px 7px;border-radius:4px;font-weight:bold;font-size:0.85em"">Alerte renforcée</span><br>du 3 oct. 2026 au 31 oct. 2026<br><small>Zone : Bassin du Gabas (Gabas2-40)</small>",3 oct. 2026
6175556,Zone hydrographique Centre Corse,2B,Haute-Corse,SUP,alerte_renforcee,Alerte renforcée,3,2026-09-18,,2B-2026-09-18-00002,"<b>Eaux de surface</b><br><span style=""background:red;color:#fff;padding:2px 7px;border-radius:4px;font-weight:bold;font-size:0.85em"">Alerte renforcée</span><br>depuis le 18 sept. 2026<br><small>Zone : Zone hydrographique Centre Corse</small>",3 oct. 2026
6175558,Zone hydrographique Balagne,2B,Haute-Corse,SUP,alerte_renforcee,Alerte renforcée,3,2026-09-18,,2B-2026-09-18-00002,"<b>Eaux de surface</b><br><span style=""background:red;color:#fff;padding:2px 7px;border-radius:4px;font-weight:bold;font-size:0.85em"">Alerte renforcée</span><br>depuis le 18 sept. 2026<br><small>Zone : Zone hydrographique Balagne</small>",3 oct. 2026
6175559,Zone hydrographique Cap Corse - Nebbio,2B,Haute-Corse,SUP,alerte_renforcee,Alerte renforcée,3,2026-09-18,,2B-2026-09-18-00002,"<b>Eaux de surface</b><br><span style=""background:red;color:#fff;padding:2px 7px;border-radius:4px;font-weight:bold;font-size:0.85em"">Alerte renforcée</span><br>depuis le 18 sept. 2026<br><small>Zone : Zone hydrographique Cap Corse - Nebbio</small>",3 oct. 2026
6174863,Bassin Le Mignon,17,Charente-Maritime,SUP,alerte_renforcee,Alerte renforcée,3,2026-09-18,2026-10-31,26EB600 Marais Poitevin,"<b>Eaux de surface</b><br><span style=""background:red;color:#fff;padding:2px 7px;border-radius:4px;font-weight:bold;font-size:0.85em"">Alerte renforcée</span><br>du 18 sept. 2026 au 31 oct. 2026<br><small>Zone : Bassin Le Mignon</small>",3 oct. 2026
6174868,Bassin de la Livenne,17,Charente-Maritime,SUP,alerte_renforcee,Alerte renforcée,3,2026-08-13,2026-10-31,26EB549 AR Hors ZRE,"<b>Eaux de surface</b><br><span style=""background:red;color:#fff;padding:2px 7px;border-radius:4px;font-weight:bold;font-size:0.85em"">Alerte renforcée</span><br>du 13 août 2026 au 31 oct. 2026<br><small>Zone : Bassin de la Livenne</small>",3 oct. 2026
6174871,Ile de Ré,17,Charente-Maritime,SUP,alerte_renforcee,Alerte renforcée,3,2026-08-13,2026-10-31,26EB549 AR Hors ZRE,"<b>Eaux de surface</b><br><span style=""background:red;color:#fff;padding:2px 7px;border-radius:4px;font-weight:bold;font-size:0.85em"">Alerte renforcée</span><br>du 13 août 2026 au 31 oct. 2026<br><small>Zone : Ile de Ré</small>",3 oct. 2026
6174873,Ile d'Oléron,17,Charente-Maritime,SUP,alerte_renforcee,Alerte renforcée,3,2026-08-13,2026-10-31,26EB549 AR Hors ZRE,"<b>Eaux de surface</b><br><span style=""background:red;color:#fff;padding:2px 7px;border-radius:4px;font-weight:bold;font-size:0.85em"">Alerte renforcée</span><br>du 13 août 2026 au 31 oct. 2026<br><small>Zone : Ile d'Oléron</small>",3 oct. 2026
6175573,Cèze aval (de sa confluence avec la Claysse jusqu'au Rhône),30,Gard,SUP,alerte_renforcee,Alerte renforcée,3,2026-08-21,2026-10-31,30-2026-08-21-00001,"<b>Eaux de surface</b><br><span style=""background:red;color:#fff;padding:2px 7px;border-radius:4px;font-weight:bold;font-size:0.85em"">Alerte renforcée</span><br>du 21 août 2026 au 31 oct. 2026<br><small>Zone : Cèze aval (de sa confluence avec la Claysse jusqu'au Rhône)</small>",3 oct. 2026
6175578,Dourbie et Trevezel,30,Gard,SUP,alerte_renforcee,Alerte renforcée,3,2026-08-21,2026-10-31,30-2026-08-21-00001,"<b>Eaux de surface</b><br><span style=""background:red;color:#fff;padding:2px 7px;border-radius:4px;font-weight:bold;font-size:0.85em"">Alerte renforcée</span><br>du 21 août 2026 au 31 oct. 2026<br><small>Zone : Dourbie et Trevezel</small>",3 oct. 2026
6175564,Ardeche gardoise,30,Gard,SUP,alerte_renforcee,Alerte renforcée,3,2026-08-21,2026-10-31,30-2026-08-21-00001,"<b>Eaux de surface</b><br><span style=""background:red;color:#fff;padding:2px 7px;border-radius:4px;font-weight:bold;font-size:0.85em"">Alerte renforcée</span><br>du 21 août 2026 au 31 oct. 2026<br><small>Zone : Ardeche gardoise</small>",3 oct. 2026
6175565,Gardon aval (prise d'eau canal d'irrigation de Boucoiran pont de la RN 106 jusqu'au Pont de Montfrin),30,Gard,SUP,alerte_renforcee,Alerte renforcée,3,2026-08-21,2026-10-31,30-2026-08-21-00001,"<b>Eaux de surface</b><br><span style=""background:red;color:#fff;padding:2px 7px;border-radius:4px;font-weight:bold;font-size:0.85em"">Alerte renforcée</span><br>du 21 août 2026 au 31 oct. 2026<br><small>Zone : Gardon aval (prise d'eau canal d'irrigation de Boucoiran pont de la RN 106 jusqu'au Pont de Montfrin)</small>",3 oct. 2026
6175603,Bassin du Sor,31,Haute-Garonne,SUP,alerte_renforcee,Alerte renforcée,3,2026-10-03,2026-10-31,Arrêté entrant en vigueur le 03/10/2026,"<b>Eaux de surface</b><br><span style=""background:red;color:#fff;padding:2px 7px;border-radius:4px;font-weight:bold;font-size:0.85em"">Alerte renforcée</span><br>du 3 oct. 2026 au 31 oct. 2026<br><small>Zone : Bassin du Sor</small>",3 oct. 2026
6181274,Le Cérou en aval de Saint-Géraud,81,Tarn,SUP,alerte_renforcee,Alerte renforcée,3,2026-10-03,2026-10-31,261002,"<b>Eaux de surface</b><br><span style=""background:red;color:#fff;padding:2px 7px;border-radius:4px;font-weight:bold;font-size:0.85em"">Alerte renforcée</span><br>du 3 oct. 2026 au 31 oct. 2026<br><small>Zone : Le Cérou en aval de Saint-Géraud</small>",3 oct. 2026
6175605,Lèze,31,Haute-Garonne,SUP,alerte_renforcee,Alerte renforcée,3,2026-10-03,2026-10-31,Arrêté entrant en vigueur le 03/10/2026,"<b>Eaux de surface</b><br><span style=""background:red;color:#fff;padding:2px 7px;border-radius:4px;font-weight:bold;font-size:0.85em"">Alerte renforcée</span><br>du 3 oct. 2026 au 31 oct. 2026<br><small>Zone : Lèze</small>",3 oct. 2026
6181283,Le Viaur aval réalimenté,81,Tarn,SUP,alerte_renforcee,Alerte renforcée,3,2026-10-03,2026-10-31,261002,"<b>Eaux de surface</b><br><span style=""background:red;color:#fff;padding:2px 7px;border-radius:4px;font-weight:bold;font-size:0.85em"">Alerte renforcée</span><br>du 3 oct. 2026 au 31 oct. 2026<br><small>Zone : Le Viaur aval réalimenté</small>",3 oct. 2026
6181300,Affluents rive droite du Tarn médian de la confluence avec la Jonte à la confluence avec le Rance,81,Tarn,SUP,alerte_renforcee,Alerte renforcée,3,2026-10-03,2026-10-31,261002,"<b>Eaux de surface</b><br><span style=""background:red;color:#fff;padding:2px 7px;border-radius:4px;font-weight:bold;font-size:0.85em"">Alerte renforcée</span><br>du 3 oct. 2026 au 31 oct. 2026<br><small>Zone : Affluents rive droite du Tarn médian de la confluence avec la Jonte à la confluence avec le Rance</small>",3 oct. 2026
6181326,Affluents de l'Aude médiane,81,Tarn,SUP,alerte_renforcee,Alerte renforcée,3,2026-10-03,2026-10-31,261002,"<b>Eaux de surface</b><br><span style=""background:red;color:#fff;padding:2px 7px;border-radius:4px;font-weight:bold;font-size:0.85em"">Alerte renforcée</span><br>du 3 oct. 2026 au 31 oct. 2026<br><small>Zone : Affluents de l'Aude médiane</small>",3 oct. 2026
6177688,"Moselle aval, Orne, Nied et Seille partie du département 57",57,Moselle,SUP,alerte_renforcee,Alerte renforcée,3,2026-10-01,2026-10-31,2026-DDT/SABE/EAU N°89,"<b>Eaux de surface</b><br><span style=""background:red;color:#fff;padding:2px 7px;border-radius:4px;font-weight:bold;font-size:0.85em"">Alerte renforcée</span><br>du 1 oct. 2026 au 31 oct. 2026<br><small>Zone : Moselle aval, Orne, Nied et Seille partie du département 57</small>",3 oct. 2026
6177686,Moselle amont et Meurthe partie du département 57,57,Moselle,SUP,alerte_renforcee,Alerte renforcée,3,2026-10-01,2026-10-31,2026-DDT/SABE/EAU N°89,"<b>Eaux de surface</b><br><span style=""background:red;color:#fff;padding:2px 7px;border-radius:4px;font-weight:bold;font-size:0.85em"">Alerte renforcée</span><br>du 1 oct. 2026 au 31 oct. 2026<br><small>Zone : Moselle amont et Meurthe partie du département 57</small>",3 oct. 2026
6175619,Garonne aval,31,Haute-Garonne,SUP,alerte_renforcee,Alerte renforcée,3,2026-10-03,2026-10-31,Arrêté entrant en vigueur le 03/10/2026,"<b>Eaux de surface</b><br><span style=""background:red;color:#fff;padding:2px 7px;border-radius:4px;font-weight:bold;font-size:0.85em"">Alerte renforcée</span><br>du 3 oct. 2026 au 31 oct. 2026<br><small>Zone : Garonne aval</small>",3 oct. 2026
6175621,Bassin de l'Arize,31,Haute-Garonne,SUP,alerte_renforcee,Alerte renforcée,3,2026-10-03,2026-10-31,Arrêté entrant en vigueur le 03/10/2026,"<b>Eaux de surface</b><br><span style=""background:red;color:#fff;padding:2px 7px;border-radius:4px;font-weight:bold;font-size:0.85em"">Alerte renforcée</span><br>du 3 oct. 2026 au 31 oct. 2026<br><small>Zone : Bassin de l'Arize</small>",3 oct. 2026
6177384,La Bonnette,46,Lot,SUP,alerte_renforcee,Alerte renforcée,3,2026-10-03,2026-10-31,AP_E_2026_273,"<b>Eaux de surface</b><br><span style=""background:red;color:#fff;padding:2px 7px;border-radius:4px;font-weight:bold;font-size:0.85em"">Alerte renforcée</span><br>du 3 oct. 2026 au 31 oct. 2026<br><small>Zone : La Bonnette</small>",3 oct. 2026
6181825,Yerres – nappe du Champigny – zone interconnectée agglomération parisienne,91,Essonne,SUP,alerte_renforcee,Alerte renforcée,3,2026-08-01,2026-10-31,2026-301_yerres+13+29_esuo_ar_ph1,"<b>Eaux de surface</b><br><span style=""background:red;color:#fff;padding:2px 7px;border-radius:4px;font-weight:bold;font-size:0.85em"">Alerte renforcée</span><br>du 1 août 2026 au 31 oct. 2026<br><small>Zone : Yerres – nappe du Champigny – zone interconnectée agglomération parisienne</small>",3 oct. 2026
6175607,Ariège,31,Haute-Garonne,SUP,alerte_renforcee,Alerte renforcée,3,2026-10-03,2026-10-31,Arrêté entrant en vigueur le 03/10/2026,"<b>Eaux de surface</b><br><span style=""background:red;color:#fff;padding:2px 7px;border-radius:4px;font-weight:bold;font-size:0.85em"">Alerte renforcée</span><br>du 3 oct. 2026 au 31 oct. 2026<br><small>Zone : Ariège</small>",3 oct. 2026
6175618,Hers-Vif,31,Haute-Garonne,SUP,alerte_renforcee,Alerte renforcée,3,2026-10-03,2026-10-31,Arrêté entrant en vigueur le 03/10/2026,"<b>Eaux de surface</b><br><span style=""background:red;color:#fff;padding:2px 7px;border-radius:4px;font-weight:bold;font-size:0.85em"">Alerte renforcée</span><br>du 3 oct. 2026 au 31 oct. 2026<br><small>Zone : Hers-Vif</small>",3 oct. 2026
6175620,Saune,31,Haute-Garonne,SUP,alerte_renforcee,Alerte renforcée,3,2026-10-03,2026-10-31,Arrêté entrant en vigueur le 03/10/2026,"<b>Eaux de surface</b><br><span style=""background:red;color:#fff;padding:2px 7px;border-radius:4px;font-weight:bold;font-size:0.85em"">Alerte renforcée</span><br>du 3 oct. 2026 au 31 oct. 2026<br><small>Zone : Saune</small>",3 oct. 2026
6175677,Rivière Adour et canaux associés,32,Gers,SUP,alerte_renforcee,Alerte renforcée,3,2026-10-03,2026-10-31,32-2026-09-xx-0000x_MN_Adour,"<b>Eaux de surface</b><br><span style=""background:red;color:#fff;padding:2px 7px;border-radius:4px;font-weight:bold;font-size:0.85em"">Alerte renforcée</span><br>du 3 oct. 2026 au 31 oct. 2026<br><small>Zone : Rivière Adour et canaux associés</small>",3 oct. 2026
6181370,Zone 22 - BONNETTE,82,Tarn-et-Garonne,SUP,alerte_renforcee,Alerte renforcée,3,2026-09-12,,82-2026-09-11-00002,"<b>Eaux de surface</b><br><span style=""background:red;color:#fff;padding:2px 7px;border-radius:4px;font-weight:bold;font-size:0.85em"">Alerte renforcée</span><br>depuis le 12 sept. 2026<br><small>Zone : Zone 22 - BONNETTE</small>",3 oct. 2026
6177389,La Borrèze,46,Lot,SUP,alerte_renforcee,Alerte renforcée,3,2026-10-03,2026-10-31,AP_E_2026_273,"<b>Eaux de surface</b><br><span style=""background:red;color:#fff;padding:2px 7px;border-radius:4px;font-weight:bold;font-size:0.85em"">Alerte renforcée</span><br>du 3 oct. 2026 au 31 oct. 2026<br><small>Zone : La Borrèze</small>",3 oct. 2026
6177362,Les affluents de la Dordogne - Rive Droite,46,Lot,SUP,alerte_renforcee,Alerte renforcée,3,2026-10-03,2026-10-31,AP_E_2026_273,"<b>Eaux de surface</b><br><span style=""background:red;color:#fff;padding:2px 7px;border-radius:4px;font-weight:bold;font-size:0.85em"">Alerte renforcée</span><br>du 3 oct. 2026 au 31 oct. 2026<br><small>Zone : Les affluents de la Dordogne - Rive Droite</small>",3 oct. 2026
6177370,La Bave,46,Lot,SUP,alerte_renforcee,Alerte renforcée,3,2026-10-03,2026-10-31,AP_E_2026_273,"<b>Eaux de surface</b><br><span style=""background:red;color:#fff;padding:2px 7px;border-radius:4px;font-weight:bold;font-size:0.85em"">Alerte renforcée</span><br>du 3 oct. 2026 au 31 oct. 2026<br><small>Zone : La Bave</small>",3 oct. 2026
6177386,Le Tolerme,46,Lot,SUP,alerte_renforcee,Alerte renforcée,3,2026-10-03,2026-10-31,AP_E_2026_273,"<b>Eaux de surface</b><br><span style=""background:red;color:#fff;padding:2px 7px;border-radius:4px;font-weight:bold;font-size:0.85em"">Alerte renforcée</span><br>du 3 oct. 2026 au 31 oct. 2026<br><small>Zone : Le Tolerme</small>",3 oct. 2026
6177440,70_ZA47_bassin versant du Tolzac,47,Lot-et-Garonne,SUP,alerte_renforcee,Alerte renforcée,3,2026-10-03,2026-10-31,47-2026-10-01-00005,"<b>Eaux de surface</b><br><span style=""background:red;color:#fff;padding:2px 7px;border-radius:4px;font-weight:bold;font-size:0.85em"">Alerte renforcée</span><br>du 3 oct. 2026 au 31 oct. 2026<br><small>Zone : 70_ZA47_bassin versant du Tolzac</small>",3 oct. 2026
6177441,61_ZA47_bassin versant de l'Avance,47,Lot-et-Garonne,SUP,alerte_renforcee,Alerte renforcée,3,2026-10-03,2026-10-31,47-2026-10-01-00005,"<b>Eaux de surface</b><br><span style=""background:red;color:#fff;padding:2px 7px;border-radius:4px;font-weight:bold;font-size:0.85em"">Alerte renforcée</span><br>du 3 oct. 2026 au 31 oct. 2026<br><small>Zone : 61_ZA47_bassin versant de l'Avance</small>",3 oct. 2026
6177409,ZA47_Le canal latéral,47,Lot-et-Garonne,SUP,alerte_renforcee,Alerte renforcée,3,2026-10-03,2026-10-31,47-2026-10-01-00005,"<b>Eaux de surface</b><br><span style=""background:red;color:#fff;padding:2px 7px;border-radius:4px;font-weight:bold;font-size:0.85em"">Alerte renforcée</span><br>du 3 oct. 2026 au 31 oct. 2026<br><small>Zone : ZA47_Le canal latéral</small>",3 oct. 2026
6175684,Bassin versant du Midour non réalimenté,32,Gers,SUP,alerte_renforcee,Alerte renforcée,3,2026-10-03,2026-10-31,32-2026-09-xx-0000x_MN_Adour,"<b>Eaux de surface</b><br><span style=""background:red;color:#fff;padding:2px 7px;border-radius:4px;font-weight:bold;font-size:0.85em"">Alerte renforcée</span><br>du 3 oct. 2026 au 31 oct. 2026<br><small>Zone : Bassin versant du Midour non réalimenté</small>",3 oct. 2026
6181820,Yerres & Seine essonnienne – nappe du Champigny – zone interconnectée agglomération parisienne,91,Essonne,SUP,alerte_renforcee,Alerte renforcée,3,2026-08-01,2026-10-31,2026-301_yerres+14+30_esuo_ar_ph1,"<b>Eaux de surface</b><br><span style=""background:red;color:#fff;padding:2px 7px;border-radius:4px;font-weight:bold;font-size:0.85em"">Alerte renforcée</span><br>du 1 août 2026 au 31 oct. 2026<br><small>Zone : Yerres & Seine essonnienne – nappe du Champigny – zone interconnectée agglomération parisienne</small>",3 oct. 2026
6177525,I - Nord Cotentin - ESU,50,Manche,SUP,alerte_renforcee,Alerte renforcée,3,2026-09-25,2026-10-31,2026-DDTM-SE-189,"<b>Eaux de surface</b><br><span style=""background:red;color:#fff;padding:2px 7px;border-radius:4px;font-weight:bold;font-size:0.85em"">Alerte renforcée</span><br>du 25 sept. 2026 au 31 oct. 2026<br><small>Zone : I - Nord Cotentin - ESU</small>",3 oct. 2026
6177526,II - Douve - Taute - côtiers nord-est - ESU,50,Manche,SUP,alerte_renforcee,Alerte renforcée,3,2026-09-25,2026-10-31,2026-DDTM-SE-189,"<b>Eaux de surface</b><br><span style=""background:red;color:#fff;padding:2px 7px;border-radius:4px;font-weight:bold;font-size:0.85em"">Alerte renforcée</span><br>du 25 sept. 2026 au 31 oct. 2026<br><small>Zone : II - Douve - Taute - côtiers nord-est - ESU</small>",3 oct. 2026
6181439,Siagne amont,83,Var,SUP,alerte_renforcee,Alerte renforcée,3,2026-08-06,,DDTM/SEBIO/2026-173,"<b>Eaux de surface</b><br><span style=""background:red;color:#fff;padding:2px 7px;border-radius:4px;font-weight:bold;font-size:0.85em"">Alerte renforcée</span><br>depuis le 6 août 2026<br><small>Zone : Siagne amont</small>",3 oct. 2026
6181441,Arc amont,83,Var,SUP,alerte_renforcee,Alerte renforcée,3,2026-08-06,,DDTM/SEBIO/2026-176,"<b>Eaux de surface</b><br><span style=""background:red;color:#fff;padding:2px 7px;border-radius:4px;font-weight:bold;font-size:0.85em"">Alerte renforcée</span><br>depuis le 6 août 2026<br><small>Zone : Arc amont</small>",3 oct. 2026
6181444,Siagne aval,83,Var,SUP,alerte_renforcee,Alerte renforcée,3,2026-08-06,,DDTM/SEBIO/2026-174,"<b>Eaux de surface</b><br><span style=""background:red;color:#fff;padding:2px 7px;border-radius:4px;font-weight:bold;font-size:0.85em"">Alerte renforcée</span><br>depuis le 6 août 2026<br><small>Zone : Siagne aval</small>",3 oct. 2026
6181480,Bassin du Lez provençal-Lauzon,84,Vaucluse,SUP,alerte_renforcee,Alerte renforcée,3,2026-07-27,2026-10-31,AIP 27 JUILLET 2026 ALERTE RENFORCEE LEZ PROVENCAL,"<b>Eaux de surface</b><br><span style=""background:red;color:#fff;padding:2px 7px;border-radius:4px;font-weight:bold;font-size:0.85em"">Alerte renforcée</span><br>du 27 juil. 2026 au 31 oct. 2026<br><small>Zone : Bassin du Lez provençal-Lauzon</small>",3 oct. 2026
6177432,61_ZA47_bassin versant du Lisos,47,Lot-et-Garonne,SUP,alerte_renforcee,Alerte renforcée,3,2026-10-03,2026-10-31,47-2026-10-01-00005,"<b>Eaux de surface</b><br><span style=""background:red;color:#fff;padding:2px 7px;border-radius:4px;font-weight:bold;font-size:0.85em"">Alerte renforcée</span><br>du 3 oct. 2026 au 31 oct. 2026<br><small>Zone : 61_ZA47_bassin versant du Lisos</small>",3 oct. 2026
6181464,Bassin du Sud Luberon,84,Vaucluse,SUP,alerte_renforcee,Alerte renforcée,3,2026-09-24,2026-10-31,AP 23 SEPT 2026 VAUCLUSE,"<b>Eaux de surface</b><br><span style=""background:red;color:#fff;padding:2px 7px;border-radius:4px;font-weight:bold;font-size:0.85em"">Alerte renforcée</span><br>du 24 sept. 2026 au 31 oct. 2026<br><small>Zone : Bassin du Sud Luberon</small>",3 oct. 2026
6177411,62_ZA47_bassin versant de l'Ourbise,47,Lot-et-Garonne,SUP,alerte_renforcee,Alerte renforcée,3,2026-10-03,2026-10-31,47-2026-10-01-00005,"<b>Eaux de surface</b><br><span style=""background:red;color:#fff;padding:2px 7px;border-radius:4px;font-weight:bold;font-size:0.85em"">Alerte renforcée</span><br>du 3 oct. 2026 au 31 oct. 2026<br><small>Zone : 62_ZA47_bassin versant de l'Ourbise</small>",3 oct. 2026
6177417,62_ZA47_bassin versant du Tareyre,47,Lot-et-Garonne,SUP,alerte_renforcee,Alerte renforcée,3,2026-10-03,2026-10-31,47-2026-10-01-00005,"<b>Eaux de surface</b><br><span style=""background:red;color:#fff;padding:2px 7px;border-radius:4px;font-weight:bold;font-size:0.85em"">Alerte renforcée</span><br>du 3 oct. 2026 au 31 oct. 2026<br><small>Zone : 62_ZA47_bassin versant du Tareyre</small>",3 oct. 2026
6177420,62_ZA47_bassin versant de la Masse de Prayssas,47,Lot-et-Garonne,SUP,alerte_renforcee,Alerte renforcée,3,2026-10-03,2026-10-31,47-2026-10-01-00005,"<b>Eaux de surface</b><br><span style=""background:red;color:#fff;padding:2px 7px;border-radius:4px;font-weight:bold;font-size:0.85em"">Alerte renforcée</span><br>du 3 oct. 2026 au 31 oct. 2026<br><small>Zone : 62_ZA47_bassin versant de la Masse de Prayssas</small>",3 oct. 2026
6181496,Marais Niortaise,85,Vendée,SUP,alerte_renforcee,Alerte renforcée,3,2026-09-28,,26-DDTM85-599,"<b>Eaux de surface</b><br><span style=""background:red;color:#fff;padding:2px 7px;border-radius:4px;font-weight:bold;font-size:0.85em"">Alerte renforcée</span><br>depuis le 28 sept. 2026<br><small>Zone : Marais Niortaise</small>",3 oct. 2026
6181555,Bassin du Clain - sous bassin du Clain Aval,86,Vienne,SUP,alerte_renforcee,Alerte renforcée,3,2026-08-24,2026-10-31,AP_2026_DDT_SEB_462_Clain,"<b>Eaux de surface</b><br><span style=""background:red;color:#fff;padding:2px 7px;border-radius:4px;font-weight:bold;font-size:0.85em"">Alerte renforcée</span><br>du 24 août 2026 au 31 oct. 2026<br><small>Zone : Bassin du Clain - sous bassin du Clain Aval</small>",3 oct. 2026
6181556,Bassin du Clain - sous bassin de la Boivre,86,Vienne,SUP,alerte_renforcee,Alerte renforcée,3,2026-08-24,2026-10-31,AP_2026_DDT_SEB_462_Clain,"<b>Eaux de surface</b><br><span style=""background:red;color:#fff;padding:2px 7px;border-radius:4px;font-weight:bold;font-size:0.85em"">Alerte renforcée</span><br>du 24 août 2026 au 31 oct. 2026<br><small>Zone : Bassin du Clain - sous bassin de la Boivre</small>",3 oct. 2026
6181562,Bassin du Clain - sous bassin de la Dive du Sud et de la Bouleure,86,Vienne,SUP,alerte_renforcee,Alerte renforcée,3,2026-08-24,2026-10-31,AP_2026_DDT_SEB_462_Clain,"<b>Eaux de surface</b><br><span style=""background:red;color:#fff;padding:2px 7px;border-radius:4px;font-weight:bold;font-size:0.85em"">Alerte renforcée</span><br>du 24 août 2026 au 31 oct. 2026<br><small>Zone : Bassin du Clain - sous bassin de la Dive du Sud et de la Bouleure</small>",3 oct. 2026
6181534,Bassin de la Gartempe - sous bassin de l'Anglin,86,Vienne,SUP,alerte_renforcee,Alerte renforcée,3,2026-09-28,2026-10-31,AP_N°2026_DDT_SEB_545_Gartempe_Anglin,"<b>Eaux de surface</b><br><span style=""background:red;color:#fff;padding:2px 7px;border-radius:4px;font-weight:bold;font-size:0.85em"">Alerte renforcée</span><br>du 28 sept. 2026 au 31 oct. 2026<br><small>Zone : Bassin de la Gartempe - sous bassin de l'Anglin</small>",3 oct. 2026
6177442,bassin de la Dourbie,48,Lozère,SUP,alerte_renforcee,Alerte renforcée,3,2026-09-26,2026-11-24,DDT-SEB-2026-267-0001,"<b>Eaux de surface</b><br><span style=""background:red;color:#fff;padding:2px 7px;border-radius:4px;font-weight:bold;font-size:0.85em"">Alerte renforcée</span><br>du 26 sept. 2026 au 24 nov. 2026<br><small>Zone : bassin de la Dourbie</small>",3 oct. 2026
6177507,ROMME,49,Maine-et-Loire,SUP,alerte_renforcee,Alerte renforcée,3,2026-09-17,,DDT-SEEB-PPE-ETIAGE-49 n°2026-12,"<b>Eaux de surface</b><br><span style=""background:red;color:#fff;padding:2px 7px;border-radius:4px;font-weight:bold;font-size:0.85em"">Alerte renforcée</span><br>depuis le 17 sept. 2026<br><small>Zone : ROMME</small>",3 oct. 2026
6177518,ARGENTON,49,Maine-et-Loire,SUP,alerte_renforcee,Alerte renforcée,3,2026-09-17,,DDT-SEEB-PPE-Etiage-TTA-n°2026-07,"<b>Eaux de surface</b><br><span style=""background:red;color:#fff;padding:2px 7px;border-radius:4px;font-weight:bold;font-size:0.85em"">Alerte renforcée</span><br>depuis le 17 sept. 2026<br><small>Zone : ARGENTON</small>",3 oct. 2026
6177534,VI - Sélune - ESU,50,Manche,SUP,alerte_renforcee,Alerte renforcée,3,2026-09-25,2026-10-31,2026-DDTM-SE-189,"<b>Eaux de surface</b><br><span style=""background:red;color:#fff;padding:2px 7px;border-radius:4px;font-weight:bold;font-size:0.85em"">Alerte renforcée</span><br>du 25 sept. 2026 au 31 oct. 2026<br><small>Zone : VI - Sélune - ESU</small>",3 oct. 2026
6177536,V - Sée - côtiers granvillais - ESU,50,Manche,SUP,alerte_renforcee,Alerte renforcée,3,2026-09-25,2026-10-31,2026-DDTM-SE-189,"<b>Eaux de surface</b><br><span style=""background:red;color:#fff;padding:2px 7px;border-radius:4px;font-weight:bold;font-size:0.85em"">Alerte renforcée</span><br>du 25 sept. 2026 au 31 oct. 2026<br><small>Zone : V - Sée - côtiers granvillais - ESU</small>",3 oct. 2026
6181519,Bassin de la Vienne - sous-bassin Talbat - Clain,86,Vienne,SUP,alerte_renforcee,Alerte renforcée,3,2026-10-01,2026-10-31,AP_N°2026_DDT_SEB_509_Vienne,"<b>Eaux de surface</b><br><span style=""background:red;color:#fff;padding:2px 7px;border-radius:4px;font-weight:bold;font-size:0.85em"">Alerte renforcée</span><br>du 1 oct. 2026 au 31 oct. 2026<br><small>Zone : Bassin de la Vienne - sous-bassin Talbat - Clain</small>",3 oct. 2026
6181521,Bassin de la Vienne - sous-bassin de l'Ozon,86,Vienne,SUP,alerte_renforcee,Alerte renforcée,3,2026-10-01,2026-10-31,AP_N°2026_DDT_SEB_509_Vienne,"<b>Eaux de surface</b><br><span style=""background:red;color:#fff;padding:2px 7px;border-radius:4px;font-weight:bold;font-size:0.85em"">Alerte renforcée</span><br>du 1 oct. 2026 au 31 oct. 2026<br><small>Zone : Bassin de la Vienne - sous-bassin de l'Ozon</small>",3 oct. 2026
6181524,Bassin de la Vienne - sous-bassin Clain - Creuse,86,Vienne,SUP,alerte_renforcee,Alerte renforcée,3,2026-10-01,2026-10-31,AP_N°2026_DDT_SEB_509_Vienne,"<b>Eaux de surface</b><br><span style=""background:red;color:#fff;padding:2px 7px;border-radius:4px;font-weight:bold;font-size:0.85em"">Alerte renforcée</span><br>du 1 oct. 2026 au 31 oct. 2026<br><small>Zone : Bassin de la Vienne - sous-bassin Clain - Creuse</small>",3 oct. 2026
6177549,Petit Morin - SUP,51,Marne,SUP,alerte_renforcee,Alerte renforcée,3,2026-08-29,2026-10-31,60-2026-SEC,"<b>Eaux de surface</b><br><span style=""background:red;color:#fff;padding:2px 7px;border-radius:4px;font-weight:bold;font-size:0.85em"">Alerte renforcée</span><br>du 29 août 2026 au 31 oct. 2026<br><small>Zone : Petit Morin - SUP</small>",3 oct. 2026
6177552,Grand Morin - SUP,51,Marne,SUP,alerte_renforcee,Alerte renforcée,3,2026-08-29,2026-10-31,60-2026-SEC,"<b>Eaux de surface</b><br><span style=""background:red;color:#fff;padding:2px 7px;border-radius:4px;font-weight:bold;font-size:0.85em"">Alerte renforcée</span><br>du 29 août 2026 au 31 oct. 2026<br><small>Zone : Grand Morin - SUP</small>",3 oct. 2026
6177555,Craie de Champagne Nord - SUP,51,Marne,SUP,alerte_renforcee,Alerte renforcée,3,2026-08-29,2026-10-31,60-2026-SEC,"<b>Eaux de surface</b><br><span style=""background:red;color:#fff;padding:2px 7px;border-radius:4px;font-weight:bold;font-size:0.85em"">Alerte renforcée</span><br>du 29 août 2026 au 31 oct. 2026<br><small>Zone : Craie de Champagne Nord - SUP</small>",3 oct. 2026
6177556,Affluents Crayeux Marne et Aisne Aval - SUP,51,Marne,SUP,alerte_renforcee,Alerte renforcée,3,2026-08-29,2026-10-31,60-2026-SEC,"<b>Eaux de surface</b><br><span style=""background:red;color:#fff;padding:2px 7px;border-radius:4px;font-weight:bold;font-size:0.85em"">Alerte renforcée</span><br>du 29 août 2026 au 31 oct. 2026<br><small>Zone : Affluents Crayeux Marne et Aisne Aval - SUP</small>",3 oct. 2026
6177558,Blaise - SUP,51,Marne,SUP,alerte_renforcee,Alerte renforcée,3,2026-08-29,2026-10-31,60-2026-SEC,"<b>Eaux de surface</b><br><span style=""background:red;color:#fff;padding:2px 7px;border-radius:4px;font-weight:bold;font-size:0.85em"">Alerte renforcée</span><br>du 29 août 2026 au 31 oct. 2026<br><small>Zone : Blaise - SUP</small>",3 oct. 2026
6177560,Saulx et Omain - SUP,51,Marne,SUP,alerte_renforcee,Alerte renforcée,3,2026-08-29,2026-10-31,60-2026-SEC,"<b>Eaux de surface</b><br><span style=""background:red;color:#fff;padding:2px 7px;border-radius:4px;font-weight:bold;font-size:0.85em"">Alerte renforcée</span><br>du 29 août 2026 au 31 oct. 2026<br><small>Zone : Saulx et Omain - SUP</small>",3 oct. 2026
6177561,Aisne Amont - SUP,51,Marne,SUP,alerte_renforcee,Alerte renforcée,3,2026-08-29,2026-10-31,60-2026-SEC,"<b>Eaux de surface</b><br><span style=""background:red;color:#fff;padding:2px 7px;border-radius:4px;font-weight:bold;font-size:0.85em"">Alerte renforcée</span><br>du 29 août 2026 au 31 oct. 2026<br><small>Zone : Aisne Amont - SUP</small>",3 oct. 2026
6181553,Bassin du Clain - sous bassin de l'Auxance,86,Vienne,SUP,alerte_renforcee,Alerte renforcée,3,2026-08-24,2026-10-31,AP_2026_DDT_SEB_462_Clain,"<b>Eaux de surface</b><br><span style=""background:red;color:#fff;padding:2px 7px;border-radius:4px;font-weight:bold;font-size:0.85em"">Alerte renforcée</span><br>du 24 août 2026 au 31 oct. 2026<br><small>Zone : Bassin du Clain - sous bassin de l'Auxance</small>",3 oct. 2026
6181554,Bassin du Clain - sous bassin du Clain Amont,86,Vienne,SUP,alerte_renforcee,Alerte renforcée,3,2026-08-24,2026-10-31,AP_2026_DDT_SEB_462_Clain,"<b>Eaux de surface</b><br><span style=""background:red;color:#fff;padding:2px 7px;border-radius:4px;font-weight:bold;font-size:0.85em"">Alerte renforcée</span><br>du 24 août 2026 au 31 oct. 2026<br><small>Zone : Bassin du Clain - sous bassin du Clain Amont</small>",3 oct. 2026
6181543,Bassin de la Dive du Nord - secteur de  la Dive canalisée,86,Vienne,SUP,alerte_renforcee,Alerte renforcée,3,2026-09-14,2026-11-01,AP_2026_DDT_SEB_501_DiveDuNord,"<b>Eaux de surface</b><br><span style=""background:red;color:#fff;padding:2px 7px;border-radius:4px;font-weight:bold;font-size:0.85em"">Alerte renforcée</span><br>du 14 sept. 2026 au 1 nov. 2026<br><small>Zone : Bassin de la Dive du Nord - secteur de  la Dive canalisée</small>",3 oct. 2026
6181547,Bassin de la Dive du Nord - secteur du Marais de la Dive,86,Vienne,SUP,alerte_renforcee,Alerte renforcée,3,2026-09-14,2026-11-01,AP_2026_DDT_SEB_501_DiveDuNord,"<b>Eaux de surface</b><br><span style=""background:red;color:#fff;padding:2px 7px;border-radius:4px;font-weight:bold;font-size:0.85em"">Alerte renforcée</span><br>du 14 sept. 2026 au 1 nov. 2026<br><small>Zone : Bassin de la Dive du Nord - secteur du Marais de la Dive</small>",3 oct. 2026
6181549,Bassin de la Dive du Nord - secteur de La Grimaudière,86,Vienne,SUP,alerte_renforcee,Alerte renforcée,3,2026-09-14,2026-11-01,AP_2026_DDT_SEB_501_DiveDuNord,"<b>Eaux de surface</b><br><span style=""background:red;color:#fff;padding:2px 7px;border-radius:4px;font-weight:bold;font-size:0.85em"">Alerte renforcée</span><br>du 14 sept. 2026 au 1 nov. 2026<br><small>Zone : Bassin de la Dive du Nord - secteur de La Grimaudière</small>",3 oct. 2026
6181566,Bassin du Clain - sous bassin de la Clouère,86,Vienne,SUP,alerte_renforcee,Alerte renforcée,3,2026-08-24,2026-10-31,AP_2026_DDT_SEB_462_Clain,"<b>Eaux de surface</b><br><span style=""background:red;color:#fff;padding:2px 7px;border-radius:4px;font-weight:bold;font-size:0.85em"">Alerte renforcée</span><br>du 24 août 2026 au 31 oct. 2026<br><small>Zone : Bassin du Clain - sous bassin de la Clouère</small>",3 oct. 2026
6181571,Bassin de la Creuse,86,Vienne,SUP,alerte_renforcee,Alerte renforcée,3,2026-07-20,2026-11-01,AP_2026_DDT_SEB_379_Creuse,"<b>Eaux de surface</b><br><span style=""background:red;color:#fff;padding:2px 7px;border-radius:4px;font-weight:bold;font-size:0.85em"">Alerte renforcée</span><br>du 20 juil. 2026 au 1 nov. 2026<br><small>Zone : Bassin de la Creuse</small>",3 oct. 2026
6181573,Bassin de la Sèvre Niortaise - secteur amont MP1,86,Vienne,SUP,alerte_renforcee,Alerte renforcée,3,2026-08-12,2026-11-01,APN°2026_DDT_SEB_439_Marais Poitevin,"<b>Eaux de surface</b><br><span style=""background:red;color:#fff;padding:2px 7px;border-radius:4px;font-weight:bold;font-size:0.85em"">Alerte renforcée</span><br>du 12 août 2026 au 1 nov. 2026<br><small>Zone : Bassin de la Sèvre Niortaise - secteur amont MP1</small>",3 oct. 2026
6175673,Complexe Cassagnac - La Barne réalimentée,32,Gers,SUP,alerte_renforcee,Alerte renforcée,3,2026-10-03,2026-10-31,32-2026-09-xx-0000x_MN_Adour,"<b>Eaux de surface</b><br><span style=""background:red;color:#fff;padding:2px 7px;border-radius:4px;font-weight:bold;font-size:0.85em"">Alerte renforcée</span><br>du 3 oct. 2026 au 31 oct. 2026<br><small>Zone : Complexe Cassagnac - La Barne réalimentée</small>",3 oct. 2026
6175674,Rivière Estéous - Canal d'Alaric,32,Gers,SUP,alerte_renforcee,Alerte renforcée,3,2026-10-03,2026-10-31,32-2026-09-xx-0000x_MN_Adour,"<b>Eaux de surface</b><br><span style=""background:red;color:#fff;padding:2px 7px;border-radius:4px;font-weight:bold;font-size:0.85em"">Alerte renforcée</span><br>du 3 oct. 2026 au 31 oct. 2026<br><small>Zone : Rivière Estéous - Canal d'Alaric</small>",3 oct. 2026
6175680,Rivière l'Arros réalimenté,32,Gers,SUP,alerte_renforcee,Alerte renforcée,3,2026-10-03,2026-10-31,32-2026-09-xx-0000x_MN_Adour,"<b>Eaux de surface</b><br><span style=""background:red;color:#fff;padding:2px 7px;border-radius:4px;font-weight:bold;font-size:0.85em"">Alerte renforcée</span><br>du 3 oct. 2026 au 31 oct. 2026<br><small>Zone : Rivière l'Arros réalimenté</small>",3 oct. 2026
6182095,Bassin de la Plaine de France et du Parisis,95,Val-d'Oise,SUP,alerte_renforcee,Alerte renforcée,3,2026-09-30,2026-11-30,2026-18948,"<b>Eaux de surface</b><br><span style=""background:red;color:#fff;padding:2px 7px;border-radius:4px;font-weight:bold;font-size:0.85em"">Alerte renforcée</span><br>du 30 sept. 2026 au 30 nov. 2026<br><small>Zone : Bassin de la Plaine de France et du Parisis</small>",3 oct. 2026
6175325,Dordogne amont - Germaine,24,Dordogne,SUP,alerte_renforcee,Alerte renforcée,3,2026-10-03,2026-10-31,Arrêté n° DDT/SEER/2026-030,"<b>Eaux de surface</b><br><span style=""background:red;color:#fff;padding:2px 7px;border-radius:4px;font-weight:bold;font-size:0.85em"">Alerte renforcée</span><br>du 3 oct. 2026 au 31 oct. 2026<br><small>Zone : Dordogne amont - Germaine</small>",3 oct. 2026
6175341,Vézère - Beune,24,Dordogne,SUP,alerte_renforcee,Alerte renforcée,3,2026-10-03,2026-10-31,Arrêté n° DDT/SEER/2026-030,"<b>Eaux de surface</b><br><span style=""background:red;color:#fff;padding:2px 7px;border-radius:4px;font-weight:bold;font-size:0.85em"">Alerte renforcée</span><br>du 3 oct. 2026 au 31 oct. 2026<br><small>Zone : Vézère - Beune</small>",3 oct. 2026
6179270,bassin de la Celle et Evoisson,60,Oise,SUP,alerte_renforcee,Alerte renforcée,3,2026-09-15,,DDT60 - 20260915,"<b>Eaux de surface</b><br><span style=""background:red;color:#fff;padding:2px 7px;border-radius:4px;font-weight:bold;font-size:0.85em"">Alerte renforcée</span><br>depuis le 15 sept. 2026<br><small>Zone : bassin de la Celle et Evoisson</small>",3 oct. 2026
6179280,bassin de la Brele,60,Oise,SUP,alerte_renforcee,Alerte renforcée,3,2026-09-15,,DDT60 - 20260915,"<b>Eaux de surface</b><br><span style=""background:red;color:#fff;padding:2px 7px;border-radius:4px;font-weight:bold;font-size:0.85em"">Alerte renforcée</span><br>depuis le 15 sept. 2026<br><small>Zone : bassin de la Brele</small>",3 oct. 2026
6179289,bassin de l'Aronde,60,Oise,SUP,alerte_renforcee,Alerte renforcée,3,2026-09-15,,DDT60 - 20260915,"<b>Eaux de surface</b><br><span style=""background:red;color:#fff;padding:2px 7px;border-radius:4px;font-weight:bold;font-size:0.85em"">Alerte renforcée</span><br>depuis le 15 sept. 2026<br><small>Zone : bassin de l'Aronde</small>",3 oct. 2026
6179974,TOUQUES,61,Orne,SUP,alerte_renforcee,Alerte renforcée,3,2026-09-17,2026-10-31,2350-26-00093,"<b>Eaux de surface</b><br><span style=""background:red;color:#fff;padding:2px 7px;border-radius:4px;font-weight:bold;font-size:0.85em"">Alerte renforcée</span><br>du 17 sept. 2026 au 31 oct. 2026<br><small>Zone : TOUQUES</small>",3 oct. 2026
6180018,Bassins versants des fleuves côtiers du Boulonnais,62,Pas-de-Calais,SUP,alerte_renforcee,Alerte renforcée,3,2026-08-15,2026-10-31,2026-08-14,"<b>Eaux de surface</b><br><span style=""background:red;color:#fff;padding:2px 7px;border-radius:4px;font-weight:bold;font-size:0.85em"">Alerte renforcée</span><br>du 15 août 2026 au 31 oct. 2026<br><small>Zone : Bassins versants des fleuves côtiers du Boulonnais</small>",3 oct. 2026
6180020,Bassin versant de la Lys,62,Pas-de-Calais,SUP,alerte_renforcee,Alerte renforcée,3,2026-08-15,2026-10-31,2026-08-14,"<b>Eaux de surface</b><br><span style=""background:red;color:#fff;padding:2px 7px;border-radius:4px;font-weight:bold;font-size:0.85em"">Alerte renforcée</span><br>du 15 août 2026 au 31 oct. 2026<br><small>Zone : Bassin versant de la Lys</small>",3 oct. 2026
6180021,Bassins versants de la Marque et de la Deûle,62,Pas-de-Calais,SUP,alerte_renforcee,Alerte renforcée,3,2026-08-15,2026-10-31,2026-08-14,"<b>Eaux de surface</b><br><span style=""background:red;color:#fff;padding:2px 7px;border-radius:4px;font-weight:bold;font-size:0.85em"">Alerte renforcée</span><br>du 15 août 2026 au 31 oct. 2026<br><small>Zone : Bassins versants de la Marque et de la Deûle</small>",3 oct. 2026
6180025,Bassins versants de l’Audomarois et du delta de l'Aa,62,Pas-de-Calais,SUP,alerte_renforcee,Alerte renforcée,3,2026-08-15,2026-10-31,2026-08-14,"<b>Eaux de surface</b><br><span style=""background:red;color:#fff;padding:2px 7px;border-radius:4px;font-weight:bold;font-size:0.85em"">Alerte renforcée</span><br>du 15 août 2026 au 31 oct. 2026<br><small>Zone : Bassins versants de l’Audomarois et du delta de l'Aa</small>",3 oct. 2026
6177101,Bassin des Luys1-a,40,Landes,SUP,alerte_renforcee,Alerte renforcée,3,2026-10-03,2026-10-31,AP ACI ADOUR 2026-1275,"<b>Eaux de surface</b><br><span style=""background:red;color:#fff;padding:2px 7px;border-radius:4px;font-weight:bold;font-size:0.85em"">Alerte renforcée</span><br>du 3 oct. 2026 au 31 oct. 2026<br><small>Zone : Bassin des Luys1-a</small>",3 oct. 2026
6175367,Vézère,24,Dordogne,SUP,alerte_renforcee,Alerte renforcée,3,2026-10-03,2026-10-31,Arrêté n° DDT/SEER/2026-030,"<b>Eaux de surface</b><br><span style=""background:red;color:#fff;padding:2px 7px;border-radius:4px;font-weight:bold;font-size:0.85em"">Alerte renforcée</span><br>du 3 oct. 2026 au 31 oct. 2026<br><small>Zone : Vézère</small>",3 oct. 2026
6177076,Bassin des Luys de Bearn median-40,40,Landes,SUP,alerte_renforcee,Alerte renforcée,3,2026-10-03,2026-10-31,AP ACI ADOUR 2026-1275,"<b>Eaux de surface</b><br><span style=""background:red;color:#fff;padding:2px 7px;border-radius:4px;font-weight:bold;font-size:0.85em"">Alerte renforcée</span><br>du 3 oct. 2026 au 31 oct. 2026<br><small>Zone : Bassin des Luys de Bearn median-40</small>",3 oct. 2026
6177080,Bassin du Louts (Louts2),40,Landes,SUP,alerte_renforcee,Alerte renforcée,3,2026-10-03,2026-10-31,AP ACI ADOUR 2026-1275,"<b>Eaux de surface</b><br><span style=""background:red;color:#fff;padding:2px 7px;border-radius:4px;font-weight:bold;font-size:0.85em"">Alerte renforcée</span><br>du 3 oct. 2026 au 31 oct. 2026<br><small>Zone : Bassin du Louts (Louts2)</small>",3 oct. 2026
6180121,Bassin du Gave de Pau,64,Pyrénées-Atlantiques,SUP,alerte_renforcee,Alerte renforcée,3,2026-09-25,2026-10-31,AP-64-2026-09-25-00005_Alerte_Renforcee_Gave_Pau,"<b>Eaux de surface</b><br><span style=""background:red;color:#fff;padding:2px 7px;border-radius:4px;font-weight:bold;font-size:0.85em"">Alerte renforcée</span><br>du 25 sept. 2026 au 31 oct. 2026<br><small>Zone : Bassin du Gave de Pau</small>",3 oct. 2026
6177082,Bassin des Luys1-d,40,Landes,SUP,alerte_renforcee,Alerte renforcée,3,2026-10-03,2026-10-31,AP ACI ADOUR 2026-1275,"<b>Eaux de surface</b><br><span style=""background:red;color:#fff;padding:2px 7px;border-radius:4px;font-weight:bold;font-size:0.85em"">Alerte renforcée</span><br>du 3 oct. 2026 au 31 oct. 2026<br><small>Zone : Bassin des Luys1-d</small>",3 oct. 2026
6175322,Dordogne aval - Eyraud,24,Dordogne,SUP,alerte_renforcee,Alerte renforcée,3,2026-10-03,2026-10-31,Arrêté n° DDT/SEER/2026-030,"<b>Eaux de surface</b><br><span style=""background:red;color:#fff;padding:2px 7px;border-radius:4px;font-weight:bold;font-size:0.85em"">Alerte renforcée</span><br>du 3 oct. 2026 au 31 oct. 2026<br><small>Zone : Dordogne aval - Eyraud</small>",3 oct. 2026
6176981,Bassin de la Bidouze aval-40,40,Landes,SUP,alerte_renforcee,Alerte renforcée,3,2026-09-25,2026-10-31,AP ACI GAVES 2026-1247,"<b>Eaux de surface</b><br><span style=""background:red;color:#fff;padding:2px 7px;border-radius:4px;font-weight:bold;font-size:0.85em"">Alerte renforcée</span><br>du 25 sept. 2026 au 31 oct. 2026<br><small>Zone : Bassin de la Bidouze aval-40</small>",3 oct. 2026
6175469,LOIR Aval,28,Eure-et-Loir,SUP,alerte_renforcee,Alerte renforcée,3,2026-09-21,,AP_SGREB_2026_255_restrictions_usages_eau,"<b>Eaux de surface</b><br><span style=""background:red;color:#fff;padding:2px 7px;border-radius:4px;font-weight:bold;font-size:0.85em"">Alerte renforcée</span><br>depuis le 21 sept. 2026<br><small>Zone : LOIR Aval</small>",3 oct. 2026
6181144,Bassin du Petit Morin,77,Seine-et-Marne,SUP,alerte_renforcee,Alerte renforcée,3,2026-09-29,,2026/DDT/SEPR/317,"<b>Eaux de surface</b><br><span style=""background:red;color:#fff;padding:2px 7px;border-radius:4px;font-weight:bold;font-size:0.85em"">Alerte renforcée</span><br>depuis le 29 sept. 2026<br><small>Zone : Bassin du Petit Morin</small>",3 oct. 2026
6181149,Bassin de l'Ancoeur,77,Seine-et-Marne,SUP,alerte_renforcee,Alerte renforcée,3,2026-09-29,,2026/DDT/SEPR/317,"<b>Eaux de surface</b><br><span style=""background:red;color:#fff;padding:2px 7px;border-radius:4px;font-weight:bold;font-size:0.85em"">Alerte renforcée</span><br>depuis le 29 sept. 2026<br><small>Zone : Bassin de l'Ancoeur</small>",3 oct. 2026
6181160,Bassin du Grand Morin,77,Seine-et-Marne,SUP,alerte_renforcee,Alerte renforcée,3,2026-09-29,,2026/DDT/SEPR/317,"<b>Eaux de surface</b><br><span style=""background:red;color:#fff;padding:2px 7px;border-radius:4px;font-weight:bold;font-size:0.85em"">Alerte renforcée</span><br>depuis le 29 sept. 2026<br><small>Zone : Bassin du Grand Morin</small>",3 oct. 2026
6181161,Bassin de l'Yerres,77,Seine-et-Marne,SUP,alerte_renforcee,Alerte renforcée,3,2026-09-29,,2026/DDT/SEPR/317,"<b>Eaux de surface</b><br><span style=""background:red;color:#fff;padding:2px 7px;border-radius:4px;font-weight:bold;font-size:0.85em"">Alerte renforcée</span><br>depuis le 29 sept. 2026<br><small>Zone : Bassin de l'Yerres</small>",3 oct. 2026
6177117,Bassin des Luys1-b,40,Landes,SUP,alerte_renforcee,Alerte renforcée,3,2026-10-03,2026-10-31,AP ACI ADOUR 2026-1275,"<b>Eaux de surface</b><br><span style=""background:red;color:#fff;padding:2px 7px;border-radius:4px;font-weight:bold;font-size:0.85em"">Alerte renforcée</span><br>du 3 oct. 2026 au 31 oct. 2026<br><small>Zone : Bassin des Luys1-b</small>",3 oct. 2026
6175391,Bassin de la Drôme,26,Drôme,SUP,alerte_renforcee,Alerte renforcée,3,2026-08-06,2026-10-31,26-2026-08-05-00007,"<b>Eaux de surface</b><br><span style=""background:red;color:#fff;padding:2px 7px;border-radius:4px;font-weight:bold;font-size:0.85em"">Alerte renforcée</span><br>du 6 août 2026 au 31 oct. 2026<br><small>Zone : Bassin de la Drôme</small>",3 oct. 2026
6175396,Lez provençal -Lauzon,26,Drôme,SUP,alerte_renforcee,Alerte renforcée,3,2026-07-27,2026-10-31,26-2026-07-27-00004-Lez,"<b>Eaux de surface</b><br><span style=""background:red;color:#fff;padding:2px 7px;border-radius:4px;font-weight:bold;font-size:0.85em"">Alerte renforcée</span><br>du 27 juil. 2026 au 31 oct. 2026<br><small>Zone : Lez provençal -Lauzon</small>",3 oct. 2026
6175397,Galaure - Drôme des Collines,26,Drôme,SUP,alerte_renforcee,Alerte renforcée,3,2026-08-20,2026-10-31,26-2026-08-18-00007-Galaure-DDC,"<b>Eaux de surface</b><br><span style=""background:red;color:#fff;padding:2px 7px;border-radius:4px;font-weight:bold;font-size:0.85em"">Alerte renforcée</span><br>du 20 août 2026 au 31 oct. 2026<br><small>Zone : Galaure - Drôme des Collines</small>",3 oct. 2026
6180093,Bassin de l'Adour amont,64,Pyrénées-Atlantiques,SUP,alerte_renforcee,Alerte renforcée,3,2026-09-26,2026-10-31,AP-64-2026-09-25-00002-ZRE,"<b>Eaux de surface</b><br><span style=""background:red;color:#fff;padding:2px 7px;border-radius:4px;font-weight:bold;font-size:0.85em"">Alerte renforcée</span><br>du 26 sept. 2026 au 31 oct. 2026<br><small>Zone : Bassin de l'Adour amont</small>",3 oct. 2026
6180115,Bassin de la Bidouze amont,64,Pyrénées-Atlantiques,SUP,alerte_renforcee,Alerte renforcée,3,2026-08-21,2026-10-31,AP-64-2026-08-18-00007_Alerte_Renforcee_Bidouze,"<b>Eaux de surface</b><br><span style=""background:red;color:#fff;padding:2px 7px;border-radius:4px;font-weight:bold;font-size:0.85em"">Alerte renforcée</span><br>du 21 août 2026 au 31 oct. 2026<br><small>Zone : Bassin de la Bidouze amont</small>",3 oct. 2026
6180118,Bassin de la Bidouze aval,64,Pyrénées-Atlantiques,SUP,alerte_renforcee,Alerte renforcée,3,2026-08-21,2026-10-31,AP-64-2026-08-18-00007_Alerte_Renforcee_Bidouze,"<b>Eaux de surface</b><br><span style=""background:red;color:#fff;padding:2px 7px;border-radius:4px;font-weight:bold;font-size:0.85em"">Alerte renforcée</span><br>du 21 août 2026 au 31 oct. 2026<br><small>Zone : Bassin de la Bidouze aval</small>",3 oct. 2026
6180150,Bassin de l'Ardanavy et de l'Aran,64,Pyrénées-Atlantiques,SUP,alerte_renforcee,Alerte renforcée,3,2026-07-17,2026-10-31,AP-64-2026-07-16-00023_Alerte_Ardanavy_Aran.odt,"<b>Eaux de surface</b><br><span style=""background:red;color:#fff;padding:2px 7px;border-radius:4px;font-weight:bold;font-size:0.85em"">Alerte renforcée</span><br>du 17 juil. 2026 au 31 oct. 2026<br><small>Zone : Bassin de l'Ardanavy et de l'Aran</small>",3 oct. 2026
6177124,Bassin du Gabas (Gabas1),40,Landes,SUP,alerte_renforcee,Alerte renforcée,3,2026-10-03,2026-10-31,AP ACI ADOUR 2026-1275,"<b>Eaux de surface</b><br><span style=""background:red;color:#fff;padding:2px 7px;border-radius:4px;font-weight:bold;font-size:0.85em"">Alerte renforcée</span><br>du 3 oct. 2026 au 31 oct. 2026<br><small>Zone : Bassin du Gabas (Gabas1)</small>",3 oct. 2026
6177125,Bassin Les Luys de France-40,40,Landes,SUP,alerte_renforcee,Alerte renforcée,3,2026-10-03,2026-10-31,AP ACI ADOUR 2026-1275,"<b>Eaux de surface</b><br><span style=""background:red;color:#fff;padding:2px 7px;border-radius:4px;font-weight:bold;font-size:0.85em"">Alerte renforcée</span><br>du 3 oct. 2026 au 31 oct. 2026<br><small>Zone : Bassin Les Luys de France-40</small>",3 oct. 2026
6180153,BV du Louet à l'amont confluence canal de Sombrun,65,Hautes-Pyrénées,SUP,alerte_renforcee,Alerte renforcée,3,2026-08-02,2026-10-31,65-2026-07-28-00002,"<b>Eaux de surface</b><br><span style=""background:red;color:#fff;padding:2px 7px;border-radius:4px;font-weight:bold;font-size:0.85em"">Alerte renforcée</span><br>du 2 août 2026 au 31 oct. 2026<br><small>Zone : BV du Louet à l'amont confluence canal de Sombrun</small>",3 oct. 2026
6180154,BV du canal d'Alaric,65,Hautes-Pyrénées,SUP,alerte_renforcee,Alerte renforcée,3,2026-08-13,2026-10-31,65-2026-08-13-00001,"<b>Eaux de surface</b><br><span style=""background:red;color:#fff;padding:2px 7px;border-radius:4px;font-weight:bold;font-size:0.85em"">Alerte renforcée</span><br>du 13 août 2026 au 31 oct. 2026<br><small>Zone : BV du canal d'Alaric</small>",3 oct. 2026
6180157,BV de l'Adour,65,Hautes-Pyrénées,SUP,alerte_renforcee,Alerte renforcée,3,2026-08-13,2026-10-31,65-2026-08-13-00001,"<b>Eaux de surface</b><br><span style=""background:red;color:#fff;padding:2px 7px;border-radius:4px;font-weight:bold;font-size:0.85em"">Alerte renforcée</span><br>du 13 août 2026 au 31 oct. 2026<br><small>Zone : BV de l'Adour</small>",3 oct. 2026
6180159,BV de l'Echez,65,Hautes-Pyrénées,SUP,alerte_renforcee,Alerte renforcée,3,2026-08-13,2026-10-31,65-2026-08-13-00001,"<b>Eaux de surface</b><br><span style=""background:red;color:#fff;padding:2px 7px;border-radius:4px;font-weight:bold;font-size:0.85em"">Alerte renforcée</span><br>du 13 août 2026 au 31 oct. 2026<br><small>Zone : BV de l'Echez</small>",3 oct. 2026
6180163,BV du Gave de Pau,65,Hautes-Pyrénées,SUP,alerte_renforcee,Alerte renforcée,3,2026-09-30,2026-10-31,65-2026-09-30-00001,"<b>Eaux de surface</b><br><span style=""background:red;color:#fff;padding:2px 7px;border-radius:4px;font-weight:bold;font-size:0.85em"">Alerte renforcée</span><br>du 30 sept. 2026 au 31 oct. 2026<br><small>Zone : BV du Gave de Pau</small>",3 oct. 2026
6180165,BV de l'Arros et de l'Estéous,65,Hautes-Pyrénées,SUP,alerte_renforcee,Alerte renforcée,3,2026-09-12,2026-10-31,65-2026-09-11-00001,"<b>Eaux de surface</b><br><span style=""background:red;color:#fff;padding:2px 7px;border-radius:4px;font-weight:bold;font-size:0.85em"">Alerte renforcée</span><br>du 12 sept. 2026 au 31 oct. 2026<br><small>Zone : BV de l'Arros et de l'Estéous</small>",3 oct. 2026
6180168,BV des Lees,65,Hautes-Pyrénées,SUP,alerte_renforcee,Alerte renforcée,3,2026-08-01,2026-10-31,65-2026-07-31-00003,"<b>Eaux de surface</b><br><span style=""background:red;color:#fff;padding:2px 7px;border-radius:4px;font-weight:bold;font-size:0.85em"">Alerte renforcée</span><br>du 1 août 2026 au 31 oct. 2026<br><small>Zone : BV des Lees</small>",3 oct. 2026
6180169,BV du Gabas,65,Hautes-Pyrénées,SUP,alerte_renforcee,Alerte renforcée,3,2026-08-01,2026-10-31,65-2026-07-31-00003,"<b>Eaux de surface</b><br><span style=""background:red;color:#fff;padding:2px 7px;border-radius:4px;font-weight:bold;font-size:0.85em"">Alerte renforcée</span><br>du 1 août 2026 au 31 oct. 2026<br><small>Zone : BV du Gabas</small>",3 oct. 2026
6176140,Bassin du Lathan,37,Indre-et-Loire,SUP,alerte_renforcee,Alerte renforcée,3,2026-09-27,2026-10-31,Arrêté du 25 SEPTEMBRE 2026,"<b>Eaux de surface</b><br><span style=""background:red;color:#fff;padding:2px 7px;border-radius:4px;font-weight:bold;font-size:0.85em"">Alerte renforcée</span><br>du 27 sept. 2026 au 31 oct. 2026<br><small>Zone : Bassin du Lathan</small>",3 oct. 2026
6176141,Bassin de la Brenne,37,Indre-et-Loire,SUP,alerte_renforcee,Alerte renforcée,3,2026-09-27,2026-10-31,Arrêté du 25 SEPTEMBRE 2026,"<b>Eaux de surface</b><br><span style=""background:red;color:#fff;padding:2px 7px;border-radius:4px;font-weight:bold;font-size:0.85em"">Alerte renforcée</span><br>du 27 sept. 2026 au 31 oct. 2026<br><small>Zone : Bassin de la Brenne</small>",3 oct. 2026
6176180,Bassin de la Claise,37,Indre-et-Loire,SUP,alerte_renforcee,Alerte renforcée,3,2026-09-27,2026-10-31,Arrêté du 25 SEPTEMBRE 2026,"<b>Eaux de surface</b><br><span style=""background:red;color:#fff;padding:2px 7px;border-radius:4px;font-weight:bold;font-size:0.85em"">Alerte renforcée</span><br>du 27 sept. 2026 au 31 oct. 2026<br><small>Zone : Bassin de la Claise</small>",3 oct. 2026
6180215,bassin de la Sarre - partie dpt 67,67,Bas-Rhin,SUP,alerte_renforcee,Alerte renforcée,3,2026-10-01,2026-10-31,30 septembre 2026,"<b>Eaux de surface</b><br><span style=""background:red;color:#fff;padding:2px 7px;border-radius:4px;font-weight:bold;font-size:0.85em"">Alerte renforcée</span><br>du 1 oct. 2026 au 31 oct. 2026<br><small>Zone : bassin de la Sarre - partie dpt 67</small>",3 oct. 2026
6180219,"bassins de la Lauter, de la Sauer, de la Moder et de la Zorn - partie dpt 67",67,Bas-Rhin,SUP,alerte_renforcee,Alerte renforcée,3,2026-10-01,2026-10-31,30 septembre 2026,"<b>Eaux de surface</b><br><span style=""background:red;color:#fff;padding:2px 7px;border-radius:4px;font-weight:bold;font-size:0.85em"">Alerte renforcée</span><br>du 1 oct. 2026 au 31 oct. 2026<br><small>Zone : bassins de la Lauter, de la Sauer, de la Moder et de la Zorn - partie dpt 67</small>",3 oct. 2026
6173577,Largue,04,Alpes-de-Haute-Provence,SUP,alerte_renforcee,Alerte renforcée,3,2026-10-02,2026-10-31,2026-275-003,"<b>Eaux de surface</b><br><span style=""background:red;color:#fff;padding:2px 7px;border-radius:4px;font-weight:bold;font-size:0.85em"">Alerte renforcée</span><br>du 2 oct. 2026 au 31 oct. 2026<br><small>Zone : Largue</small>",3 oct. 2026
6176092,Bassin du Douai ou de la Riasse,37,Indre-et-Loire,SUP,alerte_renforcee,Alerte renforcée,3,2026-09-27,2026-10-31,Arrêté du 25 SEPTEMBRE 2026,"<b>Eaux de surface</b><br><span style=""background:red;color:#fff;padding:2px 7px;border-radius:4px;font-weight:bold;font-size:0.85em"">Alerte renforcée</span><br>du 27 sept. 2026 au 31 oct. 2026<br><small>Zone : Bassin du Douai ou de la Riasse</small>",3 oct. 2026
6176095,Bassin de la Gartempe,37,Indre-et-Loire,SUP,alerte_renforcee,Alerte renforcée,3,2026-09-27,2026-10-31,Arrêté du 25 SEPTEMBRE 2026,"<b>Eaux de surface</b><br><span style=""background:red;color:#fff;padding:2px 7px;border-radius:4px;font-weight:bold;font-size:0.85em"">Alerte renforcée</span><br>du 27 sept. 2026 au 31 oct. 2026<br><small>Zone : Bassin de la Gartempe</small>",3 oct. 2026
6176121,Bassin de l'Aigronne,37,Indre-et-Loire,SUP,alerte_renforcee,Alerte renforcée,3,2026-09-27,2026-10-31,Arrêté du 25 SEPTEMBRE 2026,"<b>Eaux de surface</b><br><span style=""background:red;color:#fff;padding:2px 7px;border-radius:4px;font-weight:bold;font-size:0.85em"">Alerte renforcée</span><br>du 27 sept. 2026 au 31 oct. 2026<br><small>Zone : Bassin de l'Aigronne</small>",3 oct. 2026
6176123,Bassin de la Cisse,37,Indre-et-Loire,SUP,alerte_renforcee,Alerte renforcée,3,2026-09-27,2026-10-31,Arrêté du 25 SEPTEMBRE 2026,"<b>Eaux de surface</b><br><span style=""background:red;color:#fff;padding:2px 7px;border-radius:4px;font-weight:bold;font-size:0.85em"">Alerte renforcée</span><br>du 27 sept. 2026 au 31 oct. 2026<br><small>Zone : Bassin de la Cisse</small>",3 oct. 2026
6176137,Bassin de la Choisille,37,Indre-et-Loire,SUP,alerte_renforcee,Alerte renforcée,3,2026-09-27,2026-10-31,Arrêté du 25 SEPTEMBRE 2026,"<b>Eaux de surface</b><br><span style=""background:red;color:#fff;padding:2px 7px;border-radius:4px;font-weight:bold;font-size:0.85em"">Alerte renforcée</span><br>du 27 sept. 2026 au 31 oct. 2026<br><small>Zone : Bassin de la Choisille</small>",3 oct. 2026
6176138,Bassin du Brignon,37,Indre-et-Loire,SUP,alerte_renforcee,Alerte renforcée,3,2026-09-27,2026-10-31,Arrêté du 25 SEPTEMBRE 2026,"<b>Eaux de surface</b><br><span style=""background:red;color:#fff;padding:2px 7px;border-radius:4px;font-weight:bold;font-size:0.85em"">Alerte renforcée</span><br>du 27 sept. 2026 au 31 oct. 2026<br><small>Zone : Bassin du Brignon</small>",3 oct. 2026
6176146,Bassin du Changeon,37,Indre-et-Loire,SUP,alerte_renforcee,Alerte renforcée,3,2026-09-27,2026-10-31,Arrêté du 25 SEPTEMBRE 2026,"<b>Eaux de surface</b><br><span style=""background:red;color:#fff;padding:2px 7px;border-radius:4px;font-weight:bold;font-size:0.85em"">Alerte renforcée</span><br>du 27 sept. 2026 au 31 oct. 2026<br><small>Zone : Bassin du Changeon</small>",3 oct. 2026
6176159,Bassin de la Maulne,37,Indre-et-Loire,SUP,alerte_renforcee,Alerte renforcée,3,2026-09-27,2026-10-31,Arrêté du 25 SEPTEMBRE 2026,"<b>Eaux de surface</b><br><span style=""background:red;color:#fff;padding:2px 7px;border-radius:4px;font-weight:bold;font-size:0.85em"">Alerte renforcée</span><br>du 27 sept. 2026 au 31 oct. 2026<br><small>Zone : Bassin de la Maulne</small>",3 oct. 2026
6176165,Bassin de la Masse,37,Indre-et-Loire,SUP,alerte_renforcee,Alerte renforcée,3,2026-09-27,2026-10-31,Arrêté du 25 SEPTEMBRE 2026,"<b>Eaux de surface</b><br><span style=""background:red;color:#fff;padding:2px 7px;border-radius:4px;font-weight:bold;font-size:0.85em"">Alerte renforcée</span><br>du 27 sept. 2026 au 31 oct. 2026<br><small>Zone : Bassin de la Masse</small>",3 oct. 2026
6176170,Bassin de la Fare,37,Indre-et-Loire,SUP,alerte_renforcee,Alerte renforcée,3,2026-09-27,2026-10-31,Arrêté du 25 SEPTEMBRE 2026,"<b>Eaux de surface</b><br><span style=""background:red;color:#fff;padding:2px 7px;border-radius:4px;font-weight:bold;font-size:0.85em"">Alerte renforcée</span><br>du 27 sept. 2026 au 31 oct. 2026<br><small>Zone : Bassin de la Fare</small>",3 oct. 2026
6176171,Bassin de la Deme,37,Indre-et-Loire,SUP,alerte_renforcee,Alerte renforcée,3,2026-09-27,2026-10-31,Arrêté du 25 SEPTEMBRE 2026,"<b>Eaux de surface</b><br><span style=""background:red;color:#fff;padding:2px 7px;border-radius:4px;font-weight:bold;font-size:0.85em"">Alerte renforcée</span><br>du 27 sept. 2026 au 31 oct. 2026<br><small>Zone : Bassin de la Deme</small>",3 oct. 2026
6176172,Bassin du Long,37,Indre-et-Loire,SUP,alerte_renforcee,Alerte renforcée,3,2026-09-27,2026-10-31,Arrêté du 25 SEPTEMBRE 2026,"<b>Eaux de surface</b><br><span style=""background:red;color:#fff;padding:2px 7px;border-radius:4px;font-weight:bold;font-size:0.85em"">Alerte renforcée</span><br>du 27 sept. 2026 au 31 oct. 2026<br><small>Zone : Bassin du Long</small>",3 oct. 2026
6177015,Bassin Adour Bernède-40,40,Landes,SUP,alerte_renforcee,Alerte renforcée,3,2026-10-03,2026-10-31,AP ACI ADOUR 2026-1275,"<b>Eaux de surface</b><br><span style=""background:red;color:#fff;padding:2px 7px;border-radius:4px;font-weight:bold;font-size:0.85em"">Alerte renforcée</span><br>du 3 oct. 2026 au 31 oct. 2026<br><small>Zone : Bassin Adour Bernède-40</small>",3 oct. 2026
6174562,Zone d'alerte n°5.3_Le Contirou,09,Ariège,SUP,alerte_renforcee,Alerte renforcée,3,2026-09-21,2026-10-04,20260918,"<b>Eaux de surface</b><br><span style=""background:red;color:#fff;padding:2px 7px;border-radius:4px;font-weight:bold;font-size:0.85em"">Alerte renforcée</span><br>du 21 sept. 2026 au 4 oct. 2026<br><small>Zone : Zone d'alerte n°5.3_Le Contirou</small>",3 oct. 2026
6174563,Zone d'alerte n°2.1_Arize réalimenté amont,09,Ariège,SUP,alerte_renforcee,Alerte renforcée,3,2026-09-21,2026-10-04,20260918,"<b>Eaux de surface</b><br><span style=""background:red;color:#fff;padding:2px 7px;border-radius:4px;font-weight:bold;font-size:0.85em"">Alerte renforcée</span><br>du 21 sept. 2026 au 4 oct. 2026<br><small>Zone : Zone d'alerte n°2.1_Arize réalimenté amont</small>",3 oct. 2026
6174571,Zone d'alerte n°5.2_L'Hers-vif non réalimenté et autres affluents,09,Ariège,SUP,alerte_renforcee,Alerte renforcée,3,2026-09-21,2026-10-04,20260918,"<b>Eaux de surface</b><br><span style=""background:red;color:#fff;padding:2px 7px;border-radius:4px;font-weight:bold;font-size:0.85em"">Alerte renforcée</span><br>du 21 sept. 2026 au 4 oct. 2026<br><small>Zone : Zone d'alerte n°5.2_L'Hers-vif non réalimenté et autres affluents</small>",3 oct. 2026
6174572,Zone d'alerte n°4.1_L'Ariège réalimentée en aval de Foix,09,Ariège,SUP,alerte_renforcee,Alerte renforcée,3,2026-09-21,2026-10-04,20260918,"<b>Eaux de surface</b><br><span style=""background:red;color:#fff;padding:2px 7px;border-radius:4px;font-weight:bold;font-size:0.85em"">Alerte renforcée</span><br>du 21 sept. 2026 au 4 oct. 2026<br><small>Zone : Zone d'alerte n°4.1_L'Ariège réalimentée en aval de Foix</small>",3 oct. 2026
6174573,Zone d'alerte n°5.1_L'Hers-vif réalimenté,09,Ariège,SUP,alerte_renforcee,Alerte renforcée,3,2026-09-21,2026-10-04,20260918,"<b>Eaux de surface</b><br><span style=""background:red;color:#fff;padding:2px 7px;border-radius:4px;font-weight:bold;font-size:0.85em"">Alerte renforcée</span><br>du 21 sept. 2026 au 4 oct. 2026<br><small>Zone : Zone d'alerte n°5.1_L'Hers-vif réalimenté</small>",3 oct. 2026
6174561,Zone d'alerte n°2.2_Arize réalimenté aval,09,Ariège,SUP,alerte_renforcee,Alerte renforcée,3,2026-09-21,2026-10-04,20260918,"<b>Eaux de surface</b><br><span style=""background:red;color:#fff;padding:2px 7px;border-radius:4px;font-weight:bold;font-size:0.85em"">Alerte renforcée</span><br>du 21 sept. 2026 au 4 oct. 2026<br><small>Zone : Zone d'alerte n°2.2_Arize réalimenté aval</small>",3 oct. 2026
6177018,Bassin de l'Adour (Adour5),40,Landes,SUP,alerte_renforcee,Alerte renforcée,3,2026-10-03,2026-10-31,AP ACI ADOUR 2026-1275,"<b>Eaux de surface</b><br><span style=""background:red;color:#fff;padding:2px 7px;border-radius:4px;font-weight:bold;font-size:0.85em"">Alerte renforcée</span><br>du 3 oct. 2026 au 31 oct. 2026<br><small>Zone : Bassin de l'Adour (Adour5)</small>",3 oct. 2026
6174588,Affluents crayeux Aube et Seine,10,Aube,SUP,alerte_renforcee,Alerte renforcée,3,2026-09-26,2026-10-31,DDT/SEB/PREMA-2026268-0001,"<b>Eaux de surface</b><br><span style=""background:red;color:#fff;padding:2px 7px;border-radius:4px;font-weight:bold;font-size:0.85em"">Alerte renforcée</span><br>du 26 sept. 2026 au 31 oct. 2026<br><small>Zone : Affluents crayeux Aube et Seine</small>",3 oct. 2026
6174584,Aube amont,10,Aube,SUP,alerte_renforcee,Alerte renforcée,3,2026-09-26,2026-10-31,DDT/SEB/PREMA-2026268-0001,"<b>Eaux de surface</b><br><span style=""background:red;color:#fff;padding:2px 7px;border-radius:4px;font-weight:bold;font-size:0.85em"">Alerte renforcée</span><br>du 26 sept. 2026 au 31 oct. 2026<br><small>Zone : Aube amont</small>",3 oct. 2026
6174617,1. Axe réalimenté Aude amont,11,Aude,SUP,alerte_renforcee,Alerte renforcée,3,2026-09-30,2026-10-31,DDTM-SAFEB-2026-19,"<b>Eaux de surface</b><br><span style=""background:red;color:#fff;padding:2px 7px;border-radius:4px;font-weight:bold;font-size:0.85em"">Alerte renforcée</span><br>du 30 sept. 2026 au 31 oct. 2026<br><small>Zone : 1. Axe réalimenté Aude amont</small>",3 oct. 2026
6177026,Bassin du Lespontes,40,Landes,SUP,alerte_renforcee,Alerte renforcée,3,2026-10-03,2026-10-31,AP ACI ADOUR 2026-1275,"<b>Eaux de surface</b><br><span style=""background:red;color:#fff;padding:2px 7px;border-radius:4px;font-weight:bold;font-size:0.85em"">Alerte renforcée</span><br>du 3 oct. 2026 au 31 oct. 2026<br><small>Zone : Bassin du Lespontes</small>",3 oct. 2026
6174606,9. Secteur Orbiel et affluents rive gauche de l'Aude sur ce secteur,11,Aude,SUP,alerte_renforcee,Alerte renforcée,3,2026-09-30,2026-10-31,DDTM-SAFEB-2026-19,"<b>Eaux de surface</b><br><span style=""background:red;color:#fff;padding:2px 7px;border-radius:4px;font-weight:bold;font-size:0.85em"">Alerte renforcée</span><br>du 30 sept. 2026 au 31 oct. 2026<br><small>Zone : 9. Secteur Orbiel et affluents rive gauche de l'Aude sur ce secteur</small>",3 oct. 2026
6174607,4. Secteur Aude aval (hors axe réalimenté),11,Aude,SUP,alerte_renforcee,Alerte renforcée,3,2026-09-30,2026-10-31,DDTM-SAFEB-2026-19,"<b>Eaux de surface</b><br><span style=""background:red;color:#fff;padding:2px 7px;border-radius:4px;font-weight:bold;font-size:0.85em"">Alerte renforcée</span><br>du 30 sept. 2026 au 31 oct. 2026<br><small>Zone : 4. Secteur Aude aval (hors axe réalimenté)</small>",3 oct. 2026
6174608,"2. Axe réalimenté Aude médiane et aval et canal du Midi, y compris ses annexes (canal de Jonction, canal de la Robine)",11,Aude,SUP,alerte_renforcee,Alerte renforcée,3,2026-09-30,2026-10-31,DDTM-SAFEB-2026-19,"<b>Eaux de surface</b><br><span style=""background:red;color:#fff;padding:2px 7px;border-radius:4px;font-weight:bold;font-size:0.85em"">Alerte renforcée</span><br>du 30 sept. 2026 au 31 oct. 2026<br><small>Zone : 2. Axe réalimenté Aude médiane et aval et canal du Midi, y compris ses annexes (canal de Jonction, canal de la Robine)</small>",3 oct. 2026
6174611,15. Hers-Vif non réalimenté et autres affluents,11,Aude,SUP,alerte_renforcee,Alerte renforcée,3,2026-09-30,2026-10-31,DDTM-SAFEB-2026-19,"<b>Eaux de surface</b><br><span style=""background:red;color:#fff;padding:2px 7px;border-radius:4px;font-weight:bold;font-size:0.85em"">Alerte renforcée</span><br>du 30 sept. 2026 au 31 oct. 2026<br><small>Zone : 15. Hers-Vif non réalimenté et autres affluents</small>",3 oct. 2026
6174612,5. Secteur Berre et Rieu,11,Aude,SUP,alerte_renforcee,Alerte renforcée,3,2026-09-30,2026-10-31,DDTM-SAFEB-2026-19,"<b>Eaux de surface</b><br><span style=""background:red;color:#fff;padding:2px 7px;border-radius:4px;font-weight:bold;font-size:0.85em"">Alerte renforcée</span><br>du 30 sept. 2026 au 31 oct. 2026<br><small>Zone : 5. Secteur Berre et Rieu</small>",3 oct. 2026
6177031,Bassin des Luys (Luys1-c-40),40,Landes,SUP,alerte_renforcee,Alerte renforcée,3,2026-10-03,2026-10-31,AP ACI ADOUR 2026-1275,"<b>Eaux de surface</b><br><span style=""background:red;color:#fff;padding:2px 7px;border-radius:4px;font-weight:bold;font-size:0.85em"">Alerte renforcée</span><br>du 3 oct. 2026 au 31 oct. 2026<br><small>Zone : Bassin des Luys (Luys1-c-40)</small>",3 oct. 2026
6176437,Est-Lyonnais,38,Isère,SUP,alerte_renforcee,Alerte renforcée,3,2026-07-23,2026-10-31,38-2026-07-22-00001,"<b>Eaux de surface</b><br><span style=""background:red;color:#fff;padding:2px 7px;border-radius:4px;font-weight:bold;font-size:0.85em"">Alerte renforcée</span><br>du 23 juil. 2026 au 31 oct. 2026<br><small>Zone : Est-Lyonnais</small>",3 oct. 2026
6177010,Bassin des Luys de Bearn aval-40,40,Landes,SUP,alerte_renforcee,Alerte renforcée,3,2026-10-03,2026-10-31,AP ACI ADOUR 2026-1275,"<b>Eaux de surface</b><br><span style=""background:red;color:#fff;padding:2px 7px;border-radius:4px;font-weight:bold;font-size:0.85em"">Alerte renforcée</span><br>du 3 oct. 2026 au 31 oct. 2026<br><small>Zone : Bassin des Luys de Bearn aval-40</small>",3 oct. 2026
6178905,YONNE aval,58,Nièvre,SUP,alerte_renforcee,Alerte renforcée,3,2026-08-17,2026-11-30,58-2026-08-13-00003,"<b>Eaux de surface</b><br><span style=""background:red;color:#fff;padding:2px 7px;border-radius:4px;font-weight:bold;font-size:0.85em"">Alerte renforcée</span><br>du 17 août 2026 au 30 nov. 2026<br><small>Zone : YONNE aval</small>",3 oct. 2026
6178909,NOHAIN - MAZOU,58,Nièvre,SUP,alerte_renforcee,Alerte renforcée,3,2026-08-17,2026-11-30,58-2026-08-13-00003,"<b>Eaux de surface</b><br><span style=""background:red;color:#fff;padding:2px 7px;border-radius:4px;font-weight:bold;font-size:0.85em"">Alerte renforcée</span><br>du 17 août 2026 au 30 nov. 2026<br><small>Zone : NOHAIN - MAZOU</small>",3 oct. 2026
6179239,Bassins versants de la Marque et de la Deûle,59,Nord,SUP,alerte_renforcee,Alerte renforcée,3,2026-08-15,2026-10-31,Arrêté préfectoral du 14 août 2026,"<b>Eaux de surface</b><br><span style=""background:red;color:#fff;padding:2px 7px;border-radius:4px;font-weight:bold;font-size:0.85em"">Alerte renforcée</span><br>du 15 août 2026 au 31 oct. 2026<br><small>Zone : Bassins versants de la Marque et de la Deûle</small>",3 oct. 2026
6179246,Bassin versant de la Scarpe aval,59,Nord,SUP,alerte_renforcee,Alerte renforcée,3,2026-08-15,2026-10-31,Arrêté préfectoral du 14 août 2026,"<b>Eaux de surface</b><br><span style=""background:red;color:#fff;padding:2px 7px;border-radius:4px;font-weight:bold;font-size:0.85em"">Alerte renforcée</span><br>du 15 août 2026 au 31 oct. 2026<br><small>Zone : Bassin versant de la Scarpe aval</small>",3 oct. 2026
6179251,Bassins versants de l'Audomarois et du Delta de l'Aa,59,Nord,SUP,alerte_renforcee,Alerte renforcée,3,2026-08-15,2026-10-31,Arrêté préfectoral du 14 août 2026,"<b>Eaux de surface</b><br><span style=""background:red;color:#fff;padding:2px 7px;border-radius:4px;font-weight:bold;font-size:0.85em"">Alerte renforcée</span><br>du 15 août 2026 au 31 oct. 2026<br><small>Zone : Bassins versants de l'Audomarois et du Delta de l'Aa</small>",3 oct. 2026
6179254,Bassin versant de la Lys,59,Nord,SUP,alerte_renforcee,Alerte renforcée,3,2026-08-15,2026-10-31,Arrêté préfectoral du 14 août 2026,"<b>Eaux de surface</b><br><span style=""background:red;color:#fff;padding:2px 7px;border-radius:4px;font-weight:bold;font-size:0.85em"">Alerte renforcée</span><br>du 15 août 2026 au 31 oct. 2026<br><small>Zone : Bassin versant de la Lys</small>",3 oct. 2026
6179265,bassin Oise-Aisne,60,Oise,SUP,alerte_renforcee,Alerte renforcée,3,2026-09-15,,DDT60 - 20260915,"<b>Eaux de surface</b><br><span style=""background:red;color:#fff;padding:2px 7px;border-radius:4px;font-weight:bold;font-size:0.85em"">Alerte renforcée</span><br>depuis le 15 sept. 2026<br><small>Zone : bassin Oise-Aisne</small>",3 oct. 2026
6176254,Oisans/Bonne,38,Isère,SUP,alerte_renforcee,Alerte renforcée,3,2026-09-30,2026-10-31,38-2026-09-28-00012 [Isère],"<b>Eaux de surface</b><br><span style=""background:red;color:#fff;padding:2px 7px;border-radius:4px;font-weight:bold;font-size:0.85em"">Alerte renforcée</span><br>du 30 sept. 2026 au 31 oct. 2026<br><small>Zone : Oisans/Bonne</small>",3 oct. 2026
6176256,Bourbre,38,Isère,SUP,alerte_renforcee,Alerte renforcée,3,2026-09-30,2026-10-31,38-2026-09-28-00012 [Isère],"<b>Eaux de surface</b><br><span style=""background:red;color:#fff;padding:2px 7px;border-radius:4px;font-weight:bold;font-size:0.85em"">Alerte renforcée</span><br>du 30 sept. 2026 au 31 oct. 2026<br><small>Zone : Bourbre</small>",3 oct. 2026
6176257,Isle Crémieu,38,Isère,SUP,alerte_renforcee,Alerte renforcée,3,2026-09-30,2026-10-31,38-2026-09-28-00012 [Isère],"<b>Eaux de surface</b><br><span style=""background:red;color:#fff;padding:2px 7px;border-radius:4px;font-weight:bold;font-size:0.85em"">Alerte renforcée</span><br>du 30 sept. 2026 au 31 oct. 2026<br><small>Zone : Isle Crémieu</small>",3 oct. 2026
6176258,Vercors,38,Isère,SUP,alerte_renforcee,Alerte renforcée,3,2026-09-30,2026-10-31,38-2026-09-28-00012 [Isère],"<b>Eaux de surface</b><br><span style=""background:red;color:#fff;padding:2px 7px;border-radius:4px;font-weight:bold;font-size:0.85em"">Alerte renforcée</span><br>du 30 sept. 2026 au 31 oct. 2026<br><small>Zone : Vercors</small>",3 oct. 2026
6176266,Belledonne,38,Isère,SUP,alerte_renforcee,Alerte renforcée,3,2026-09-30,2026-10-31,38-2026-09-28-00012 [Isère],"<b>Eaux de surface</b><br><span style=""background:red;color:#fff;padding:2px 7px;border-radius:4px;font-weight:bold;font-size:0.85em"">Alerte renforcée</span><br>du 30 sept. 2026 au 31 oct. 2026<br><small>Zone : Belledonne</small>",3 oct. 2026
6176268,Trièves/Matheysine,38,Isère,SUP,alerte_renforcee,Alerte renforcée,3,2026-09-30,2026-10-31,38-2026-09-28-00012 [Isère],"<b>Eaux de surface</b><br><span style=""background:red;color:#fff;padding:2px 7px;border-radius:4px;font-weight:bold;font-size:0.85em"">Alerte renforcée</span><br>du 30 sept. 2026 au 31 oct. 2026<br><small>Zone : Trièves/Matheysine</small>",3 oct. 2026
6176269,Chambaran,38,Isère,SUP,alerte_renforcee,Alerte renforcée,3,2026-09-30,2026-10-31,38-2026-09-28-00012 [Isère],"<b>Eaux de surface</b><br><span style=""background:red;color:#fff;padding:2px 7px;border-radius:4px;font-weight:bold;font-size:0.85em"">Alerte renforcée</span><br>du 30 sept. 2026 au 31 oct. 2026<br><small>Zone : Chambaran</small>",3 oct. 2026
6176272,Sanne-Varèze-4 Vallées,38,Isère,SUP,alerte_renforcee,Alerte renforcée,3,2026-09-30,2026-10-31,38-2026-09-28-00012 [Isère],"<b>Eaux de surface</b><br><span style=""background:red;color:#fff;padding:2px 7px;border-radius:4px;font-weight:bold;font-size:0.85em"">Alerte renforcée</span><br>du 30 sept. 2026 au 31 oct. 2026<br><small>Zone : Sanne-Varèze-4 Vallées</small>",3 oct. 2026
6176280,Galaure-Drôme des Collines,38,Isère,SUP,alerte_renforcee,Alerte renforcée,3,2026-08-20,2026-10-31,38-2026-08-20-00003_&_26-2026-08-18-00007 [GDdC],"<b>Eaux de surface</b><br><span style=""background:red;color:#fff;padding:2px 7px;border-radius:4px;font-weight:bold;font-size:0.85em"">Alerte renforcée</span><br>du 20 août 2026 au 31 oct. 2026<br><small>Zone : Galaure-Drôme des Collines</small>",3 oct. 2026
6177005,Bassin de l'Adour (Adour3),40,Landes,SUP,alerte_renforcee,Alerte renforcée,3,2026-10-03,2026-10-31,AP ACI ADOUR 2026-1275,"<b>Eaux de surface</b><br><span style=""background:red;color:#fff;padding:2px 7px;border-radius:4px;font-weight:bold;font-size:0.85em"">Alerte renforcée</span><br>du 3 oct. 2026 au 31 oct. 2026<br><small>Zone : Bassin de l'Adour (Adour3)</small>",3 oct. 2026
6177019,Bassin du Bas,40,Landes,SUP,alerte_renforcee,Alerte renforcée,3,2026-10-03,2026-10-31,AP ACI ADOUR 2026-1275,"<b>Eaux de surface</b><br><span style=""background:red;color:#fff;padding:2px 7px;border-radius:4px;font-weight:bold;font-size:0.85em"">Alerte renforcée</span><br>du 3 oct. 2026 au 31 oct. 2026<br><small>Zone : Bassin du Bas</small>",3 oct. 2026
6177059,Adour réalimenté et autres axes influencés Amont Audon,40,Landes,SUP,alerte_renforcee,Alerte renforcée,3,2026-10-03,2026-10-31,AP ACI ADOUR 2026-1275,"<b>Eaux de surface</b><br><span style=""background:red;color:#fff;padding:2px 7px;border-radius:4px;font-weight:bold;font-size:0.85em"">Alerte renforcée</span><br>du 3 oct. 2026 au 31 oct. 2026<br><small>Zone : Adour réalimenté et autres axes influencés Amont Audon</small>",3 oct. 2026
6177116,Bassin de l'Adour (Adour4-a),40,Landes,SUP,alerte_renforcee,Alerte renforcée,3,2026-10-03,2026-10-31,AP ACI ADOUR 2026-1275,"<b>Eaux de surface</b><br><span style=""background:red;color:#fff;padding:2px 7px;border-radius:4px;font-weight:bold;font-size:0.85em"">Alerte renforcée</span><br>du 3 oct. 2026 au 31 oct. 2026<br><small>Zone : Bassin de l'Adour (Adour4-a)</small>",3 oct. 2026
6177013,Bassin de l'Adour (Adour1-40),40,Landes,SUP,alerte_renforcee,Alerte renforcée,3,2026-10-03,2026-10-31,AP ACI ADOUR 2026-1275,"<b>Eaux de surface</b><br><span style=""background:red;color:#fff;padding:2px 7px;border-radius:4px;font-weight:bold;font-size:0.85em"">Alerte renforcée</span><br>du 3 oct. 2026 au 31 oct. 2026<br><small>Zone : Bassin de l'Adour (Adour1-40)</small>",3 oct. 2026
6177066,Adour réalimenté Amont Lees,40,Landes,SUP,alerte_renforcee,Alerte renforcée,3,2026-10-03,2026-10-31,AP ACI ADOUR 2026-1275,"<b>Eaux de surface</b><br><span style=""background:red;color:#fff;padding:2px 7px;border-radius:4px;font-weight:bold;font-size:0.85em"">Alerte renforcée</span><br>du 3 oct. 2026 au 31 oct. 2026<br><small>Zone : Adour réalimenté Amont Lees</small>",3 oct. 2026
6177039,Bassin des Luys1-f,40,Landes,SUP,alerte_renforcee,Alerte renforcée,3,2026-10-03,2026-10-31,AP ACI ADOUR 2026-1275,"<b>Eaux de surface</b><br><span style=""background:red;color:#fff;padding:2px 7px;border-radius:4px;font-weight:bold;font-size:0.85em"">Alerte renforcée</span><br>du 3 oct. 2026 au 31 oct. 2026<br><small>Zone : Bassin des Luys1-f</small>",3 oct. 2026
6177054,Bassin de l'Adour (Adour2-40),40,Landes,SUP,alerte_renforcee,Alerte renforcée,3,2026-10-03,2026-10-31,AP ACI ADOUR 2026-1275,"<b>Eaux de surface</b><br><span style=""background:red;color:#fff;padding:2px 7px;border-radius:4px;font-weight:bold;font-size:0.85em"">Alerte renforcée</span><br>du 3 oct. 2026 au 31 oct. 2026<br><small>Zone : Bassin de l'Adour (Adour2-40)</small>",3 oct. 2026
6177096,Bassin du Gabas (Gabas3-40),40,Landes,SUP,alerte_renforcee,Alerte renforcée,3,2026-10-03,2026-10-31,AP ACI ADOUR 2026-1275,"<b>Eaux de surface</b><br><span style=""background:red;color:#fff;padding:2px 7px;border-radius:4px;font-weight:bold;font-size:0.85em"">Alerte renforcée</span><br>du 3 oct. 2026 au 31 oct. 2026<br><small>Zone : Bassin du Gabas (Gabas3-40)</small>",3 oct. 2026
6181604,Saône amont,88,Vosges,SUP,crise,Crise,4,2026-10-01,2026-10-31,Arrêté n° 369/2026,"<b>Eaux de surface</b><br><span style=""background:maroon;color:#fff;padding:2px 7px;border-radius:4px;font-weight:bold;font-size:0.85em"">Crise</span><br>du 1 oct. 2026 au 31 oct. 2026<br><small>Zone : Saône amont</small>",3 oct. 2026
6181606,Meuse amont et médiane partie du département 88,88,Vosges,SUP,crise,Crise,4,2026-10-01,2026-10-31,Arrêté n° 368/2026,"<b>Eaux de surface</b><br><span style=""background:maroon;color:#fff;padding:2px 7px;border-radius:4px;font-weight:bold;font-size:0.85em"">Crise</span><br>du 1 oct. 2026 au 31 oct. 2026<br><small>Zone : Meuse amont et médiane partie du département 88</small>",3 oct. 2026
6181608,Moselle amont et Meurthe partie du département 88,88,Vosges,SUP,crise,Crise,4,2026-10-01,2026-10-31,Arrêté n° 367/2026 ,"<b>Eaux de surface</b><br><span style=""background:maroon;color:#fff;padding:2px 7px;border-radius:4px;font-weight:bold;font-size:0.85em"">Crise</span><br>du 1 oct. 2026 au 31 oct. 2026<br><small>Zone : Moselle amont et Meurthe partie du département 88</small>",3 oct. 2026
6180232,"bassins de la Bruche, la Mossig, l'Ehn,  l'Andlau, du Giessen et de la Liepvrette-  partie dpt 68",68,Haut-Rhin,SUP,crise,Crise,4,2026-08-19,2026-11-01,2026-16,"<b>Eaux de surface</b><br><span style=""background:maroon;color:#fff;padding:2px 7px;border-radius:4px;font-weight:bold;font-size:0.85em"">Crise</span><br>du 19 août 2026 au 1 nov. 2026<br><small>Zone : bassins de la Bruche, la Mossig, l'Ehn,  l'Andlau, du Giessen et de la Liepvrette-  partie dpt 68</small>",3 oct. 2026
6180238,"bassins de la Doller amont, de la Fecht, de la Weiss et de la Lauch",68,Haut-Rhin,SUP,crise,Crise,4,2026-07-23,2026-11-01,2026-12,"<b>Eaux de surface</b><br><span style=""background:maroon;color:#fff;padding:2px 7px;border-radius:4px;font-weight:bold;font-size:0.85em"">Crise</span><br>du 23 juil. 2026 au 1 nov. 2026<br><small>Zone : bassins de la Doller amont, de la Fecht, de la Weiss et de la Lauch</small>",3 oct. 2026
6175701,ZA Gravouse – Durèze - Soulège,33,Gironde,SUP,crise,Crise,4,2026-09-30,2026-10-31,SEN/2026/09/28-734,"<b>Eaux de surface</b><br><span style=""background:maroon;color:#fff;padding:2px 7px;border-radius:4px;font-weight:bold;font-size:0.85em"">Crise</span><br>du 30 sept. 2026 au 31 oct. 2026<br><small>Zone : ZA Gravouse – Durèze - Soulège</small>",3 oct. 2026
6172677,Rivières du Haut-Rhône,01,Ain,SUP,crise,Crise,4,2026-08-20,2026-10-31,2026-07,"<b>Eaux de surface</b><br><span style=""background:maroon;color:#fff;padding:2px 7px;border-radius:4px;font-weight:bold;font-size:0.85em"">Crise</span><br>du 20 août 2026 au 31 oct. 2026<br><small>Zone : Rivières du Haut-Rhône</small>",3 oct. 2026
6172678,Saône Aval,01,Ain,SUP,crise,Crise,4,2026-08-20,2026-10-31,2026-07,"<b>Eaux de surface</b><br><span style=""background:maroon;color:#fff;padding:2px 7px;border-radius:4px;font-weight:bold;font-size:0.85em"">Crise</span><br>du 20 août 2026 au 31 oct. 2026<br><small>Zone : Saône Aval</small>",3 oct. 2026
6174880,Bassin de l'Aume-Couture,17,Charente-Maritime,SUP,crise,Crise,4,2026-09-18,2026-10-31,26B599 Charente,"<b>Eaux de surface</b><br><span style=""background:maroon;color:#fff;padding:2px 7px;border-radius:4px;font-weight:bold;font-size:0.85em"">Crise</span><br>du 18 sept. 2026 au 31 oct. 2026<br><small>Zone : Bassin de l'Aume-Couture</small>",3 oct. 2026
6174883,Bassin de la Boutonne aval et moyenne,17,Charente-Maritime,SUP,crise,Crise,4,2026-09-18,2026-10-31,26B599 Charente,"<b>Eaux de surface</b><br><span style=""background:maroon;color:#fff;padding:2px 7px;border-radius:4px;font-weight:bold;font-size:0.85em"">Crise</span><br>du 18 sept. 2026 au 31 oct. 2026<br><small>Zone : Bassin de la Boutonne aval et moyenne</small>",3 oct. 2026
6174885,Bassin du Bruant,17,Charente-Maritime,SUP,crise,Crise,4,2026-09-18,2026-10-31,26B599 Charente,"<b>Eaux de surface</b><br><span style=""background:maroon;color:#fff;padding:2px 7px;border-radius:4px;font-weight:bold;font-size:0.85em"">Crise</span><br>du 18 sept. 2026 au 31 oct. 2026<br><small>Zone : Bassin du Bruant</small>",3 oct. 2026
6174892,Bassin de la Géres-Devise,17,Charente-Maritime,SUP,crise,Crise,4,2026-09-18,2026-10-31,26B599 Charente,"<b>Eaux de surface</b><br><span style=""background:maroon;color:#fff;padding:2px 7px;border-radius:4px;font-weight:bold;font-size:0.85em"">Crise</span><br>du 18 sept. 2026 au 31 oct. 2026<br><small>Zone : Bassin de la Géres-Devise</small>",3 oct. 2026
6172682,Rivières du Bugey,01,Ain,SUP,crise,Crise,4,2026-08-20,2026-10-31,2026-07,"<b>Eaux de surface</b><br><span style=""background:maroon;color:#fff;padding:2px 7px;border-radius:4px;font-weight:bold;font-size:0.85em"">Crise</span><br>du 20 août 2026 au 31 oct. 2026<br><small>Zone : Rivières du Bugey</small>",3 oct. 2026
6173575,Asse,04,Alpes-de-Haute-Provence,SUP,crise,Crise,4,2026-10-02,2026-10-31,2026-275-003,"<b>Eaux de surface</b><br><span style=""background:maroon;color:#fff;padding:2px 7px;border-radius:4px;font-weight:bold;font-size:0.85em"">Crise</span><br>du 2 oct. 2026 au 31 oct. 2026<br><small>Zone : Asse</small>",3 oct. 2026
6173584,Esteron,04,Alpes-de-Haute-Provence,SUP,crise,Crise,4,2026-10-02,2026-10-31,2026-275-003,"<b>Eaux de surface</b><br><span style=""background:maroon;color:#fff;padding:2px 7px;border-radius:4px;font-weight:bold;font-size:0.85em"">Crise</span><br>du 2 oct. 2026 au 31 oct. 2026<br><small>Zone : Esteron</small>",3 oct. 2026
6181616,Zone de gestion Tholon-Ravillon-Vrin-d'Ocques,89,Yonne,SUP,crise,Crise,4,2026-09-04,2026-12-31,DDT/SEE/2026/0072,"<b>Eaux de surface</b><br><span style=""background:maroon;color:#fff;padding:2px 7px;border-radius:4px;font-weight:bold;font-size:0.85em"">Crise</span><br>du 4 sept. 2026 au 31 déc. 2026<br><small>Zone : Zone de gestion Tholon-Ravillon-Vrin-d'Ocques</small>",3 oct. 2026
6180249,ZONE 1,69,Rhône,SUP,crise,Crise,4,2026-08-24,2026-10-31,DDT_SENR_2026_B121,"<b>Eaux de surface</b><br><span style=""background:maroon;color:#fff;padding:2px 7px;border-radius:4px;font-weight:bold;font-size:0.85em"">Crise</span><br>du 24 août 2026 au 31 oct. 2026<br><small>Zone : ZONE 1</small>",3 oct. 2026
6180276,DHEUNE,71,Saône-et-Loire,SUP,crise,Crise,4,2026-09-25,2026-10-31,71-2026-09-24-00001,"<b>Eaux de surface</b><br><span style=""background:maroon;color:#fff;padding:2px 7px;border-radius:4px;font-weight:bold;font-size:0.85em"">Crise</span><br>du 25 sept. 2026 au 31 oct. 2026<br><small>Zone : DHEUNE</small>",3 oct. 2026
6180277,SEILLE ET GUYOTTE,71,Saône-et-Loire,SUP,crise,Crise,4,2026-09-25,2026-10-31,71-2026-09-24-00001,"<b>Eaux de surface</b><br><span style=""background:maroon;color:#fff;padding:2px 7px;border-radius:4px;font-weight:bold;font-size:0.85em"">Crise</span><br>du 25 sept. 2026 au 31 oct. 2026<br><small>Zone : SEILLE ET GUYOTTE</small>",3 oct. 2026
6180278,GROSNE,71,Saône-et-Loire,SUP,crise,Crise,4,2026-09-25,2026-10-31,71-2026-09-24-00001,"<b>Eaux de surface</b><br><span style=""background:maroon;color:#fff;padding:2px 7px;border-radius:4px;font-weight:bold;font-size:0.85em"">Crise</span><br>du 25 sept. 2026 au 31 oct. 2026<br><small>Zone : GROSNE</small>",3 oct. 2026
6180279,ARCONCE ET SORNIN,71,Saône-et-Loire,SUP,crise,Crise,4,2026-09-25,2026-10-31,71-2026-09-24-00001,"<b>Eaux de surface</b><br><span style=""background:maroon;color:#fff;padding:2px 7px;border-radius:4px;font-weight:bold;font-size:0.85em"">Crise</span><br>du 25 sept. 2026 au 31 oct. 2026<br><small>Zone : ARCONCE ET SORNIN</small>",3 oct. 2026
6180280,BOURBINCE,71,Saône-et-Loire,SUP,crise,Crise,4,2026-09-25,2026-10-31,71-2026-09-24-00001,"<b>Eaux de surface</b><br><span style=""background:maroon;color:#fff;padding:2px 7px;border-radius:4px;font-weight:bold;font-size:0.85em"">Crise</span><br>du 25 sept. 2026 au 31 oct. 2026<br><small>Zone : BOURBINCE</small>",3 oct. 2026
6180281,VALLÉE DE LA LOIRE,71,Saône-et-Loire,SUP,crise,Crise,4,2026-09-25,2026-10-31,71-2026-09-24-00001,"<b>Eaux de surface</b><br><span style=""background:maroon;color:#fff;padding:2px 7px;border-radius:4px;font-weight:bold;font-size:0.85em"">Crise</span><br>du 25 sept. 2026 au 31 oct. 2026<br><small>Zone : VALLÉE DE LA LOIRE</small>",3 oct. 2026
6180251,ZONE 3,69,Rhône,SUP,crise,Crise,4,2026-08-24,2026-10-31,DDT_SENR_2026_B121,"<b>Eaux de surface</b><br><span style=""background:maroon;color:#fff;padding:2px 7px;border-radius:4px;font-weight:bold;font-size:0.85em"">Crise</span><br>du 24 août 2026 au 31 oct. 2026<br><small>Zone : ZONE 3</small>",3 oct. 2026
6180286,ARROUX MORVAN,71,Saône-et-Loire,SUP,crise,Crise,4,2026-09-25,2026-10-31,71-2026-09-24-00001,"<b>Eaux de surface</b><br><span style=""background:maroon;color:#fff;padding:2px 7px;border-radius:4px;font-weight:bold;font-size:0.85em"">Crise</span><br>du 25 sept. 2026 au 31 oct. 2026<br><small>Zone : ARROUX MORVAN</small>",3 oct. 2026
6180287,SAÔNE AVAL,71,Saône-et-Loire,SUP,crise,Crise,4,2026-09-25,2026-10-31,71-2026-09-24-00001,"<b>Eaux de surface</b><br><span style=""background:maroon;color:#fff;padding:2px 7px;border-radius:4px;font-weight:bold;font-size:0.85em"">Crise</span><br>du 25 sept. 2026 au 31 oct. 2026<br><small>Zone : SAÔNE AVAL</small>",3 oct. 2026
6177144,Affluents Loire amont,41,Loir-et-Cher,SUP,crise,Crise,4,2026-09-25,,41-2026-09-24-00004,"<b>Eaux de surface</b><br><span style=""background:maroon;color:#fff;padding:2px 7px;border-radius:4px;font-weight:bold;font-size:0.85em"">Crise</span><br>depuis le 25 sept. 2026<br><small>Zone : Affluents Loire amont</small>",3 oct. 2026
6180245,ZONE 4,69,Rhône,SUP,crise,Crise,4,2026-08-24,2026-10-31,DDT_SENR_2026_B121,"<b>Eaux de surface</b><br><span style=""background:maroon;color:#fff;padding:2px 7px;border-radius:4px;font-weight:bold;font-size:0.85em"">Crise</span><br>du 24 août 2026 au 31 oct. 2026<br><small>Zone : ZONE 4</small>",3 oct. 2026
6180247,ZONE 6,69,Rhône,SUP,crise,Crise,4,2026-08-24,2026-10-31,DDT_SENR_2026_B121,"<b>Eaux de surface</b><br><span style=""background:maroon;color:#fff;padding:2px 7px;border-radius:4px;font-weight:bold;font-size:0.85em"">Crise</span><br>du 24 août 2026 au 31 oct. 2026<br><small>Zone : ZONE 6</small>",3 oct. 2026
6180248,ZONE 5,69,Rhône,SUP,crise,Crise,4,2026-08-24,2026-10-31,DDT_SENR_2026_B121,"<b>Eaux de surface</b><br><span style=""background:maroon;color:#fff;padding:2px 7px;border-radius:4px;font-weight:bold;font-size:0.85em"">Crise</span><br>du 24 août 2026 au 31 oct. 2026<br><small>Zone : ZONE 5</small>",3 oct. 2026
6180250,ZONE 2 - axe Saône,69,Rhône,SUP,crise,Crise,4,2026-08-24,2026-10-31,DDT_SENR_2026_B121,"<b>Eaux de surface</b><br><span style=""background:maroon;color:#fff;padding:2px 7px;border-radius:4px;font-weight:bold;font-size:0.85em"">Crise</span><br>du 24 août 2026 au 31 oct. 2026<br><small>Zone : ZONE 2 - axe Saône</small>",3 oct. 2026
6180262,sup_Nappes et rivières des basses vallées du Doubs et de l'Ognon,70,Haute-Saône,SUP,crise,Crise,4,2026-07-22,,70-2026-07-22-00004_Vallée Doubs Ognon Loue,"<b>Eaux de surface</b><br><span style=""background:maroon;color:#fff;padding:2px 7px;border-radius:4px;font-weight:bold;font-size:0.85em"">Crise</span><br>depuis le 22 juil. 2026<br><small>Zone : sup_Nappes et rivières des basses vallées du Doubs et de l'Ognon</small>",3 oct. 2026
6180264,sup_Bassin versant de l'Allan_dpt 70,70,Haute-Saône,SUP,crise,Crise,4,2026-07-22,,70-2026-07-22-00003_SousBassin_de_l'Allan,"<b>Eaux de surface</b><br><span style=""background:maroon;color:#fff;padding:2px 7px;border-radius:4px;font-weight:bold;font-size:0.85em"">Crise</span><br>depuis le 22 juil. 2026<br><small>Zone : sup_Bassin versant de l'Allan_dpt 70</small>",3 oct. 2026
6180266,sup_Rivières du plateau haut de saônois,70,Haute-Saône,SUP,crise,Crise,4,2026-08-06,,70-2026-08-06-00003_Plateau_Calcaire_(RM22),"<b>Eaux de surface</b><br><span style=""background:maroon;color:#fff;padding:2px 7px;border-radius:4px;font-weight:bold;font-size:0.85em"">Crise</span><br>depuis le 6 août 2026<br><small>Zone : sup_Rivières du plateau haut de saônois</small>",3 oct. 2026
6180267,sup_Rivières vosgiennes et de la dépression vosgienne,70,Haute-Saône,SUP,crise,Crise,4,2026-07-08,,70-2026-07-08-00019_Vosges_Haut-Saônoises,"<b>Eaux de surface</b><br><span style=""background:maroon;color:#fff;padding:2px 7px;border-radius:4px;font-weight:bold;font-size:0.85em"">Crise</span><br>depuis le 8 juil. 2026<br><small>Zone : sup_Rivières vosgiennes et de la dépression vosgienne</small>",3 oct. 2026
6180270,sup_Saône Amont 70,70,Haute-Saône,SUP,crise,Crise,4,2026-07-22,,70-2026-07-22-00005_SaoneAmont,"<b>Eaux de surface</b><br><span style=""background:maroon;color:#fff;padding:2px 7px;border-radius:4px;font-weight:bold;font-size:0.85em"">Crise</span><br>depuis le 22 juil. 2026<br><small>Zone : sup_Saône Amont 70</small>",3 oct. 2026
6175697,ZA Laurina – Jalle de Ludon,33,Gironde,SUP,crise,Crise,4,2026-09-30,2026-10-31,SEN/2026/09/28-734,"<b>Eaux de surface</b><br><span style=""background:maroon;color:#fff;padding:2px 7px;border-radius:4px;font-weight:bold;font-size:0.85em"">Crise</span><br>du 30 sept. 2026 au 31 oct. 2026<br><small>Zone : ZA Laurina – Jalle de Ludon</small>",3 oct. 2026
6175521,BAS LEON,29,Finistère,SUP,crise,Crise,4,2026-08-07,2026-11-15,29-2026-07-02-00005,"<b>Eaux de surface</b><br><span style=""background:maroon;color:#fff;padding:2px 7px;border-radius:4px;font-weight:bold;font-size:0.85em"">Crise</span><br>du 7 août 2026 au 15 nov. 2026<br><small>Zone : BAS LEON</small>",3 oct. 2026
6177644,Oust Aval,56,Morbihan,SUP,crise,Crise,4,2026-08-19,2026-11-30,20260819_AP_56_crise,"<b>Eaux de surface</b><br><span style=""background:maroon;color:#fff;padding:2px 7px;border-radius:4px;font-weight:bold;font-size:0.85em"">Crise</span><br>du 19 août 2026 au 30 nov. 2026<br><small>Zone : Oust Aval</small>",3 oct. 2026
6174905,Bassin de l'Arnon aval,18,Cher,SUP,crise,Crise,4,2026-09-17,, DDT-2026-360,"<b>Eaux de surface</b><br><span style=""background:maroon;color:#fff;padding:2px 7px;border-radius:4px;font-weight:bold;font-size:0.85em"">Crise</span><br>depuis le 17 sept. 2026<br><small>Zone : Bassin de l'Arnon aval</small>",3 oct. 2026
6174906,Bassin de la Vauvise,18,Cher,SUP,crise,Crise,4,2026-09-17,, DDT-2026-360,"<b>Eaux de surface</b><br><span style=""background:maroon;color:#fff;padding:2px 7px;border-radius:4px;font-weight:bold;font-size:0.85em"">Crise</span><br>depuis le 17 sept. 2026<br><small>Zone : Bassin de la Vauvise</small>",3 oct. 2026
6174909,Bassin de la Théols,18,Cher,SUP,crise,Crise,4,2026-09-17,, DDT-2026-360,"<b>Eaux de surface</b><br><span style=""background:maroon;color:#fff;padding:2px 7px;border-radius:4px;font-weight:bold;font-size:0.85em"">Crise</span><br>depuis le 17 sept. 2026<br><small>Zone : Bassin de la Théols</small>",3 oct. 2026
6177582,SAONE AMONT,52,Haute-Marne,SUP,crise,Crise,4,2026-08-11,2026-10-31,52-2026-08-00045,"<b>Eaux de surface</b><br><span style=""background:maroon;color:#fff;padding:2px 7px;border-radius:4px;font-weight:bold;font-size:0.85em"">Crise</span><br>du 11 août 2026 au 31 oct. 2026<br><small>Zone : SAONE AMONT</small>",3 oct. 2026
6177583,MEUSE AMONT,52,Haute-Marne,SUP,crise,Crise,4,2026-08-11,2026-10-31,52-2026-08-00045,"<b>Eaux de surface</b><br><span style=""background:maroon;color:#fff;padding:2px 7px;border-radius:4px;font-weight:bold;font-size:0.85em"">Crise</span><br>du 11 août 2026 au 31 oct. 2026<br><small>Zone : MEUSE AMONT</small>",3 oct. 2026
6175464,VESGRE,28,Eure-et-Loir,SUP,crise,Crise,4,2026-09-21,,AP_SGREB_2026_255_restrictions_usages_eau,"<b>Eaux de surface</b><br><span style=""background:maroon;color:#fff;padding:2px 7px;border-radius:4px;font-weight:bold;font-size:0.85em"">Crise</span><br>depuis le 21 sept. 2026<br><small>Zone : VESGRE</small>",3 oct. 2026
6177587,TILLE VINGEANNE,52,Haute-Marne,SUP,crise,Crise,4,2026-08-11,2026-10-31,52-2026-08-00045,"<b>Eaux de surface</b><br><span style=""background:maroon;color:#fff;padding:2px 7px;border-radius:4px;font-weight:bold;font-size:0.85em"">Crise</span><br>du 11 août 2026 au 31 oct. 2026<br><small>Zone : TILLE VINGEANNE</small>",3 oct. 2026
6177643,Yvel,56,Morbihan,SUP,crise,Crise,4,2026-08-19,2026-11-30,20260819_AP_56_crise,"<b>Eaux de surface</b><br><span style=""background:maroon;color:#fff;padding:2px 7px;border-radius:4px;font-weight:bold;font-size:0.85em"">Crise</span><br>du 19 août 2026 au 30 nov. 2026<br><small>Zone : Yvel</small>",3 oct. 2026
6181636,Zone de gestion de la Vrille,89,Yonne,SUP,crise,Crise,4,2026-09-04,2026-12-31,DDT/SEE/2026/0072,"<b>Eaux de surface</b><br><span style=""background:maroon;color:#fff;padding:2px 7px;border-radius:4px;font-weight:bold;font-size:0.85em"">Crise</span><br>du 4 sept. 2026 au 31 déc. 2026<br><small>Zone : Zone de gestion de la Vrille</small>",3 oct. 2026
6180310,Vive Parence,72,Sarthe,SUP,crise,Crise,4,2026-09-24,,AP n°13 du 22 09 2026,"<b>Eaux de surface</b><br><span style=""background:maroon;color:#fff;padding:2px 7px;border-radius:4px;font-weight:bold;font-size:0.85em"">Crise</span><br>depuis le 24 sept. 2026<br><small>Zone : Vive Parence</small>",3 oct. 2026
6180311,Vaige-Taude-Erve,72,Sarthe,SUP,crise,Crise,4,2026-09-24,,AP n°13 du 22 09 2026,"<b>Eaux de surface</b><br><span style=""background:maroon;color:#fff;padding:2px 7px;border-radius:4px;font-weight:bold;font-size:0.85em"">Crise</span><br>depuis le 24 sept. 2026<br><small>Zone : Vaige-Taude-Erve</small>",3 oct. 2026
6180312,Bienne,72,Sarthe,SUP,crise,Crise,4,2026-09-24,,AP n°13 du 22 09 2026,"<b>Eaux de surface</b><br><span style=""background:maroon;color:#fff;padding:2px 7px;border-radius:4px;font-weight:bold;font-size:0.85em"">Crise</span><br>depuis le 24 sept. 2026<br><small>Zone : Bienne</small>",3 oct. 2026
6180315,Argance,72,Sarthe,SUP,crise,Crise,4,2026-09-24,,AP n°13 du 22 09 2026,"<b>Eaux de surface</b><br><span style=""background:maroon;color:#fff;padding:2px 7px;border-radius:4px;font-weight:bold;font-size:0.85em"">Crise</span><br>depuis le 24 sept. 2026<br><small>Zone : Argance</small>",3 oct. 2026
6180318,Aune,72,Sarthe,SUP,crise,Crise,4,2026-09-24,,AP n°13 du 22 09 2026,"<b>Eaux de surface</b><br><span style=""background:maroon;color:#fff;padding:2px 7px;border-radius:4px;font-weight:bold;font-size:0.85em"">Crise</span><br>depuis le 24 sept. 2026<br><small>Zone : Aune</small>",3 oct. 2026
6180321,Affluents de la Sarthe Médiane,72,Sarthe,SUP,crise,Crise,4,2026-09-24,,AP n°13 du 22 09 2026,"<b>Eaux de surface</b><br><span style=""background:maroon;color:#fff;padding:2px 7px;border-radius:4px;font-weight:bold;font-size:0.85em"">Crise</span><br>depuis le 24 sept. 2026<br><small>Zone : Affluents de la Sarthe Médiane</small>",3 oct. 2026
6175465,OZANNE,28,Eure-et-Loir,SUP,crise,Crise,4,2026-09-21,,AP_SGREB_2026_255_restrictions_usages_eau,"<b>Eaux de surface</b><br><span style=""background:maroon;color:#fff;padding:2px 7px;border-radius:4px;font-weight:bold;font-size:0.85em"">Crise</span><br>depuis le 21 sept. 2026<br><small>Zone : OZANNE</small>",3 oct. 2026
6175488,LOIR Amont,28,Eure-et-Loir,SUP,crise,Crise,4,2026-09-21,,AP_SGREB_2026_255_restrictions_usages_eau,"<b>Eaux de surface</b><br><span style=""background:maroon;color:#fff;padding:2px 7px;border-radius:4px;font-weight:bold;font-size:0.85em"">Crise</span><br>depuis le 21 sept. 2026<br><small>Zone : LOIR Amont</small>",3 oct. 2026
6177597,bassin Mayenne amont est,53,Mayenne,SUP,crise,Crise,4,2026-09-23,,AP_N°11_DDT53_22092026,"<b>Eaux de surface</b><br><span style=""background:maroon;color:#fff;padding:2px 7px;border-radius:4px;font-weight:bold;font-size:0.85em"">Crise</span><br>depuis le 23 sept. 2026<br><small>Zone : bassin Mayenne amont est</small>",3 oct. 2026
6177598,bassin Mayenne amont ouest,53,Mayenne,SUP,crise,Crise,4,2026-09-23,,AP_N°11_DDT53_22092026,"<b>Eaux de surface</b><br><span style=""background:maroon;color:#fff;padding:2px 7px;border-radius:4px;font-weight:bold;font-size:0.85em"">Crise</span><br>depuis le 23 sept. 2026<br><small>Zone : bassin Mayenne amont ouest</small>",3 oct. 2026
6177602,bassin Oudon,53,Mayenne,SUP,crise,Crise,4,2026-09-23,,AP_N°11_DDT53_22092026,"<b>Eaux de surface</b><br><span style=""background:maroon;color:#fff;padding:2px 7px;border-radius:4px;font-weight:bold;font-size:0.85em"">Crise</span><br>depuis le 23 sept. 2026<br><small>Zone : bassin Oudon</small>",3 oct. 2026
6177603,bassin Sarthe aval,53,Mayenne,SUP,crise,Crise,4,2026-09-23,,AP_N°11_DDT53_22092026,"<b>Eaux de surface</b><br><span style=""background:maroon;color:#fff;padding:2px 7px;border-radius:4px;font-weight:bold;font-size:0.85em"">Crise</span><br>depuis le 23 sept. 2026<br><small>Zone : bassin Sarthe aval</small>",3 oct. 2026
6177606,bassin Mayenne médiane et aval,53,Mayenne,SUP,crise,Crise,4,2026-09-23,,AP_N°11_DDT53_22092026,"<b>Eaux de surface</b><br><span style=""background:maroon;color:#fff;padding:2px 7px;border-radius:4px;font-weight:bold;font-size:0.85em"">Crise</span><br>depuis le 23 sept. 2026<br><small>Zone : bassin Mayenne médiane et aval</small>",3 oct. 2026
6180364,Chéran,73,Savoie,SUP,crise,Crise,4,2026-09-25,2026-10-30,2026-1220,"<b>Eaux de surface</b><br><span style=""background:maroon;color:#fff;padding:2px 7px;border-radius:4px;font-weight:bold;font-size:0.85em"">Crise</span><br>du 25 sept. 2026 au 30 oct. 2026<br><small>Zone : Chéran</small>",3 oct. 2026
6181207,Autize - eaux superficielles,79,Deux-Sèvres,SUP,crise,Crise,4,2026-08-12,2026-10-31,20260811_AP_SNMP,"<b>Eaux de surface</b><br><span style=""background:maroon;color:#fff;padding:2px 7px;border-radius:4px;font-weight:bold;font-size:0.85em"">Crise</span><br>du 12 août 2026 au 31 oct. 2026<br><small>Zone : Autize - eaux superficielles</small>",3 oct. 2026
6181208,Vendée - eaux superficielles,79,Deux-Sèvres,SUP,crise,Crise,4,2026-08-12,2026-10-31,20260811_AP_SNMP,"<b>Eaux de surface</b><br><span style=""background:maroon;color:#fff;padding:2px 7px;border-radius:4px;font-weight:bold;font-size:0.85em"">Crise</span><br>du 12 août 2026 au 31 oct. 2026<br><small>Zone : Vendée - eaux superficielles</small>",3 oct. 2026
6177616,Meuse aval et Chiers - eaux superficielles,54,Meurthe-et-Moselle,SUP,crise,Crise,4,2026-10-01,2026-10-31,20260930_AP_PREF_MAC_CRISE_SIGNE,"<b>Eaux de surface</b><br><span style=""background:maroon;color:#fff;padding:2px 7px;border-radius:4px;font-weight:bold;font-size:0.85em"">Crise</span><br>du 1 oct. 2026 au 31 oct. 2026<br><small>Zone : Meuse aval et Chiers - eaux superficielles</small>",3 oct. 2026
6177618,"Moselle aval, Orne, Nied et Seille - eaux superficielles",54,Meurthe-et-Moselle,SUP,crise,Crise,4,2026-10-01,2026-10-31,20260930_AP_PREF_MAONS_CRISE_SIGNE,"<b>Eaux de surface</b><br><span style=""background:maroon;color:#fff;padding:2px 7px;border-radius:4px;font-weight:bold;font-size:0.85em"">Crise</span><br>du 1 oct. 2026 au 31 oct. 2026<br><small>Zone : Moselle aval, Orne, Nied et Seille - eaux superficielles</small>",3 oct. 2026
6177619,Moselle amont et Meurthe - eaux superficielles,54,Meurthe-et-Moselle,SUP,crise,Crise,4,2026-10-01,2026-10-31,20260930_AP_PREF_MAM_CRISE_SIGNE,"<b>Eaux de surface</b><br><span style=""background:maroon;color:#fff;padding:2px 7px;border-radius:4px;font-weight:bold;font-size:0.85em"">Crise</span><br>du 1 oct. 2026 au 31 oct. 2026<br><small>Zone : Moselle amont et Meurthe - eaux superficielles</small>",3 oct. 2026
6180383,Dranses,74,Haute-Savoie,SUP,crise,Crise,4,2026-10-01,2026-10-31,DDT-2026-1171,"<b>Eaux de surface</b><br><span style=""background:maroon;color:#fff;padding:2px 7px;border-radius:4px;font-weight:bold;font-size:0.85em"">Crise</span><br>du 1 oct. 2026 au 31 oct. 2026<br><small>Zone : Dranses</small>",3 oct. 2026
6180386,Chéran,74,Haute-Savoie,SUP,crise,Crise,4,2026-10-01,2026-10-31,DDT-2026-1171,"<b>Eaux de surface</b><br><span style=""background:maroon;color:#fff;padding:2px 7px;border-radius:4px;font-weight:bold;font-size:0.85em"">Crise</span><br>du 1 oct. 2026 au 31 oct. 2026<br><small>Zone : Chéran</small>",3 oct. 2026
6180387,Usses,74,Haute-Savoie,SUP,crise,Crise,4,2026-10-01,2026-10-31,DDT-2026-1171,"<b>Eaux de surface</b><br><span style=""background:maroon;color:#fff;padding:2px 7px;border-radius:4px;font-weight:bold;font-size:0.85em"">Crise</span><br>du 1 oct. 2026 au 31 oct. 2026<br><small>Zone : Usses</small>",3 oct. 2026
6180398,Arve aval,74,Haute-Savoie,SUP,crise,Crise,4,2026-10-01,2026-10-31,DDT-2026-1171,"<b>Eaux de surface</b><br><span style=""background:maroon;color:#fff;padding:2px 7px;border-radius:4px;font-weight:bold;font-size:0.85em"">Crise</span><br>du 1 oct. 2026 au 31 oct. 2026<br><small>Zone : Arve aval</small>",3 oct. 2026
6174899,Bassin de l'Aubois,18,Cher,SUP,crise,Crise,4,2026-09-17,, DDT-2026-360,"<b>Eaux de surface</b><br><span style=""background:maroon;color:#fff;padding:2px 7px;border-radius:4px;font-weight:bold;font-size:0.85em"">Crise</span><br>depuis le 17 sept. 2026<br><small>Zone : Bassin de l'Aubois</small>",3 oct. 2026
6174900,Bassin de l'Arnon amont,18,Cher,SUP,crise,Crise,4,2026-09-17,, DDT-2026-360,"<b>Eaux de surface</b><br><span style=""background:maroon;color:#fff;padding:2px 7px;border-radius:4px;font-weight:bold;font-size:0.85em"">Crise</span><br>depuis le 17 sept. 2026<br><small>Zone : Bassin de l'Arnon amont</small>",3 oct. 2026
6174901,Bassin de l'Yèvre amont,18,Cher,SUP,crise,Crise,4,2026-09-17,, DDT-2026-360,"<b>Eaux de surface</b><br><span style=""background:maroon;color:#fff;padding:2px 7px;border-radius:4px;font-weight:bold;font-size:0.85em"">Crise</span><br>depuis le 17 sept. 2026<br><small>Zone : Bassin de l'Yèvre amont</small>",3 oct. 2026
6174902,Bassin de l'Yèvre aval,18,Cher,SUP,crise,Crise,4,2026-09-17,, DDT-2026-360,"<b>Eaux de surface</b><br><span style=""background:maroon;color:#fff;padding:2px 7px;border-radius:4px;font-weight:bold;font-size:0.85em"">Crise</span><br>depuis le 17 sept. 2026<br><small>Zone : Bassin de l'Yèvre aval</small>",3 oct. 2026
6177161,Bassin du Cosson,41,Loir-et-Cher,SUP,crise,Crise,4,2026-09-25,,41-2026-09-24-00004,"<b>Eaux de surface</b><br><span style=""background:maroon;color:#fff;padding:2px 7px;border-radius:4px;font-weight:bold;font-size:0.85em"">Crise</span><br>depuis le 25 sept. 2026<br><small>Zone : Bassin du Cosson</small>",3 oct. 2026
6181613,Zone de gestion Cure,89,Yonne,SUP,crise,Crise,4,2026-09-04,2026-12-31,DDT/SEE/2026/0072,"<b>Eaux de surface</b><br><span style=""background:maroon;color:#fff;padding:2px 7px;border-radius:4px;font-weight:bold;font-size:0.85em"">Crise</span><br>du 4 sept. 2026 au 31 déc. 2026<br><small>Zone : Zone de gestion Cure</small>",3 oct. 2026
6181617,Zone de gestion Serein,89,Yonne,SUP,crise,Crise,4,2026-09-04,2026-12-31,DDT/SEE/2026/0072,"<b>Eaux de surface</b><br><span style=""background:maroon;color:#fff;padding:2px 7px;border-radius:4px;font-weight:bold;font-size:0.85em"">Crise</span><br>du 4 sept. 2026 au 31 déc. 2026<br><small>Zone : Zone de gestion Serein</small>",3 oct. 2026
6181628,Zone de gestion Armançon Aval,89,Yonne,SUP,crise,Crise,4,2026-09-04,2026-12-31,DDT/SEE/2026/0072,"<b>Eaux de surface</b><br><span style=""background:maroon;color:#fff;padding:2px 7px;border-radius:4px;font-weight:bold;font-size:0.85em"">Crise</span><br>du 4 sept. 2026 au 31 déc. 2026<br><small>Zone : Zone de gestion Armançon Aval</small>",3 oct. 2026
6181623,Zone de gestion Cousin,89,Yonne,SUP,crise,Crise,4,2026-09-04,2026-12-31,DDT/SEE/2026/0072,"<b>Eaux de surface</b><br><span style=""background:maroon;color:#fff;padding:2px 7px;border-radius:4px;font-weight:bold;font-size:0.85em"">Crise</span><br>du 4 sept. 2026 au 31 déc. 2026<br><small>Zone : Zone de gestion Cousin</small>",3 oct. 2026
6181231,Sèvre Nantaise - eaux superficielles,79,Deux-Sèvres,SUP,crise,Crise,4,2026-09-12,2026-10-31,20260911_AP_Sèvre Nantaise,"<b>Eaux de surface</b><br><span style=""background:maroon;color:#fff;padding:2px 7px;border-radius:4px;font-weight:bold;font-size:0.85em"">Crise</span><br>du 12 sept. 2026 au 31 oct. 2026<br><small>Zone : Sèvre Nantaise - eaux superficielles</small>",3 oct. 2026
6181191,Charente Péruse - eaux superficielles,79,Deux-Sèvres,SUP,crise,Crise,4,2026-09-19,2026-10-31,20260919_AP_Charente-Boutonne,"<b>Eaux de surface</b><br><span style=""background:maroon;color:#fff;padding:2px 7px;border-radius:4px;font-weight:bold;font-size:0.85em"">Crise</span><br>du 19 sept. 2026 au 31 oct. 2026<br><small>Zone : Charente Péruse - eaux superficielles</small>",3 oct. 2026
6181193,Aume Couture - eaux superficielles,79,Deux-Sèvres,SUP,crise,Crise,4,2026-09-19,2026-10-31,20260919_AP_Charente-Boutonne,"<b>Eaux de surface</b><br><span style=""background:maroon;color:#fff;padding:2px 7px;border-radius:4px;font-weight:bold;font-size:0.85em"">Crise</span><br>du 19 sept. 2026 au 31 oct. 2026<br><small>Zone : Aume Couture - eaux superficielles</small>",3 oct. 2026
6181194,Boutonne - eaux superficielles,79,Deux-Sèvres,SUP,crise,Crise,4,2026-09-19,2026-10-31,20260919_AP_Charente-Boutonne,"<b>Eaux de surface</b><br><span style=""background:maroon;color:#fff;padding:2px 7px;border-radius:4px;font-weight:bold;font-size:0.85em"">Crise</span><br>du 19 sept. 2026 au 31 oct. 2026<br><small>Zone : Boutonne - eaux superficielles</small>",3 oct. 2026
6175691,ZA Côtiers Est bassin d’Arcachon,33,Gironde,SUP,crise,Crise,4,2026-09-30,2026-10-31,SEN/2026/09/28-734,"<b>Eaux de surface</b><br><span style=""background:maroon;color:#fff;padding:2px 7px;border-radius:4px;font-weight:bold;font-size:0.85em"">Crise</span><br>du 30 sept. 2026 au 31 oct. 2026<br><small>Zone : ZA Côtiers Est bassin d’Arcachon</small>",3 oct. 2026
6175692,ZA Saye – Meudon – Lary,33,Gironde,SUP,crise,Crise,4,2026-09-30,2026-10-31,SEN/2026/09/28-734,"<b>Eaux de surface</b><br><span style=""background:maroon;color:#fff;padding:2px 7px;border-radius:4px;font-weight:bold;font-size:0.85em"">Crise</span><br>du 30 sept. 2026 au 31 oct. 2026<br><small>Zone : ZA Saye – Meudon – Lary</small>",3 oct. 2026
6175694,ZA Lidoire,33,Gironde,SUP,crise,Crise,4,2026-09-30,2026-10-31,SEN/2026/09/28-734,"<b>Eaux de surface</b><br><span style=""background:maroon;color:#fff;padding:2px 7px;border-radius:4px;font-weight:bold;font-size:0.85em"">Crise</span><br>du 30 sept. 2026 au 31 oct. 2026<br><small>Zone : ZA Lidoire</small>",3 oct. 2026
6181202,Vonne - eaux superficielles,79,Deux-Sèvres,SUP,crise,Crise,4,2026-07-24,2026-10-31,20260723_AP_Clain,"<b>Eaux de surface</b><br><span style=""background:maroon;color:#fff;padding:2px 7px;border-radius:4px;font-weight:bold;font-size:0.85em"">Crise</span><br>du 24 juil. 2026 au 31 oct. 2026<br><small>Zone : Vonne - eaux superficielles</small>",3 oct. 2026
6175698,ZA DDT47,33,Gironde,SUP,crise,Crise,4,2026-09-30,2026-10-31,SEN/2026/09/28-734,"<b>Eaux de surface</b><br><span style=""background:maroon;color:#fff;padding:2px 7px;border-radius:4px;font-weight:bold;font-size:0.85em"">Crise</span><br>du 30 sept. 2026 au 31 oct. 2026<br><small>Zone : ZA DDT47</small>",3 oct. 2026
6174910,"Bassin de l'Auron, de l'Airain et des Rampennes",18,Cher,SUP,crise,Crise,4,2026-09-17,, DDT-2026-360,"<b>Eaux de surface</b><br><span style=""background:maroon;color:#fff;padding:2px 7px;border-radius:4px;font-weight:bold;font-size:0.85em"">Crise</span><br>depuis le 17 sept. 2026<br><small>Zone : Bassin de l'Auron, de l'Airain et des Rampennes</small>",3 oct. 2026
6174912,Bassin de la Loire et de ses affluents,18,Cher,SUP,crise,Crise,4,2026-09-17,, DDT-2026-360,"<b>Eaux de surface</b><br><span style=""background:maroon;color:#fff;padding:2px 7px;border-radius:4px;font-weight:bold;font-size:0.85em"">Crise</span><br>depuis le 17 sept. 2026<br><small>Zone : Bassin de la Loire et de ses affluents</small>",3 oct. 2026
6174913,"Bassin du Colin, de l'Ouatier et du Langis",18,Cher,SUP,crise,Crise,4,2026-09-17,, DDT-2026-360,"<b>Eaux de surface</b><br><span style=""background:maroon;color:#fff;padding:2px 7px;border-radius:4px;font-weight:bold;font-size:0.85em"">Crise</span><br>depuis le 17 sept. 2026<br><small>Zone : Bassin du Colin, de l'Ouatier et du Langis</small>",3 oct. 2026
6174915,Bassin du Cher,18,Cher,SUP,crise,Crise,4,2026-09-17,, DDT-2026-360,"<b>Eaux de surface</b><br><span style=""background:maroon;color:#fff;padding:2px 7px;border-radius:4px;font-weight:bold;font-size:0.85em"">Crise</span><br>depuis le 17 sept. 2026<br><small>Zone : Bassin du Cher</small>",3 oct. 2026
6175702,ZA Fongaband - Langrane,33,Gironde,SUP,crise,Crise,4,2026-09-30,2026-10-31,SEN/2026/09/28-734,"<b>Eaux de surface</b><br><span style=""background:maroon;color:#fff;padding:2px 7px;border-radius:4px;font-weight:bold;font-size:0.85em"">Crise</span><br>du 30 sept. 2026 au 31 oct. 2026<br><small>Zone : ZA Fongaband - Langrane</small>",3 oct. 2026
6175704,ZA Virvée-Moron,33,Gironde,SUP,crise,Crise,4,2026-09-30,2026-10-31,SEN/2026/09/28-734,"<b>Eaux de surface</b><br><span style=""background:maroon;color:#fff;padding:2px 7px;border-radius:4px;font-weight:bold;font-size:0.85em"">Crise</span><br>du 30 sept. 2026 au 31 oct. 2026<br><small>Zone : ZA Virvée-Moron</small>",3 oct. 2026
6175709,ZA Barbanne - Lavié - Palais,33,Gironde,SUP,crise,Crise,4,2026-09-30,2026-10-31,SEN/2026/09/28-734,"<b>Eaux de surface</b><br><span style=""background:maroon;color:#fff;padding:2px 7px;border-radius:4px;font-weight:bold;font-size:0.85em"">Crise</span><br>du 30 sept. 2026 au 31 oct. 2026<br><small>Zone : ZA Barbanne - Lavié - Palais</small>",3 oct. 2026
6181211,Marais Mouillé Sèvre Niortaise - eaux superficielles,79,Deux-Sèvres,SUP,crise,Crise,4,2026-08-12,2026-10-31,20260811_AP_SNMP,"<b>Eaux de surface</b><br><span style=""background:maroon;color:#fff;padding:2px 7px;border-radius:4px;font-weight:bold;font-size:0.85em"">Crise</span><br>du 12 août 2026 au 31 oct. 2026<br><small>Zone : Marais Mouillé Sèvre Niortaise - eaux superficielles</small>",3 oct. 2026
6181219,Layon - eaux superficielles,79,Deux-Sèvres,SUP,crise,Crise,4,2026-07-23,2026-10-31,20260722_AP_LAYON,"<b>Eaux de surface</b><br><span style=""background:maroon;color:#fff;padding:2px 7px;border-radius:4px;font-weight:bold;font-size:0.85em"">Crise</span><br>du 23 juil. 2026 au 31 oct. 2026<br><small>Zone : Layon - eaux superficielles</small>",3 oct. 2026
6173754,Oise,08,Ardennes,SUP,crise,Crise,4,2026-08-25,2026-10-31,Arrêté N°2026/619 OISE - CRISE,"<b>Eaux de surface</b><br><span style=""background:maroon;color:#fff;padding:2px 7px;border-radius:4px;font-weight:bold;font-size:0.85em"">Crise</span><br>du 25 août 2026 au 31 oct. 2026<br><small>Zone : Oise</small>",3 oct. 2026
6174559,Zone d'alerte n°7_Le Volp,09,Ariège,SUP,crise,Crise,4,2026-09-21,2026-10-04,20260918,"<b>Eaux de surface</b><br><span style=""background:maroon;color:#fff;padding:2px 7px;border-radius:4px;font-weight:bold;font-size:0.85em"">Crise</span><br>du 21 sept. 2026 au 4 oct. 2026<br><small>Zone : Zone d'alerte n°7_Le Volp</small>",3 oct. 2026
6174560,Zone d'alerte n°8_L'aude (Donezan),09,Ariège,SUP,crise,Crise,4,2026-09-21,2026-10-04,20260918,"<b>Eaux de surface</b><br><span style=""background:maroon;color:#fff;padding:2px 7px;border-radius:4px;font-weight:bold;font-size:0.85em"">Crise</span><br>du 21 sept. 2026 au 4 oct. 2026<br><small>Zone : Zone d'alerte n°8_L'aude (Donezan)</small>",3 oct. 2026
6175520,ELORN,29,Finistère,SUP,crise,Crise,4,2026-08-07,2026-11-15,29-2026-07-02-00005,"<b>Eaux de surface</b><br><span style=""background:maroon;color:#fff;padding:2px 7px;border-radius:4px;font-weight:bold;font-size:0.85em"">Crise</span><br>du 7 août 2026 au 15 nov. 2026<br><small>Zone : ELORN</small>",3 oct. 2026
6173753,Aisne et Aire,08,Ardennes,SUP,crise,Crise,4,2026-08-25,2026-10-31,Arrêté n°2026/621 AISNE ET AIRE - CRISE,"<b>Eaux de surface</b><br><span style=""background:maroon;color:#fff;padding:2px 7px;border-radius:4px;font-weight:bold;font-size:0.85em"">Crise</span><br>du 25 août 2026 au 31 oct. 2026<br><small>Zone : Aisne et Aire</small>",3 oct. 2026
6175723,Bassin versant de l'Orb de la Source à l’amont de la confluence avec le Jaur hors axe Orb soutenu,34,Hérault,SUP,crise,Crise,4,2026-09-24,2026-10-31,DDTM34-2026-09-17516,"<b>Eaux de surface</b><br><span style=""background:maroon;color:#fff;padding:2px 7px;border-radius:4px;font-weight:bold;font-size:0.85em"">Crise</span><br>du 24 sept. 2026 au 31 oct. 2026<br><small>Zone : Bassin versant de l'Orb de la Source à l’amont de la confluence avec le Jaur hors axe Orb soutenu</small>",3 oct. 2026
6175737,Bassin versant du Jaur,34,Hérault,SUP,crise,Crise,4,2026-09-24,2026-10-31,DDTM34-2026-09-17516,"<b>Eaux de surface</b><br><span style=""background:maroon;color:#fff;padding:2px 7px;border-radius:4px;font-weight:bold;font-size:0.85em"">Crise</span><br>du 24 sept. 2026 au 31 oct. 2026<br><small>Zone : Bassin versant du Jaur</small>",3 oct. 2026
6175715,Bassin versant du Thoré amont,34,Hérault,SUP,crise,Crise,4,2026-09-24,2026-10-31,DDTM34-2026-09-17516,"<b>Eaux de surface</b><br><span style=""background:maroon;color:#fff;padding:2px 7px;border-radius:4px;font-weight:bold;font-size:0.85em"">Crise</span><br>du 24 sept. 2026 au 31 oct. 2026<br><small>Zone : Bassin versant du Thoré amont</small>",3 oct. 2026
6175717,Bassin versant du Vidourle,34,Hérault,SUP,crise,Crise,4,2026-09-24,2026-10-31,DDTM34-2026-09-17516,"<b>Eaux de surface</b><br><span style=""background:maroon;color:#fff;padding:2px 7px;border-radius:4px;font-weight:bold;font-size:0.85em"">Crise</span><br>du 24 sept. 2026 au 31 oct. 2026<br><small>Zone : Bassin versant du Vidourle</small>",3 oct. 2026
6175745,Bassin versant de l’Argent double et de l’Ognon,34,Hérault,SUP,crise,Crise,4,2026-09-24,2026-10-31,DDTM34-2026-09-17516,"<b>Eaux de surface</b><br><span style=""background:maroon;color:#fff;padding:2px 7px;border-radius:4px;font-weight:bold;font-size:0.85em"">Crise</span><br>du 24 sept. 2026 au 31 oct. 2026<br><small>Zone : Bassin versant de l’Argent double et de l’Ognon</small>",3 oct. 2026
6175750,Affluents de l'Orb de la confluence avec le Jaur jusqu'à l'embouchure,34,Hérault,SUP,crise,Crise,4,2026-09-24,2026-10-31,DDTM34-2026-09-17516,"<b>Eaux de surface</b><br><span style=""background:maroon;color:#fff;padding:2px 7px;border-radius:4px;font-weight:bold;font-size:0.85em"">Crise</span><br>du 24 sept. 2026 au 31 oct. 2026<br><small>Zone : Affluents de l'Orb de la confluence avec le Jaur jusqu'à l'embouchure</small>",3 oct. 2026
6173651,Zone dépendant des bassins Cagne et Esteron,06,Alpes-Maritimes,SUP,crise,Crise,4,2026-09-30,2026-10-31,AP 2026-134,"<b>Eaux de surface</b><br><span style=""background:maroon;color:#fff;padding:2px 7px;border-radius:4px;font-weight:bold;font-size:0.85em"">Crise</span><br>du 30 sept. 2026 au 31 oct. 2026<br><small>Zone : Zone dépendant des bassins Cagne et Esteron</small>",3 oct. 2026
6177135,Bassin du Fouzon,41,Loir-et-Cher,SUP,crise,Crise,4,2026-09-25,,41-2026-09-24-00004,"<b>Eaux de surface</b><br><span style=""background:maroon;color:#fff;padding:2px 7px;border-radius:4px;font-weight:bold;font-size:0.85em"">Crise</span><br>depuis le 25 sept. 2026<br><small>Zone : Bassin du Fouzon</small>",3 oct. 2026
6174772,Secteur Bessin - ESU,14,Calvados,SUP,crise,Crise,4,2026-09-11,2026-10-31,2026_06,"<b>Eaux de surface</b><br><span style=""background:maroon;color:#fff;padding:2px 7px;border-radius:4px;font-weight:bold;font-size:0.85em"">Crise</span><br>du 11 sept. 2026 au 31 oct. 2026<br><small>Zone : Secteur Bessin - ESU</small>",3 oct. 2026
6177136,AXE_LOIRE41,41,Loir-et-Cher,SUP,crise,Crise,4,2026-09-25,,41-2026-09-24-00004,"<b>Eaux de surface</b><br><span style=""background:maroon;color:#fff;padding:2px 7px;border-radius:4px;font-weight:bold;font-size:0.85em"">Crise</span><br>depuis le 25 sept. 2026<br><small>Zone : AXE_LOIRE41</small>",3 oct. 2026
6177147,Bassin du Cher,41,Loir-et-Cher,SUP,crise,Crise,4,2026-09-25,,41-2026-09-24-00004,"<b>Eaux de surface</b><br><span style=""background:maroon;color:#fff;padding:2px 7px;border-radius:4px;font-weight:bold;font-size:0.85em"">Crise</span><br>depuis le 25 sept. 2026<br><small>Zone : Bassin du Cher</small>",3 oct. 2026
6173667,Zone dépendant des bassins Loup et Esteron,06,Alpes-Maritimes,SUP,crise,Crise,4,2026-09-30,2026-10-31,AP 2026-134,"<b>Eaux de surface</b><br><span style=""background:maroon;color:#fff;padding:2px 7px;border-radius:4px;font-weight:bold;font-size:0.85em"">Crise</span><br>du 30 sept. 2026 au 31 oct. 2026<br><small>Zone : Zone dépendant des bassins Loup et Esteron</small>",3 oct. 2026
6173668,Zone dépendant des bassins Cagne et Loup,06,Alpes-Maritimes,SUP,crise,Crise,4,2026-09-30,2026-10-31,AP 2026-134,"<b>Eaux de surface</b><br><span style=""background:maroon;color:#fff;padding:2px 7px;border-radius:4px;font-weight:bold;font-size:0.85em"">Crise</span><br>du 30 sept. 2026 au 31 oct. 2026<br><small>Zone : Zone dépendant des bassins Cagne et Loup</small>",3 oct. 2026
6174600,18. Bassin versant du Thoré,11,Aude,SUP,crise,Crise,4,2026-09-30,2026-10-31,DDTM-SAFEB-2026-19,"<b>Eaux de surface</b><br><span style=""background:maroon;color:#fff;padding:2px 7px;border-radius:4px;font-weight:bold;font-size:0.85em"">Crise</span><br>du 30 sept. 2026 au 31 oct. 2026<br><small>Zone : 18. Bassin versant du Thoré</small>",3 oct. 2026
6174601,19. Bassin versant du Sor,11,Aude,SUP,crise,Crise,4,2026-09-30,2026-10-31,DDTM-SAFEB-2026-19,"<b>Eaux de surface</b><br><span style=""background:maroon;color:#fff;padding:2px 7px;border-radius:4px;font-weight:bold;font-size:0.85em"">Crise</span><br>du 30 sept. 2026 au 31 oct. 2026<br><small>Zone : 19. Bassin versant du Sor</small>",3 oct. 2026
6174602,17. Bassin versant de l'Hers Mort,11,Aude,SUP,crise,Crise,4,2026-09-30,2026-10-31,DDTM-SAFEB-2026-19,"<b>Eaux de surface</b><br><span style=""background:maroon;color:#fff;padding:2px 7px;border-radius:4px;font-weight:bold;font-size:0.85em"">Crise</span><br>du 30 sept. 2026 au 31 oct. 2026<br><small>Zone : 17. Bassin versant de l'Hers Mort</small>",3 oct. 2026
6177184,Forez Lignon - Vizezy,42,Loire,SUP,crise,Crise,4,2026-09-14,2026-10-31,DT-42-26-0606,"<b>Eaux de surface</b><br><span style=""background:maroon;color:#fff;padding:2px 7px;border-radius:4px;font-weight:bold;font-size:0.85em"">Crise</span><br>du 14 sept. 2026 au 31 oct. 2026<br><small>Zone : Forez Lignon - Vizezy</small>",3 oct. 2026
6175044,Zone sud,22,Côtes-d'Armor,SUP,crise,Crise,4,2026-08-14,,20260814_AP-CRISE-DEP,"<b>Eaux de surface</b><br><span style=""background:maroon;color:#fff;padding:2px 7px;border-radius:4px;font-weight:bold;font-size:0.85em"">Crise</span><br>depuis le 14 août 2026<br><small>Zone : Zone sud</small>",3 oct. 2026
6175045,Zone sud-ouest,22,Côtes-d'Armor,SUP,crise,Crise,4,2026-08-14,,20260814_AP-CRISE-DEP,"<b>Eaux de surface</b><br><span style=""background:maroon;color:#fff;padding:2px 7px;border-radius:4px;font-weight:bold;font-size:0.85em"">Crise</span><br>depuis le 14 août 2026<br><small>Zone : Zone sud-ouest</small>",3 oct. 2026
6175046,Zone est,22,Côtes-d'Armor,SUP,crise,Crise,4,2026-08-14,,20260814_AP-CRISE-DEP,"<b>Eaux de surface</b><br><span style=""background:maroon;color:#fff;padding:2px 7px;border-radius:4px;font-weight:bold;font-size:0.85em"">Crise</span><br>depuis le 14 août 2026<br><small>Zone : Zone est</small>",3 oct. 2026
6175047,Zone centre,22,Côtes-d'Armor,SUP,crise,Crise,4,2026-08-14,,20260814_AP-CRISE-DEP,"<b>Eaux de surface</b><br><span style=""background:maroon;color:#fff;padding:2px 7px;border-radius:4px;font-weight:bold;font-size:0.85em"">Crise</span><br>depuis le 14 août 2026<br><small>Zone : Zone centre</small>",3 oct. 2026
6175048,Zone ouest,22,Côtes-d'Armor,SUP,crise,Crise,4,2026-08-14,,20260814_AP-CRISE-DEP,"<b>Eaux de surface</b><br><span style=""background:maroon;color:#fff;padding:2px 7px;border-radius:4px;font-weight:bold;font-size:0.85em"">Crise</span><br>depuis le 14 août 2026<br><small>Zone : Zone ouest</small>",3 oct. 2026
6175779,Secteur milieux aquatiques 4 - Bassin de la Vilaine en amont de Rennes_ZA_ESO,35,Ille-et-Vilaine,SUP,crise,Crise,4,2026-08-15,,35-2026-08-14-00002,"<b>Eaux de surface</b><br><span style=""background:maroon;color:#fff;padding:2px 7px;border-radius:4px;font-weight:bold;font-size:0.85em"">Crise</span><br>depuis le 15 août 2026<br><small>Zone : Secteur milieux aquatiques 4 - Bassin de la Vilaine en amont de Rennes_ZA_ESO</small>",3 oct. 2026
6175784,Secteur milieux aquatiques 5 - Bassin de la rive gauche de la Vilaine_ZA_ESO,35,Ille-et-Vilaine,SUP,crise,Crise,4,2026-08-15,,35-2026-08-14-00002,"<b>Eaux de surface</b><br><span style=""background:maroon;color:#fff;padding:2px 7px;border-radius:4px;font-weight:bold;font-size:0.85em"">Crise</span><br>depuis le 15 août 2026<br><small>Zone : Secteur milieux aquatiques 5 - Bassin de la rive gauche de la Vilaine_ZA_ESO</small>",3 oct. 2026
6175002,Saône moyenne,21,Côte-d'Or,SUP,crise,Crise,4,2026-09-30,2026-11-15,1583,"<b>Eaux de surface</b><br><span style=""background:maroon;color:#fff;padding:2px 7px;border-radius:4px;font-weight:bold;font-size:0.85em"">Crise</span><br>du 30 sept. 2026 au 15 nov. 2026<br><small>Zone : Saône moyenne</small>",3 oct. 2026
6175006,Ouche aval,21,Côte-d'Or,SUP,crise,Crise,4,2026-09-30,2026-11-15,1583,"<b>Eaux de surface</b><br><span style=""background:maroon;color:#fff;padding:2px 7px;border-radius:4px;font-weight:bold;font-size:0.85em"">Crise</span><br>du 30 sept. 2026 au 15 nov. 2026<br><small>Zone : Ouche aval</small>",3 oct. 2026
6175007,Tille amont,21,Côte-d'Or,SUP,crise,Crise,4,2026-09-30,2026-11-15,1583,"<b>Eaux de surface</b><br><span style=""background:maroon;color:#fff;padding:2px 7px;border-radius:4px;font-weight:bold;font-size:0.85em"">Crise</span><br>du 30 sept. 2026 au 15 nov. 2026<br><small>Zone : Tille amont</small>",3 oct. 2026
6175008,"Vouge, Biètre, Cent-Fonts",21,Côte-d'Or,SUP,crise,Crise,4,2026-09-30,2026-11-15,1583,"<b>Eaux de surface</b><br><span style=""background:maroon;color:#fff;padding:2px 7px;border-radius:4px;font-weight:bold;font-size:0.85em"">Crise</span><br>du 30 sept. 2026 au 15 nov. 2026<br><small>Zone : Vouge, Biètre, Cent-Fonts</small>",3 oct. 2026
6175009,Ouche amont,21,Côte-d'Or,SUP,crise,Crise,4,2026-09-30,2026-11-15,1583,"<b>Eaux de surface</b><br><span style=""background:maroon;color:#fff;padding:2px 7px;border-radius:4px;font-weight:bold;font-size:0.85em"">Crise</span><br>du 30 sept. 2026 au 15 nov. 2026<br><small>Zone : Ouche amont</small>",3 oct. 2026
6175012,Tille aval,21,Côte-d'Or,SUP,crise,Crise,4,2026-09-30,2026-11-15,1583,"<b>Eaux de surface</b><br><span style=""background:maroon;color:#fff;padding:2px 7px;border-radius:4px;font-weight:bold;font-size:0.85em"">Crise</span><br>du 30 sept. 2026 au 15 nov. 2026<br><small>Zone : Tille aval</small>",3 oct. 2026
6175013,Arroux,21,Côte-d'Or,SUP,crise,Crise,4,2026-09-30,2026-11-15,1583,"<b>Eaux de surface</b><br><span style=""background:maroon;color:#fff;padding:2px 7px;border-radius:4px;font-weight:bold;font-size:0.85em"">Crise</span><br>du 30 sept. 2026 au 15 nov. 2026<br><small>Zone : Arroux</small>",3 oct. 2026
6175014,Bouzaise,21,Côte-d'Or,SUP,crise,Crise,4,2026-09-30,2026-11-15,1583,"<b>Eaux de surface</b><br><span style=""background:maroon;color:#fff;padding:2px 7px;border-radius:4px;font-weight:bold;font-size:0.85em"">Crise</span><br>du 30 sept. 2026 au 15 nov. 2026<br><small>Zone : Bouzaise</small>",3 oct. 2026
6177642,Oust amont,56,Morbihan,SUP,crise,Crise,4,2026-08-19,2026-11-30,20260819_AP_56_crise,"<b>Eaux de surface</b><br><span style=""background:maroon;color:#fff;padding:2px 7px;border-radius:4px;font-weight:bold;font-size:0.85em"">Crise</span><br>du 19 août 2026 au 30 nov. 2026<br><small>Zone : Oust amont</small>",3 oct. 2026
6175828,Indrois-Tourmente,36,Indre,SUP,crise,Crise,4,2026-08-08,,36-2026-08-06-00002 ,"<b>Eaux de surface</b><br><span style=""background:maroon;color:#fff;padding:2px 7px;border-radius:4px;font-weight:bold;font-size:0.85em"">Crise</span><br>depuis le 8 août 2026<br><small>Zone : Indrois-Tourmente</small>",3 oct. 2026
6175789,Secteur milieux aquatiques 1 - Bassin Côtier_ZA_ESO,35,Ille-et-Vilaine,SUP,crise,Crise,4,2026-08-15,,35-2026-08-14-00002,"<b>Eaux de surface</b><br><span style=""background:maroon;color:#fff;padding:2px 7px;border-radius:4px;font-weight:bold;font-size:0.85em"">Crise</span><br>depuis le 15 août 2026<br><small>Zone : Secteur milieux aquatiques 1 - Bassin Côtier_ZA_ESO</small>",3 oct. 2026
6181663,bassin versant de l'Allan_dpt 90,90,Territoire de Belfort,SUP,crise,Crise,4,2026-07-17,,90-2026-09-17-00003,"<b>Eaux de surface</b><br><span style=""background:maroon;color:#fff;padding:2px 7px;border-radius:4px;font-weight:bold;font-size:0.85em"">Crise</span><br>depuis le 17 juil. 2026<br><small>Zone : bassin versant de l'Allan_dpt 90</small>",3 oct. 2026
6175778,Secteur milieux aquatiques 2 - Bassin du Couesnon_ZA_ESO,35,Ille-et-Vilaine,SUP,crise,Crise,4,2026-08-15,,35-2026-08-14-00002,"<b>Eaux de surface</b><br><span style=""background:maroon;color:#fff;padding:2px 7px;border-radius:4px;font-weight:bold;font-size:0.85em"">Crise</span><br>depuis le 15 août 2026<br><small>Zone : Secteur milieux aquatiques 2 - Bassin du Couesnon_ZA_ESO</small>",3 oct. 2026
6175780,Secteur milieux aquatiques 3 - Bassin de la Vilaine Nord-Meu_ZA_ESO,35,Ille-et-Vilaine,SUP,crise,Crise,4,2026-08-15,,35-2026-08-14-00002,"<b>Eaux de surface</b><br><span style=""background:maroon;color:#fff;padding:2px 7px;border-radius:4px;font-weight:bold;font-size:0.85em"">Crise</span><br>depuis le 15 août 2026<br><small>Zone : Secteur milieux aquatiques 3 - Bassin de la Vilaine Nord-Meu_ZA_ESO</small>",3 oct. 2026
6175781,Secteur milieux aquatiques 6 - Bassin de l'Aff_ZA_ESO,35,Ille-et-Vilaine,SUP,crise,Crise,4,2026-08-15,,35-2026-08-14-00002,"<b>Eaux de surface</b><br><span style=""background:maroon;color:#fff;padding:2px 7px;border-radius:4px;font-weight:bold;font-size:0.85em"">Crise</span><br>depuis le 15 août 2026<br><small>Zone : Secteur milieux aquatiques 6 - Bassin de l'Aff_ZA_ESO</small>",3 oct. 2026
6175782,Secteur milieux aquatiques 7 - Bassin de la Chère_ZA_ESO,35,Ille-et-Vilaine,SUP,crise,Crise,4,2026-08-15,,35-2026-08-14-00002,"<b>Eaux de surface</b><br><span style=""background:maroon;color:#fff;padding:2px 7px;border-radius:4px;font-weight:bold;font-size:0.85em"">Crise</span><br>depuis le 15 août 2026<br><small>Zone : Secteur milieux aquatiques 7 - Bassin de la Chère_ZA_ESO</small>",3 oct. 2026
6177625,Meuse amont et médiane partie du département 55,55,Meuse,SUP,crise,Crise,4,2026-09-30,2026-11-30,11665-2026-DDT-SE,"<b>Eaux de surface</b><br><span style=""background:maroon;color:#fff;padding:2px 7px;border-radius:4px;font-weight:bold;font-size:0.85em"">Crise</span><br>du 30 sept. 2026 au 30 nov. 2026<br><small>Zone : Meuse amont et médiane partie du département 55</small>",3 oct. 2026
6177629,Bassin Saulx-Ornain partie du département 55,55,Meuse,SUP,crise,Crise,4,2026-09-30,2026-11-30,11665-2026-DDT-SE,"<b>Eaux de surface</b><br><span style=""background:maroon;color:#fff;padding:2px 7px;border-radius:4px;font-weight:bold;font-size:0.85em"">Crise</span><br>du 30 sept. 2026 au 30 nov. 2026<br><small>Zone : Bassin Saulx-Ornain partie du département 55</small>",3 oct. 2026
6177630,Meuse aval et Chiers partie du département 55,55,Meuse,SUP,crise,Crise,4,2026-09-30,2026-11-30,11665-2026-DDT-SE,"<b>Eaux de surface</b><br><span style=""background:maroon;color:#fff;padding:2px 7px;border-radius:4px;font-weight:bold;font-size:0.85em"">Crise</span><br>du 30 sept. 2026 au 30 nov. 2026<br><small>Zone : Meuse aval et Chiers partie du département 55</small>",3 oct. 2026
6177631,"Moselle aval, Orne, Nied et Seille partie du département 55",55,Meuse,SUP,crise,Crise,4,2026-09-30,2026-11-30,11665-2026-DDT-SE,"<b>Eaux de surface</b><br><span style=""background:maroon;color:#fff;padding:2px 7px;border-radius:4px;font-weight:bold;font-size:0.85em"">Crise</span><br>du 30 sept. 2026 au 30 nov. 2026<br><small>Zone : Moselle aval, Orne, Nied et Seille partie du département 55</small>",3 oct. 2026
6177187,Pilat Sud,42,Loire,SUP,crise,Crise,4,2026-09-14,2026-10-31,DT-42-26-0606,"<b>Eaux de surface</b><br><span style=""background:maroon;color:#fff;padding:2px 7px;border-radius:4px;font-weight:bold;font-size:0.85em"">Crise</span><br>du 14 sept. 2026 au 31 oct. 2026<br><small>Zone : Pilat Sud</small>",3 oct. 2026
6177633,Bassin de l'Aisne partie du département 55,55,Meuse,SUP,crise,Crise,4,2026-09-30,2026-11-30,11665-2026-DDT-SE,"<b>Eaux de surface</b><br><span style=""background:maroon;color:#fff;padding:2px 7px;border-radius:4px;font-weight:bold;font-size:0.85em"">Crise</span><br>du 30 sept. 2026 au 30 nov. 2026<br><small>Zone : Bassin de l'Aisne partie du département 55</small>",3 oct. 2026
6174898,Bassin du Fouzon,18,Cher,SUP,crise,Crise,4,2026-09-17,, DDT-2026-360,"<b>Eaux de surface</b><br><span style=""background:maroon;color:#fff;padding:2px 7px;border-radius:4px;font-weight:bold;font-size:0.85em"">Crise</span><br>depuis le 17 sept. 2026<br><small>Zone : Bassin du Fouzon</small>",3 oct. 2026
6173657,Zone dépendant des bassins Var Central et Estéron,06,Alpes-Maritimes,SUP,crise,Crise,4,2026-09-30,2026-10-31,AP 2026-134,"<b>Eaux de surface</b><br><span style=""background:maroon;color:#fff;padding:2px 7px;border-radius:4px;font-weight:bold;font-size:0.85em"">Crise</span><br>du 30 sept. 2026 au 31 oct. 2026<br><small>Zone : Zone dépendant des bassins Var Central et Estéron</small>",3 oct. 2026
6174919,Bassin de l'Indre amont,18,Cher,SUP,crise,Crise,4,2026-09-17,, DDT-2026-360,"<b>Eaux de surface</b><br><span style=""background:maroon;color:#fff;padding:2px 7px;border-radius:4px;font-weight:bold;font-size:0.85em"">Crise</span><br>depuis le 17 sept. 2026<br><small>Zone : Bassin de l'Indre amont</small>",3 oct. 2026
6173655,Bassin versant de la Roya amont,06,Alpes-Maritimes,SUP,crise,Crise,4,2026-09-30,2026-10-31,AP 2026-134,"<b>Eaux de surface</b><br><span style=""background:maroon;color:#fff;padding:2px 7px;border-radius:4px;font-weight:bold;font-size:0.85em"">Crise</span><br>du 30 sept. 2026 au 31 oct. 2026<br><small>Zone : Bassin versant de la Roya amont</small>",3 oct. 2026
6173672,Bassin versant de l'Estéron,06,Alpes-Maritimes,SUP,crise,Crise,4,2026-09-30,2026-10-31,AP 2026-134,"<b>Eaux de surface</b><br><span style=""background:maroon;color:#fff;padding:2px 7px;border-radius:4px;font-weight:bold;font-size:0.85em"">Crise</span><br>du 30 sept. 2026 au 31 oct. 2026<br><small>Zone : Bassin versant de l'Estéron</small>",3 oct. 2026
6173722,Allier,07,Ardèche,SUP,crise,Crise,4,2026-09-21,2026-10-31,07-2026-09-21-00005,"<b>Eaux de surface</b><br><span style=""background:maroon;color:#fff;padding:2px 7px;border-radius:4px;font-weight:bold;font-size:0.85em"">Crise</span><br>du 21 sept. 2026 au 31 oct. 2026<br><small>Zone : Allier</small>",3 oct. 2026
6173726,Cèze,07,Ardèche,SUP,crise,Crise,4,2026-09-21,2026-10-31,07-2026-09-21-00005,"<b>Eaux de surface</b><br><span style=""background:maroon;color:#fff;padding:2px 7px;border-radius:4px;font-weight:bold;font-size:0.85em"">Crise</span><br>du 21 sept. 2026 au 31 oct. 2026<br><small>Zone : Cèze</small>",3 oct. 2026
6173727,Cance,07,Ardèche,SUP,crise,Crise,4,2026-09-21,2026-10-31,07-2026-09-21-00005,"<b>Eaux de surface</b><br><span style=""background:maroon;color:#fff;padding:2px 7px;border-radius:4px;font-weight:bold;font-size:0.85em"">Crise</span><br>du 21 sept. 2026 au 31 oct. 2026<br><small>Zone : Cance</small>",3 oct. 2026
6173728,Doux,07,Ardèche,SUP,crise,Crise,4,2026-09-21,2026-10-31,07-2026-09-21-00005,"<b>Eaux de surface</b><br><span style=""background:maroon;color:#fff;padding:2px 7px;border-radius:4px;font-weight:bold;font-size:0.85em"">Crise</span><br>du 21 sept. 2026 au 31 oct. 2026<br><small>Zone : Doux</small>",3 oct. 2026
6173729,Eyrieux,07,Ardèche,SUP,crise,Crise,4,2026-09-21,2026-10-31,07-2026-09-21-00005,"<b>Eaux de surface</b><br><span style=""background:maroon;color:#fff;padding:2px 7px;border-radius:4px;font-weight:bold;font-size:0.85em"">Crise</span><br>du 21 sept. 2026 au 31 oct. 2026<br><small>Zone : Eyrieux</small>",3 oct. 2026
6173736,Loire,07,Ardèche,SUP,crise,Crise,4,2026-09-21,2026-10-31,07-2026-09-21-00005,"<b>Eaux de surface</b><br><span style=""background:maroon;color:#fff;padding:2px 7px;border-radius:4px;font-weight:bold;font-size:0.85em"">Crise</span><br>du 21 sept. 2026 au 31 oct. 2026<br><small>Zone : Loire</small>",3 oct. 2026
6175511,OUESSANT,29,Finistère,SUP,crise,Crise,4,2026-08-07,2026-11-15,29-2026-07-02-00005,"<b>Eaux de surface</b><br><span style=""background:maroon;color:#fff;padding:2px 7px;border-radius:4px;font-weight:bold;font-size:0.85em"">Crise</span><br>du 7 août 2026 au 15 nov. 2026<br><small>Zone : OUESSANT</small>",3 oct. 2026
6175513,ODET,29,Finistère,SUP,crise,Crise,4,2026-08-07,2026-11-15,29-2026-07-02-00005,"<b>Eaux de surface</b><br><span style=""background:maroon;color:#fff;padding:2px 7px;border-radius:4px;font-weight:bold;font-size:0.85em"">Crise</span><br>du 7 août 2026 au 15 nov. 2026<br><small>Zone : ODET</small>",3 oct. 2026
6177645,Blavet rive gauche,56,Morbihan,SUP,crise,Crise,4,2026-08-19,2026-11-30,20260819_AP_56_crise,"<b>Eaux de surface</b><br><span style=""background:maroon;color:#fff;padding:2px 7px;border-radius:4px;font-weight:bold;font-size:0.85em"">Crise</span><br>du 19 août 2026 au 30 nov. 2026<br><small>Zone : Blavet rive gauche</small>",3 oct. 2026
6177647,Ellé,56,Morbihan,SUP,crise,Crise,4,2026-08-19,2026-11-30,20260819_AP_56_crise,"<b>Eaux de surface</b><br><span style=""background:maroon;color:#fff;padding:2px 7px;border-radius:4px;font-weight:bold;font-size:0.85em"">Crise</span><br>du 19 août 2026 au 30 nov. 2026<br><small>Zone : Ellé</small>",3 oct. 2026
6175512,AULNE,29,Finistère,SUP,crise,Crise,4,2026-08-07,2026-11-15,29-2026-07-02-00005,"<b>Eaux de surface</b><br><span style=""background:maroon;color:#fff;padding:2px 7px;border-radius:4px;font-weight:bold;font-size:0.85em"">Crise</span><br>du 7 août 2026 au 15 nov. 2026<br><small>Zone : AULNE</small>",3 oct. 2026
6173750,Aisne Ardennaise,08,Ardennes,SUP,crise,Crise,4,2026-08-25,2026-10-31,Arrêté n)2026/620 AISNE-ARDENNAISE - CRISE,"<b>Eaux de surface</b><br><span style=""background:maroon;color:#fff;padding:2px 7px;border-radius:4px;font-weight:bold;font-size:0.85em"">Crise</span><br>du 25 août 2026 au 31 oct. 2026<br><small>Zone : Aisne Ardennaise</small>",3 oct. 2026
6174693,Tarn amont,12,Aveyron,SUP,crise,Crise,4,2026-08-15,2026-10-31,MN-12-2026-10,"<b>Eaux de surface</b><br><span style=""background:maroon;color:#fff;padding:2px 7px;border-radius:4px;font-weight:bold;font-size:0.85em"">Crise</span><br>du 15 août 2026 au 31 oct. 2026<br><small>Zone : Tarn amont</small>",3 oct. 2026
6174695,La Baye et ses affluents,12,Aveyron,SUP,crise,Crise,4,2026-08-15,2026-10-31,MN-12-2026-10,"<b>Eaux de surface</b><br><span style=""background:maroon;color:#fff;padding:2px 7px;border-radius:4px;font-weight:bold;font-size:0.85em"">Crise</span><br>du 15 août 2026 au 31 oct. 2026<br><small>Zone : La Baye et ses affluents</small>",3 oct. 2026
6174968,zone Vézère cristalline amont (19),19,Corrèze,SUP,crise,Crise,4,2026-10-03,2026-10-31,Arrete_prefectoral_secheresse_Correze_02102026,"<b>Eaux de surface</b><br><span style=""background:maroon;color:#fff;padding:2px 7px;border-radius:4px;font-weight:bold;font-size:0.85em"">Crise</span><br>du 3 oct. 2026 au 31 oct. 2026<br><small>Zone : zone Vézère cristalline amont (19)</small>",3 oct. 2026
6174969,zone Couze,19,Corrèze,SUP,crise,Crise,4,2026-10-03,2026-10-31,Arrete_prefectoral_secheresse_Correze_02102026,"<b>Eaux de surface</b><br><span style=""background:maroon;color:#fff;padding:2px 7px;border-radius:4px;font-weight:bold;font-size:0.85em"">Crise</span><br>du 3 oct. 2026 au 31 oct. 2026<br><small>Zone : zone Couze</small>",3 oct. 2026
6174973,zone Vézère cristalline aval rive droite,19,Corrèze,SUP,crise,Crise,4,2026-10-03,2026-10-31,Arrete_prefectoral_secheresse_Correze_02102026,"<b>Eaux de surface</b><br><span style=""background:maroon;color:#fff;padding:2px 7px;border-radius:4px;font-weight:bold;font-size:0.85em"">Crise</span><br>du 3 oct. 2026 au 31 oct. 2026<br><small>Zone : zone Vézère cristalline aval rive droite</small>",3 oct. 2026
6174976,zone Vienne amont (19),19,Corrèze,SUP,crise,Crise,4,2026-10-03,2026-10-31,Arrete_prefectoral_secheresse_Correze_02102026,"<b>Eaux de surface</b><br><span style=""background:maroon;color:#fff;padding:2px 7px;border-radius:4px;font-weight:bold;font-size:0.85em"">Crise</span><br>du 3 oct. 2026 au 31 oct. 2026<br><small>Zone : zone Vienne amont (19)</small>",3 oct. 2026
6174978,zone Elle (19),19,Corrèze,SUP,crise,Crise,4,2026-10-03,2026-10-31,Arrete_prefectoral_secheresse_Correze_02102026,"<b>Eaux de surface</b><br><span style=""background:maroon;color:#fff;padding:2px 7px;border-radius:4px;font-weight:bold;font-size:0.85em"">Crise</span><br>du 3 oct. 2026 au 31 oct. 2026<br><small>Zone : zone Elle (19)</small>",3 oct. 2026
6174980,zone Dordogne des grands barrages rive droite (19),19,Corrèze,SUP,crise,Crise,4,2026-10-03,2026-10-31,Arrete_prefectoral_secheresse_Correze_02102026,"<b>Eaux de surface</b><br><span style=""background:maroon;color:#fff;padding:2px 7px;border-radius:4px;font-weight:bold;font-size:0.85em"">Crise</span><br>du 3 oct. 2026 au 31 oct. 2026<br><small>Zone : zone Dordogne des grands barrages rive droite (19)</small>",3 oct. 2026
6174981,zone Dordogne des grands barrages rive gauche (19),19,Corrèze,SUP,crise,Crise,4,2026-10-03,2026-10-31,Arrete_prefectoral_secheresse_Correze_02102026,"<b>Eaux de surface</b><br><span style=""background:maroon;color:#fff;padding:2px 7px;border-radius:4px;font-weight:bold;font-size:0.85em"">Crise</span><br>du 3 oct. 2026 au 31 oct. 2026<br><small>Zone : zone Dordogne des grands barrages rive gauche (19)</small>",3 oct. 2026
6175514,SUD CORNOUAILLE - ISOLE,29,Finistère,SUP,crise,Crise,4,2026-08-07,2026-11-15,29-2026-07-02-00005,"<b>Eaux de surface</b><br><span style=""background:maroon;color:#fff;padding:2px 7px;border-radius:4px;font-weight:bold;font-size:0.85em"">Crise</span><br>du 7 août 2026 au 15 nov. 2026<br><small>Zone : SUD CORNOUAILLE - ISOLE</small>",3 oct. 2026
6175519,HAUT LEON - TREGOR,29,Finistère,SUP,crise,Crise,4,2026-08-07,2026-11-15,29-2026-07-02-00005,"<b>Eaux de surface</b><br><span style=""background:maroon;color:#fff;padding:2px 7px;border-radius:4px;font-weight:bold;font-size:0.85em"">Crise</span><br>du 7 août 2026 au 15 nov. 2026<br><small>Zone : HAUT LEON - TREGOR</small>",3 oct. 2026
6177650,Aff,56,Morbihan,SUP,crise,Crise,4,2026-08-19,2026-11-30,20260819_AP_56_crise,"<b>Eaux de surface</b><br><span style=""background:maroon;color:#fff;padding:2px 7px;border-radius:4px;font-weight:bold;font-size:0.85em"">Crise</span><br>du 19 août 2026 au 30 nov. 2026<br><small>Zone : Aff</small>",3 oct. 2026
6177653,Blavet rive droite,56,Morbihan,SUP,crise,Crise,4,2026-08-19,2026-11-30,20260819_AP_56_crise,"<b>Eaux de surface</b><br><span style=""background:maroon;color:#fff;padding:2px 7px;border-radius:4px;font-weight:bold;font-size:0.85em"">Crise</span><br>du 19 août 2026 au 30 nov. 2026<br><small>Zone : Blavet rive droite</small>",3 oct. 2026
6177190,Isable Aix,42,Loire,SUP,crise,Crise,4,2026-09-14,2026-10-31,DT-42-26-0606,"<b>Eaux de surface</b><br><span style=""background:maroon;color:#fff;padding:2px 7px;border-radius:4px;font-weight:bold;font-size:0.85em"">Crise</span><br>du 14 sept. 2026 au 31 oct. 2026<br><small>Zone : Isable Aix</small>",3 oct. 2026
6177191,Rhins Sornin,42,Loire,SUP,crise,Crise,4,2026-09-14,2026-10-31,DT-42-26-0606,"<b>Eaux de surface</b><br><span style=""background:maroon;color:#fff;padding:2px 7px;border-radius:4px;font-weight:bold;font-size:0.85em"">Crise</span><br>du 14 sept. 2026 au 31 oct. 2026<br><small>Zone : Rhins Sornin</small>",3 oct. 2026
6177192,Fleuve Loire aval,42,Loire,SUP,crise,Crise,4,2026-09-14,2026-10-31,DT-42-26-0606,"<b>Eaux de surface</b><br><span style=""background:maroon;color:#fff;padding:2px 7px;border-radius:4px;font-weight:bold;font-size:0.85em"">Crise</span><br>du 14 sept. 2026 au 31 oct. 2026<br><small>Zone : Fleuve Loire aval</small>",3 oct. 2026
6177193,Forez Ance - Mare - Bonson,42,Loire,SUP,crise,Crise,4,2026-09-14,2026-10-31,DT-42-26-0606,"<b>Eaux de surface</b><br><span style=""background:maroon;color:#fff;padding:2px 7px;border-radius:4px;font-weight:bold;font-size:0.85em"">Crise</span><br>du 14 sept. 2026 au 31 oct. 2026<br><small>Zone : Forez Ance - Mare - Bonson</small>",3 oct. 2026
6177194,Fleuve Loire amont,42,Loire,SUP,crise,Crise,4,2026-09-14,2026-10-31,DT-42-26-0606,"<b>Eaux de surface</b><br><span style=""background:maroon;color:#fff;padding:2px 7px;border-radius:4px;font-weight:bold;font-size:0.85em"">Crise</span><br>du 14 sept. 2026 au 31 oct. 2026<br><small>Zone : Fleuve Loire amont</small>",3 oct. 2026
6175524,BAIE DE DOUARNENEZ - OUEST CORNOUAILLE,29,Finistère,SUP,crise,Crise,4,2026-08-07,2026-11-15,29-2026-07-02-00005,"<b>Eaux de surface</b><br><span style=""background:maroon;color:#fff;padding:2px 7px;border-radius:4px;font-weight:bold;font-size:0.85em"">Crise</span><br>du 7 août 2026 au 15 nov. 2026<br><small>Zone : BAIE DE DOUARNENEZ - OUEST CORNOUAILLE</small>",3 oct. 2026
6174959,zone Auvézère (19),19,Corrèze,SUP,crise,Crise,4,2026-10-03,2026-10-31,Arrete_prefectoral_secheresse_Correze_02102026,"<b>Eaux de surface</b><br><span style=""background:maroon;color:#fff;padding:2px 7px;border-radius:4px;font-weight:bold;font-size:0.85em"">Crise</span><br>du 3 oct. 2026 au 31 oct. 2026<br><small>Zone : zone Auvézère (19)</small>",3 oct. 2026
6174960,zone Dordogne karstique (19),19,Corrèze,SUP,crise,Crise,4,2026-10-03,2026-10-31,Arrete_prefectoral_secheresse_Correze_02102026,"<b>Eaux de surface</b><br><span style=""background:maroon;color:#fff;padding:2px 7px;border-radius:4px;font-weight:bold;font-size:0.85em"">Crise</span><br>du 3 oct. 2026 au 31 oct. 2026<br><small>Zone : zone Dordogne karstique (19)</small>",3 oct. 2026
6174961,zone Vézère cristalline aval rive gauche,19,Corrèze,SUP,crise,Crise,4,2026-10-03,2026-10-31,Arrete_prefectoral_secheresse_Correze_02102026,"<b>Eaux de surface</b><br><span style=""background:maroon;color:#fff;padding:2px 7px;border-radius:4px;font-weight:bold;font-size:0.85em"">Crise</span><br>du 3 oct. 2026 au 31 oct. 2026<br><small>Zone : zone Vézère cristalline aval rive gauche</small>",3 oct. 2026
6177222,DORETTE,43,Haute-Loire,SUP,crise,Crise,4,2026-09-22,2026-12-31,DDT-SEF-2026-538,"<b>Eaux de surface</b><br><span style=""background:maroon;color:#fff;padding:2px 7px;border-radius:4px;font-weight:bold;font-size:0.85em"">Crise</span><br>du 22 sept. 2026 au 31 déc. 2026<br><small>Zone : DORETTE</small>",3 oct. 2026
6177224,ALLIER (lit mineur + 100m),43,Haute-Loire,SUP,crise,Crise,4,2026-09-22,2026-12-31,DDT-SEF-2026-538,"<b>Eaux de surface</b><br><span style=""background:maroon;color:#fff;padding:2px 7px;border-radius:4px;font-weight:bold;font-size:0.85em"">Crise</span><br>du 22 sept. 2026 au 31 déc. 2026<br><small>Zone : ALLIER (lit mineur + 100m)</small>",3 oct. 2026
6177226,ALAGNON,43,Haute-Loire,SUP,crise,Crise,4,2026-09-22,2026-12-31,DDT-SEF-2026-538,"<b>Eaux de surface</b><br><span style=""background:maroon;color:#fff;padding:2px 7px;border-radius:4px;font-weight:bold;font-size:0.85em"">Crise</span><br>du 22 sept. 2026 au 31 déc. 2026<br><small>Zone : ALAGNON</small>",3 oct. 2026
6177231,LOIRE (lit mineur + 100m),43,Haute-Loire,SUP,crise,Crise,4,2026-09-22,2026-12-31,DDT-SEF-2026-538,"<b>Eaux de surface</b><br><span style=""background:maroon;color:#fff;padding:2px 7px;border-radius:4px;font-weight:bold;font-size:0.85em"">Crise</span><br>du 22 sept. 2026 au 31 déc. 2026<br><small>Zone : LOIRE (lit mineur + 100m)</small>",3 oct. 2026
6174962,zone Corrèze aval,19,Corrèze,SUP,crise,Crise,4,2026-10-03,2026-10-31,Arrete_prefectoral_secheresse_Correze_02102026,"<b>Eaux de surface</b><br><span style=""background:maroon;color:#fff;padding:2px 7px;border-radius:4px;font-weight:bold;font-size:0.85em"">Crise</span><br>du 3 oct. 2026 au 31 oct. 2026<br><small>Zone : zone Corrèze aval</small>",3 oct. 2026
6174955,zone Logne,19,Corrèze,SUP,crise,Crise,4,2026-10-03,2026-10-31,Arrete_prefectoral_secheresse_Correze_02102026,"<b>Eaux de surface</b><br><span style=""background:maroon;color:#fff;padding:2px 7px;border-radius:4px;font-weight:bold;font-size:0.85em"">Crise</span><br>du 3 oct. 2026 au 31 oct. 2026<br><small>Zone : zone Logne</small>",3 oct. 2026
6173766,Meuse et Chiers,08,Ardennes,SUP,crise,Crise,4,2026-07-20,2026-10-31,Arrêté n°2026 / 540 meuse-chiers  alerte renforcée,"<b>Eaux de surface</b><br><span style=""background:maroon;color:#fff;padding:2px 7px;border-radius:4px;font-weight:bold;font-size:0.85em"">Crise</span><br>du 20 juil. 2026 au 31 oct. 2026<br><small>Zone : Meuse et Chiers</small>",3 oct. 2026
6174720,Affluents du Lot domanial amont,12,Aveyron,SUP,crise,Crise,4,2026-08-15,2026-10-31,MN-12-2026-10,"<b>Eaux de surface</b><br><span style=""background:maroon;color:#fff;padding:2px 7px;border-radius:4px;font-weight:bold;font-size:0.85em"">Crise</span><br>du 15 août 2026 au 31 oct. 2026<br><small>Zone : Affluents du Lot domanial amont</small>",3 oct. 2026
6174723,Rance,12,Aveyron,SUP,crise,Crise,4,2026-08-15,2026-10-31,MN-12-2026-10,"<b>Eaux de surface</b><br><span style=""background:maroon;color:#fff;padding:2px 7px;border-radius:4px;font-weight:bold;font-size:0.85em"">Crise</span><br>du 15 août 2026 au 31 oct. 2026<br><small>Zone : Rance</small>",3 oct. 2026
6177248,Zone 3c - Affluents Nord Loire,44,Loire-Atlantique,SUP,crise,Crise,4,2026-09-24,2026-10-31,2026/SEE/0217,"<b>Eaux de surface</b><br><span style=""background:maroon;color:#fff;padding:2px 7px;border-radius:4px;font-weight:bold;font-size:0.85em"">Crise</span><br>du 24 sept. 2026 au 31 oct. 2026<br><small>Zone : Zone 3c - Affluents Nord Loire</small>",3 oct. 2026
6177648,Scorff,56,Morbihan,SUP,crise,Crise,4,2026-08-19,2026-11-30,20260819_AP_56_crise,"<b>Eaux de surface</b><br><span style=""background:maroon;color:#fff;padding:2px 7px;border-radius:4px;font-weight:bold;font-size:0.85em"">Crise</span><br>du 19 août 2026 au 30 nov. 2026<br><small>Zone : Scorff</small>",3 oct. 2026
6174679,Le Cérou non réalimenté et ses affluents,12,Aveyron,SUP,crise,Crise,4,2026-08-15,2026-10-31,MN-12-2026-10,"<b>Eaux de surface</b><br><span style=""background:maroon;color:#fff;padding:2px 7px;border-radius:4px;font-weight:bold;font-size:0.85em"">Crise</span><br>du 15 août 2026 au 31 oct. 2026<br><small>Zone : Le Cérou non réalimenté et ses affluents</small>",3 oct. 2026
6174697,La Seye et ses affluents,12,Aveyron,SUP,crise,Crise,4,2026-08-15,2026-10-31,MN-12-2026-10,"<b>Eaux de surface</b><br><span style=""background:maroon;color:#fff;padding:2px 7px;border-radius:4px;font-weight:bold;font-size:0.85em"">Crise</span><br>du 15 août 2026 au 31 oct. 2026<br><small>Zone : La Seye et ses affluents</small>",3 oct. 2026
6174698,Le Viaur non réalimenté et les affluents du Viaur,12,Aveyron,SUP,crise,Crise,4,2026-08-15,2026-10-31,MN-12-2026-10,"<b>Eaux de surface</b><br><span style=""background:maroon;color:#fff;padding:2px 7px;border-radius:4px;font-weight:bold;font-size:0.85em"">Crise</span><br>du 15 août 2026 au 31 oct. 2026<br><small>Zone : Le Viaur non réalimenté et les affluents du Viaur</small>",3 oct. 2026
6174708,Affluents rive droite Truyère,12,Aveyron,SUP,crise,Crise,4,2026-08-15,2026-10-31,MN-12-2026-10,"<b>Eaux de surface</b><br><span style=""background:maroon;color:#fff;padding:2px 7px;border-radius:4px;font-weight:bold;font-size:0.85em"">Crise</span><br>du 15 août 2026 au 31 oct. 2026<br><small>Zone : Affluents rive droite Truyère</small>",3 oct. 2026
6177247,Zone 1 - Vilaine,44,Loire-Atlantique,SUP,crise,Crise,4,2026-09-24,2026-10-31,2026/SEE/0217,"<b>Eaux de surface</b><br><span style=""background:maroon;color:#fff;padding:2px 7px;border-radius:4px;font-weight:bold;font-size:0.85em"">Crise</span><br>du 24 sept. 2026 au 31 oct. 2026<br><small>Zone : Zone 1 - Vilaine</small>",3 oct. 2026
6174711,Diège,12,Aveyron,SUP,crise,Crise,4,2026-08-15,2026-10-31,MN-12-2026-10,"<b>Eaux de surface</b><br><span style=""background:maroon;color:#fff;padding:2px 7px;border-radius:4px;font-weight:bold;font-size:0.85em"">Crise</span><br>du 15 août 2026 au 31 oct. 2026<br><small>Zone : Diège</small>",3 oct. 2026
6174713,L'Alzou et ses affluents,12,Aveyron,SUP,crise,Crise,4,2026-08-15,2026-10-31,MN-12-2026-10,"<b>Eaux de surface</b><br><span style=""background:maroon;color:#fff;padding:2px 7px;border-radius:4px;font-weight:bold;font-size:0.85em"">Crise</span><br>du 15 août 2026 au 31 oct. 2026<br><small>Zone : L'Alzou et ses affluents</small>",3 oct. 2026
6174730,Orb,12,Aveyron,SUP,crise,Crise,4,2026-08-15,2026-10-31,MN-12-2026-10,"<b>Eaux de surface</b><br><span style=""background:maroon;color:#fff;padding:2px 7px;border-radius:4px;font-weight:bold;font-size:0.85em"">Crise</span><br>du 15 août 2026 au 31 oct. 2026<br><small>Zone : Orb</small>",3 oct. 2026
6174737,Affluents du Lot amont,12,Aveyron,SUP,crise,Crise,4,2026-08-15,2026-10-31,MN-12-2026-10,"<b>Eaux de surface</b><br><span style=""background:maroon;color:#fff;padding:2px 7px;border-radius:4px;font-weight:bold;font-size:0.85em"">Crise</span><br>du 15 août 2026 au 31 oct. 2026<br><small>Zone : Affluents du Lot amont</small>",3 oct. 2026
6174784,Secteur Virois - ESU,14,Calvados,SUP,crise,Crise,4,2026-09-11,2026-10-31,2026_06,"<b>Eaux de surface</b><br><span style=""background:maroon;color:#fff;padding:2px 7px;border-radius:4px;font-weight:bold;font-size:0.85em"">Crise</span><br>du 11 sept. 2026 au 31 oct. 2026<br><small>Zone : Secteur Virois - ESU</small>",3 oct. 2026
6174966,zone Corrèze amont,19,Corrèze,SUP,crise,Crise,4,2026-10-03,2026-10-31,Arrete_prefectoral_secheresse_Correze_02102026,"<b>Eaux de surface</b><br><span style=""background:maroon;color:#fff;padding:2px 7px;border-radius:4px;font-weight:bold;font-size:0.85em"">Crise</span><br>du 3 oct. 2026 au 31 oct. 2026<br><small>Zone : zone Corrèze amont</small>",3 oct. 2026
6174838,OUGC Cogesteau /  Zone d'alerte : Aume-Couture,16,Charente,SUP,crise,Crise,4,2026-09-24,2026-10-31,AP_Restrictions_BvCharente_162026092300002,"<b>Eaux de surface</b><br><span style=""background:maroon;color:#fff;padding:2px 7px;border-radius:4px;font-weight:bold;font-size:0.85em"">Crise</span><br>du 24 sept. 2026 au 31 oct. 2026<br><small>Zone : OUGC Cogesteau /  Zone d'alerte : Aume-Couture</small>",3 oct. 2026
6175015,Dheune,21,Côte-d'Or,SUP,crise,Crise,4,2026-09-30,2026-11-15,1583,"<b>Eaux de surface</b><br><span style=""background:maroon;color:#fff;padding:2px 7px;border-radius:4px;font-weight:bold;font-size:0.85em"">Crise</span><br>du 30 sept. 2026 au 15 nov. 2026<br><small>Zone : Dheune</small>",3 oct. 2026
6175017,Armançon amont,21,Côte-d'Or,SUP,crise,Crise,4,2026-09-30,2026-11-15,1583,"<b>Eaux de surface</b><br><span style=""background:maroon;color:#fff;padding:2px 7px;border-radius:4px;font-weight:bold;font-size:0.85em"">Crise</span><br>du 30 sept. 2026 au 15 nov. 2026<br><small>Zone : Armançon amont</small>",3 oct. 2026
6175019,Serein amont,21,Côte-d'Or,SUP,crise,Crise,4,2026-09-30,2026-11-15,1583,"<b>Eaux de surface</b><br><span style=""background:maroon;color:#fff;padding:2px 7px;border-radius:4px;font-weight:bold;font-size:0.85em"">Crise</span><br>du 30 sept. 2026 au 15 nov. 2026<br><small>Zone : Serein amont</small>",3 oct. 2026
6175020,Châtillonnais,21,Côte-d'Or,SUP,crise,Crise,4,2026-09-30,2026-11-15,1583,"<b>Eaux de surface</b><br><span style=""background:maroon;color:#fff;padding:2px 7px;border-radius:4px;font-weight:bold;font-size:0.85em"">Crise</span><br>du 30 sept. 2026 au 15 nov. 2026<br><small>Zone : Châtillonnais</small>",3 oct. 2026
6175021,Vingeanne,21,Côte-d'Or,SUP,crise,Crise,4,2026-09-30,2026-11-15,1583,"<b>Eaux de surface</b><br><span style=""background:maroon;color:#fff;padding:2px 7px;border-radius:4px;font-weight:bold;font-size:0.85em"">Crise</span><br>du 30 sept. 2026 au 15 nov. 2026<br><small>Zone : Vingeanne</small>",3 oct. 2026
6177251,Zone 3f - Brière Brivet,44,Loire-Atlantique,SUP,crise,Crise,4,2026-09-24,2026-10-31,2026/SEE/0217,"<b>Eaux de surface</b><br><span style=""background:maroon;color:#fff;padding:2px 7px;border-radius:4px;font-weight:bold;font-size:0.85em"">Crise</span><br>du 24 sept. 2026 au 31 oct. 2026<br><small>Zone : Zone 3f - Brière Brivet</small>",3 oct. 2026
6177254,Zone 5b - Côtiers Bretons réalimenté,44,Loire-Atlantique,SUP,crise,Crise,4,2026-09-24,2026-10-31,2026/SEE/0217,"<b>Eaux de surface</b><br><span style=""background:maroon;color:#fff;padding:2px 7px;border-radius:4px;font-weight:bold;font-size:0.85em"">Crise</span><br>du 24 sept. 2026 au 31 oct. 2026<br><small>Zone : Zone 5b - Côtiers Bretons réalimenté</small>",3 oct. 2026
6177257,Bassin de la Sanguèze,44,Loire-Atlantique,SUP,crise,Crise,4,2026-09-24,2026-10-31,2026/SEE/0217,"<b>Eaux de surface</b><br><span style=""background:maroon;color:#fff;padding:2px 7px;border-radius:4px;font-weight:bold;font-size:0.85em"">Crise</span><br>du 24 sept. 2026 au 31 oct. 2026<br><small>Zone : Bassin de la Sanguèze</small>",3 oct. 2026
6177258,Zone 3d - Affluents Sud Loire,44,Loire-Atlantique,SUP,crise,Crise,4,2026-09-24,2026-10-31,2026/SEE/0217,"<b>Eaux de surface</b><br><span style=""background:maroon;color:#fff;padding:2px 7px;border-radius:4px;font-weight:bold;font-size:0.85em"">Crise</span><br>du 24 sept. 2026 au 31 oct. 2026<br><small>Zone : Zone 3d - Affluents Sud Loire</small>",3 oct. 2026
6177259,Zone 5a - Côtiers Bretons,44,Loire-Atlantique,SUP,crise,Crise,4,2026-09-24,2026-10-31,2026/SEE/0217,"<b>Eaux de surface</b><br><span style=""background:maroon;color:#fff;padding:2px 7px;border-radius:4px;font-weight:bold;font-size:0.85em"">Crise</span><br>du 24 sept. 2026 au 31 oct. 2026<br><small>Zone : Zone 5a - Côtiers Bretons</small>",3 oct. 2026
6177260,Zone 3b - Erdre Aval,44,Loire-Atlantique,SUP,crise,Crise,4,2026-09-24,2026-10-31,2026/SEE/0217,"<b>Eaux de surface</b><br><span style=""background:maroon;color:#fff;padding:2px 7px;border-radius:4px;font-weight:bold;font-size:0.85em"">Crise</span><br>du 24 sept. 2026 au 31 oct. 2026<br><small>Zone : Zone 3b - Erdre Aval</small>",3 oct. 2026
6177250,Zone 2 - Oudon,44,Loire-Atlantique,SUP,crise,Crise,4,2026-09-24,2026-10-31,2026/SEE/0217,"<b>Eaux de surface</b><br><span style=""background:maroon;color:#fff;padding:2px 7px;border-radius:4px;font-weight:bold;font-size:0.85em"">Crise</span><br>du 24 sept. 2026 au 31 oct. 2026<br><small>Zone : Zone 2 - Oudon</small>",3 oct. 2026
6177261,Zone 3e - Loire,44,Loire-Atlantique,SUP,crise,Crise,4,2026-09-24,2026-10-31,2026/SEE/0217,"<b>Eaux de surface</b><br><span style=""background:maroon;color:#fff;padding:2px 7px;border-radius:4px;font-weight:bold;font-size:0.85em"">Crise</span><br>du 24 sept. 2026 au 31 oct. 2026<br><small>Zone : Zone 3e - Loire</small>",3 oct. 2026
6177262,Zone 3g - Boivre et haute perche,44,Loire-Atlantique,SUP,crise,Crise,4,2026-09-24,2026-10-31,2026/SEE/0217,"<b>Eaux de surface</b><br><span style=""background:maroon;color:#fff;padding:2px 7px;border-radius:4px;font-weight:bold;font-size:0.85em"">Crise</span><br>du 24 sept. 2026 au 31 oct. 2026<br><small>Zone : Zone 3g - Boivre et haute perche</small>",3 oct. 2026
6177264,Bassin de la Sèvre Nantaise,44,Loire-Atlantique,SUP,crise,Crise,4,2026-09-24,2026-10-31,2026/SEE/0217,"<b>Eaux de surface</b><br><span style=""background:maroon;color:#fff;padding:2px 7px;border-radius:4px;font-weight:bold;font-size:0.85em"">Crise</span><br>du 24 sept. 2026 au 31 oct. 2026<br><small>Zone : Bassin de la Sèvre Nantaise</small>",3 oct. 2026
6177266,Bassin de la Maine,44,Loire-Atlantique,SUP,crise,Crise,4,2026-09-24,2026-10-31,2026/SEE/0217,"<b>Eaux de surface</b><br><span style=""background:maroon;color:#fff;padding:2px 7px;border-radius:4px;font-weight:bold;font-size:0.85em"">Crise</span><br>du 24 sept. 2026 au 31 oct. 2026<br><small>Zone : Bassin de la Maine</small>",3 oct. 2026
6177267,"Zone 6a -  Logne, Boulogne, Ognon, Grand-lieu",44,Loire-Atlantique,SUP,crise,Crise,4,2026-09-24,2026-10-31,2026/SEE/0217,"<b>Eaux de surface</b><br><span style=""background:maroon;color:#fff;padding:2px 7px;border-radius:4px;font-weight:bold;font-size:0.85em"">Crise</span><br>du 24 sept. 2026 au 31 oct. 2026<br><small>Zone : Zone 6a -  Logne, Boulogne, Ognon, Grand-lieu</small>",3 oct. 2026
6174792,Haut-Allier,15,Cantal,SUP,crise,Crise,4,2026-10-03,2026-10-31,2026-215,"<b>Eaux de surface</b><br><span style=""background:maroon;color:#fff;padding:2px 7px;border-radius:4px;font-weight:bold;font-size:0.85em"">Crise</span><br>du 3 oct. 2026 au 31 oct. 2026<br><small>Zone : Haut-Allier</small>",3 oct. 2026
6174795,Cele_hors_Veyre,15,Cantal,SUP,crise,Crise,4,2026-10-03,2026-10-31,2026-215,"<b>Eaux de surface</b><br><span style=""background:maroon;color:#fff;padding:2px 7px;border-radius:4px;font-weight:bold;font-size:0.85em"">Crise</span><br>du 3 oct. 2026 au 31 oct. 2026<br><small>Zone : Cele_hors_Veyre</small>",3 oct. 2026
6174797,Veyre,15,Cantal,SUP,crise,Crise,4,2026-10-03,2026-10-31,2026-215,"<b>Eaux de surface</b><br><span style=""background:maroon;color:#fff;padding:2px 7px;border-radius:4px;font-weight:bold;font-size:0.85em"">Crise</span><br>du 3 oct. 2026 au 31 oct. 2026<br><small>Zone : Veyre</small>",3 oct. 2026
6174799,Ander_Margeride,15,Cantal,SUP,crise,Crise,4,2026-10-03,2026-10-31,2026-215,"<b>Eaux de surface</b><br><span style=""background:maroon;color:#fff;padding:2px 7px;border-radius:4px;font-weight:bold;font-size:0.85em"">Crise</span><br>du 3 oct. 2026 au 31 oct. 2026<br><small>Zone : Ander_Margeride</small>",3 oct. 2026
6174802,Cere,15,Cantal,SUP,crise,Crise,4,2026-10-03,2026-10-31,2026-215,"<b>Eaux de surface</b><br><span style=""background:maroon;color:#fff;padding:2px 7px;border-radius:4px;font-weight:bold;font-size:0.85em"">Crise</span><br>du 3 oct. 2026 au 31 oct. 2026<br><small>Zone : Cere</small>",3 oct. 2026
6174804,Sumene,15,Cantal,SUP,crise,Crise,4,2026-10-03,2026-10-31,2026-215,"<b>Eaux de surface</b><br><span style=""background:maroon;color:#fff;padding:2px 7px;border-radius:4px;font-weight:bold;font-size:0.85em"">Crise</span><br>du 3 oct. 2026 au 31 oct. 2026<br><small>Zone : Sumene</small>",3 oct. 2026
6174806,Affluents_Lot,15,Cantal,SUP,crise,Crise,4,2026-10-03,2026-10-31,2026-215,"<b>Eaux de surface</b><br><span style=""background:maroon;color:#fff;padding:2px 7px;border-radius:4px;font-weight:bold;font-size:0.85em"">Crise</span><br>du 3 oct. 2026 au 31 oct. 2026<br><small>Zone : Affluents_Lot</small>",3 oct. 2026
6174810,Aubrac,15,Cantal,SUP,crise,Crise,4,2026-10-03,2026-10-31,2026-215,"<b>Eaux de surface</b><br><span style=""background:maroon;color:#fff;padding:2px 7px;border-radius:4px;font-weight:bold;font-size:0.85em"">Crise</span><br>du 3 oct. 2026 au 31 oct. 2026<br><small>Zone : Aubrac</small>",3 oct. 2026
6174813,Alagnon,15,Cantal,SUP,crise,Crise,4,2026-10-03,2026-10-31,2026-215,"<b>Eaux de surface</b><br><span style=""background:maroon;color:#fff;padding:2px 7px;border-radius:4px;font-weight:bold;font-size:0.85em"">Crise</span><br>du 3 oct. 2026 au 31 oct. 2026<br><small>Zone : Alagnon</small>",3 oct. 2026
6174815,Rhue,15,Cantal,SUP,crise,Crise,4,2026-10-03,2026-10-31,2026-215,"<b>Eaux de surface</b><br><span style=""background:maroon;color:#fff;padding:2px 7px;border-radius:4px;font-weight:bold;font-size:0.85em"">Crise</span><br>du 3 oct. 2026 au 31 oct. 2026<br><small>Zone : Rhue</small>",3 oct. 2026
6174816,Maronne,15,Cantal,SUP,crise,Crise,4,2026-10-03,2026-10-31,2026-215,"<b>Eaux de surface</b><br><span style=""background:maroon;color:#fff;padding:2px 7px;border-radius:4px;font-weight:bold;font-size:0.85em"">Crise</span><br>du 3 oct. 2026 au 31 oct. 2026<br><small>Zone : Maronne</small>",3 oct. 2026
6174817,Truyere-aval,15,Cantal,SUP,crise,Crise,4,2026-10-03,2026-10-31,2026-215,"<b>Eaux de surface</b><br><span style=""background:maroon;color:#fff;padding:2px 7px;border-radius:4px;font-weight:bold;font-size:0.85em"">Crise</span><br>du 3 oct. 2026 au 31 oct. 2026<br><small>Zone : Truyere-aval</small>",3 oct. 2026
6177288,Loiret-Dhuy,45,Loiret,SUP,crise,Crise,4,2026-09-23,,DDT-SEEF-2026-210,"<b>Eaux de surface</b><br><span style=""background:maroon;color:#fff;padding:2px 7px;border-radius:4px;font-weight:bold;font-size:0.85em"">Crise</span><br>depuis le 23 sept. 2026<br><small>Zone : Loiret-Dhuy</small>",3 oct. 2026
6177289,Avenelle-Ethelin,45,Loiret,SUP,crise,Crise,4,2026-09-23,,DDT-SEEF-2026-210,"<b>Eaux de surface</b><br><span style=""background:maroon;color:#fff;padding:2px 7px;border-radius:4px;font-weight:bold;font-size:0.85em"">Crise</span><br>depuis le 23 sept. 2026<br><small>Zone : Avenelle-Ethelin</small>",3 oct. 2026
6177655,Littoral,56,Morbihan,SUP,crise,Crise,4,2026-08-19,2026-11-30,20260819_AP_56_crise,"<b>Eaux de surface</b><br><span style=""background:maroon;color:#fff;padding:2px 7px;border-radius:4px;font-weight:bold;font-size:0.85em"">Crise</span><br>du 19 août 2026 au 30 nov. 2026<br><small>Zone : Littoral</small>",3 oct. 2026
6177300,Cosson,45,Loiret,SUP,crise,Crise,4,2026-09-23,,DDT-SEEF-2026-210,"<b>Eaux de surface</b><br><span style=""background:maroon;color:#fff;padding:2px 7px;border-radius:4px;font-weight:bold;font-size:0.85em"">Crise</span><br>depuis le 23 sept. 2026<br><small>Zone : Cosson</small>",3 oct. 2026
6181301,"Affluents de l’Agout en aval du Thoré à la confluence avec le Tarn en excluant le Thoré, le Sor, le Bagas, l’Ardial (En Guibaud) et le Dadou",81,Tarn,SUP,crise,Crise,4,2026-10-03,2026-10-31,261002,"<b>Eaux de surface</b><br><span style=""background:maroon;color:#fff;padding:2px 7px;border-radius:4px;font-weight:bold;font-size:0.85em"">Crise</span><br>du 3 oct. 2026 au 31 oct. 2026<br><small>Zone : Affluents de l’Agout en aval du Thoré à la confluence avec le Tarn en excluant le Thoré, le Sor, le Bagas, l’Ardial (En Guibaud) et le Dadou</small>",3 oct. 2026
6175064,Creuse amont,23,Creuse,SUP,crise,Crise,4,2026-07-30,2026-10-30,23-2026-07-29-00002,"<b>Eaux de surface</b><br><span style=""background:maroon;color:#fff;padding:2px 7px;border-radius:4px;font-weight:bold;font-size:0.85em"">Crise</span><br>du 30 juil. 2026 au 30 oct. 2026<br><small>Zone : Creuse amont</small>",3 oct. 2026
6181314,Affluents de l'Aveyron aval,81,Tarn,SUP,crise,Crise,4,2026-10-03,2026-10-31,261002,"<b>Eaux de surface</b><br><span style=""background:maroon;color:#fff;padding:2px 7px;border-radius:4px;font-weight:bold;font-size:0.85em"">Crise</span><br>du 3 oct. 2026 au 31 oct. 2026<br><small>Zone : Affluents de l'Aveyron aval</small>",3 oct. 2026
6175058,Dordogne,23,Creuse,SUP,crise,Crise,4,2026-07-30,2026-10-30,23-2026-07-29-00002,"<b>Eaux de surface</b><br><span style=""background:maroon;color:#fff;padding:2px 7px;border-radius:4px;font-weight:bold;font-size:0.85em"">Crise</span><br>du 30 juil. 2026 au 30 oct. 2026<br><small>Zone : Dordogne</small>",3 oct. 2026
6175059,Vienne,23,Creuse,SUP,crise,Crise,4,2026-07-30,2026-10-30,23-2026-07-29-00002,"<b>Eaux de surface</b><br><span style=""background:maroon;color:#fff;padding:2px 7px;border-radius:4px;font-weight:bold;font-size:0.85em"">Crise</span><br>du 30 juil. 2026 au 30 oct. 2026<br><small>Zone : Vienne</small>",3 oct. 2026
6175060,Creuse aval,23,Creuse,SUP,crise,Crise,4,2026-07-30,2026-10-30,23-2026-07-29-00002,"<b>Eaux de surface</b><br><span style=""background:maroon;color:#fff;padding:2px 7px;border-radius:4px;font-weight:bold;font-size:0.85em"">Crise</span><br>du 30 juil. 2026 au 30 oct. 2026<br><small>Zone : Creuse aval</small>",3 oct. 2026
6175062,Cher,23,Creuse,SUP,crise,Crise,4,2026-07-30,2026-10-30,23-2026-07-29-00002,"<b>Eaux de surface</b><br><span style=""background:maroon;color:#fff;padding:2px 7px;border-radius:4px;font-weight:bold;font-size:0.85em"">Crise</span><br>du 30 juil. 2026 au 30 oct. 2026<br><small>Zone : Cher</small>",3 oct. 2026
6181323,Le Sor de sa source au Cammazes et tous les affluents du Sor,81,Tarn,SUP,crise,Crise,4,2026-10-03,2026-10-31,261002,"<b>Eaux de surface</b><br><span style=""background:maroon;color:#fff;padding:2px 7px;border-radius:4px;font-weight:bold;font-size:0.85em"">Crise</span><br>du 3 oct. 2026 au 31 oct. 2026<br><small>Zone : Le Sor de sa source au Cammazes et tous les affluents du Sor</small>",3 oct. 2026
6181334,Le Fresquel,81,Tarn,SUP,crise,Crise,4,2026-10-03,2026-10-31,261002,"<b>Eaux de surface</b><br><span style=""background:maroon;color:#fff;padding:2px 7px;border-radius:4px;font-weight:bold;font-size:0.85em"">Crise</span><br>du 3 oct. 2026 au 31 oct. 2026<br><small>Zone : Le Fresquel</small>",3 oct. 2026
6181335,Affluents du Tarn aval de l’Agout à la confluence avec la Garonne en excluant l’Agout et le Tescou,81,Tarn,SUP,crise,Crise,4,2026-10-03,2026-10-31,261002,"<b>Eaux de surface</b><br><span style=""background:maroon;color:#fff;padding:2px 7px;border-radius:4px;font-weight:bold;font-size:0.85em"">Crise</span><br>du 3 oct. 2026 au 31 oct. 2026<br><small>Zone : Affluents du Tarn aval de l’Agout à la confluence avec la Garonne en excluant l’Agout et le Tescou</small>",3 oct. 2026
6175806,Indre aval,36,Indre,SUP,crise,Crise,4,2026-08-08,,36-2026-08-06-00002 ,"<b>Eaux de surface</b><br><span style=""background:maroon;color:#fff;padding:2px 7px;border-radius:4px;font-weight:bold;font-size:0.85em"">Crise</span><br>depuis le 8 août 2026<br><small>Zone : Indre aval</small>",3 oct. 2026
6175801,Fouzon,36,Indre,SUP,crise,Crise,4,2026-08-08,,36-2026-08-06-00002 ,"<b>Eaux de surface</b><br><span style=""background:maroon;color:#fff;padding:2px 7px;border-radius:4px;font-weight:bold;font-size:0.85em"">Crise</span><br>depuis le 8 août 2026<br><small>Zone : Fouzon</small>",3 oct. 2026
6175808,Indre amont,36,Indre,SUP,crise,Crise,4,2026-08-08,,36-2026-08-06-00002 ,"<b>Eaux de surface</b><br><span style=""background:maroon;color:#fff;padding:2px 7px;border-radius:4px;font-weight:bold;font-size:0.85em"">Crise</span><br>depuis le 8 août 2026<br><small>Zone : Indre amont</small>",3 oct. 2026
6175809,Cher,36,Indre,SUP,crise,Crise,4,2026-08-08,,36-2026-08-06-00002 ,"<b>Eaux de surface</b><br><span style=""background:maroon;color:#fff;padding:2px 7px;border-radius:4px;font-weight:bold;font-size:0.85em"">Crise</span><br>depuis le 8 août 2026<br><small>Zone : Cher</small>",3 oct. 2026
6175810,Anglin aval,36,Indre,SUP,crise,Crise,4,2026-08-08,,36-2026-08-06-00002 ,"<b>Eaux de surface</b><br><span style=""background:maroon;color:#fff;padding:2px 7px;border-radius:4px;font-weight:bold;font-size:0.85em"">Crise</span><br>depuis le 8 août 2026<br><small>Zone : Anglin aval</small>",3 oct. 2026
6174840,OUGC Cogesteau /  Zone d'alerte : Péruse,16,Charente,SUP,crise,Crise,4,2026-09-24,2026-10-31,AP_Restrictions_BvCharente_162026092300002,"<b>Eaux de surface</b><br><span style=""background:maroon;color:#fff;padding:2px 7px;border-radius:4px;font-weight:bold;font-size:0.85em"">Crise</span><br>du 24 sept. 2026 au 31 oct. 2026<br><small>Zone : OUGC Cogesteau /  Zone d'alerte : Péruse</small>",3 oct. 2026
6174841,OUGC Karst /  Zone d'alerte : Bonnieure,16,Charente,SUP,crise,Crise,4,2026-09-24,2026-10-31,AP_Restrictions_BvCharente_162026092300002,"<b>Eaux de surface</b><br><span style=""background:maroon;color:#fff;padding:2px 7px;border-radius:4px;font-weight:bold;font-size:0.85em"">Crise</span><br>du 24 sept. 2026 au 31 oct. 2026<br><small>Zone : OUGC Karst /  Zone d'alerte : Bonnieure</small>",3 oct. 2026
6174842,OUGC Karst /  Zone d'alerte : Tardoire,16,Charente,SUP,crise,Crise,4,2026-09-24,2026-10-31,AP_Restrictions_BvCharente_162026092300002,"<b>Eaux de surface</b><br><span style=""background:maroon;color:#fff;padding:2px 7px;border-radius:4px;font-weight:bold;font-size:0.85em"">Crise</span><br>du 24 sept. 2026 au 31 oct. 2026<br><small>Zone : OUGC Karst /  Zone d'alerte : Tardoire</small>",3 oct. 2026
6174843,OUGC Saintonge /  Zone d'alerte : L'Antenne,16,Charente,SUP,crise,Crise,4,2026-09-24,2026-10-31,AP_Restrictions_BvCharente_162026092300002,"<b>Eaux de surface</b><br><span style=""background:maroon;color:#fff;padding:2px 7px;border-radius:4px;font-weight:bold;font-size:0.85em"">Crise</span><br>du 24 sept. 2026 au 31 oct. 2026<br><small>Zone : OUGC Saintonge /  Zone d'alerte : L'Antenne</small>",3 oct. 2026
6174844,OUGC Karst /  Zone d'alerte : Bandiat,16,Charente,SUP,crise,Crise,4,2026-09-24,2026-10-31,AP_Restrictions_BvCharente_162026092300002,"<b>Eaux de surface</b><br><span style=""background:maroon;color:#fff;padding:2px 7px;border-radius:4px;font-weight:bold;font-size:0.85em"">Crise</span><br>du 24 sept. 2026 au 31 oct. 2026<br><small>Zone : OUGC Karst /  Zone d'alerte : Bandiat</small>",3 oct. 2026
6174845,OUGC Cogesteau /  Zone d'alerte : Charente-Moyenne,16,Charente,SUP,crise,Crise,4,2026-09-24,2026-10-31,AP_Restrictions_BvCharente_162026092300002,"<b>Eaux de surface</b><br><span style=""background:maroon;color:#fff;padding:2px 7px;border-radius:4px;font-weight:bold;font-size:0.85em"">Crise</span><br>du 24 sept. 2026 au 31 oct. 2026<br><small>Zone : OUGC Cogesteau /  Zone d'alerte : Charente-Moyenne</small>",3 oct. 2026
6174847,OUGC Cogesteau /  Zone d'alerte : Né,16,Charente,SUP,crise,Crise,4,2026-09-24,2026-10-31,AP_Restrictions_BvCharente_162026092300002,"<b>Eaux de surface</b><br><span style=""background:maroon;color:#fff;padding:2px 7px;border-radius:4px;font-weight:bold;font-size:0.85em"">Crise</span><br>du 24 sept. 2026 au 31 oct. 2026<br><small>Zone : OUGC Cogesteau /  Zone d'alerte : Né</small>",3 oct. 2026
6175804,Creuse,36,Indre,SUP,crise,Crise,4,2026-08-08,,36-2026-08-06-00002 ,"<b>Eaux de surface</b><br><span style=""background:maroon;color:#fff;padding:2px 7px;border-radius:4px;font-weight:bold;font-size:0.85em"">Crise</span><br>depuis le 8 août 2026<br><small>Zone : Creuse</small>",3 oct. 2026
6175824,Claise,36,Indre,SUP,crise,Crise,4,2026-08-08,,36-2026-08-06-00002 ,"<b>Eaux de surface</b><br><span style=""background:maroon;color:#fff;padding:2px 7px;border-radius:4px;font-weight:bold;font-size:0.85em"">Crise</span><br>depuis le 8 août 2026<br><small>Zone : Claise</small>",3 oct. 2026
6174856,OUGC Isle-Dronne /  Zone d'alerte : La Tude,16,Charente,SUP,crise,Crise,4,2026-10-03,2026-10-31,AP_Restrictions_BvDordogne_162026093000011,"<b>Eaux de surface</b><br><span style=""background:maroon;color:#fff;padding:2px 7px;border-radius:4px;font-weight:bold;font-size:0.85em"">Crise</span><br>du 3 oct. 2026 au 31 oct. 2026<br><small>Zone : OUGC Isle-Dronne /  Zone d'alerte : La Tude</small>",3 oct. 2026
6174857,"OUGC Isle-Dronne /  Zone d'alerte : Lary, Pousonne, Palais",16,Charente,SUP,crise,Crise,4,2026-10-03,2026-10-31,AP_Restrictions_BvDordogne_162026093000011,"<b>Eaux de surface</b><br><span style=""background:maroon;color:#fff;padding:2px 7px;border-radius:4px;font-weight:bold;font-size:0.85em"">Crise</span><br>du 3 oct. 2026 au 31 oct. 2026<br><small>Zone : OUGC Isle-Dronne /  Zone d'alerte : Lary, Pousonne, Palais</small>",3 oct. 2026
6174832,OUGC Cogesteau /  Zone d'alerte : Nouère,16,Charente,SUP,crise,Crise,4,2026-09-24,2026-10-31,AP_Restrictions_BvCharente_162026092300002,"<b>Eaux de surface</b><br><span style=""background:maroon;color:#fff;padding:2px 7px;border-radius:4px;font-weight:bold;font-size:0.85em"">Crise</span><br>du 24 sept. 2026 au 31 oct. 2026<br><small>Zone : OUGC Cogesteau /  Zone d'alerte : Nouère</small>",3 oct. 2026
6175504,ILE-DE-BATZ,29,Finistère,SUP,crise,Crise,4,2026-08-07,2026-11-15,29-2026-07-02-00005,"<b>Eaux de surface</b><br><span style=""background:maroon;color:#fff;padding:2px 7px;border-radius:4px;font-weight:bold;font-size:0.85em"">Crise</span><br>du 7 août 2026 au 15 nov. 2026<br><small>Zone : ILE-DE-BATZ</small>",3 oct. 2026
6174835,OUGC Cogesteau /  Zone d'alerte : Argence,16,Charente,SUP,crise,Crise,4,2026-09-24,2026-10-31,AP_Restrictions_BvCharente_162026092300002,"<b>Eaux de surface</b><br><span style=""background:maroon;color:#fff;padding:2px 7px;border-radius:4px;font-weight:bold;font-size:0.85em"">Crise</span><br>du 24 sept. 2026 au 31 oct. 2026<br><small>Zone : OUGC Cogesteau /  Zone d'alerte : Argence</small>",3 oct. 2026
6181270,Bassin de l’Assou,81,Tarn,SUP,crise,Crise,4,2026-10-03,2026-10-31,261002,"<b>Eaux de surface</b><br><span style=""background:maroon;color:#fff;padding:2px 7px;border-radius:4px;font-weight:bold;font-size:0.85em"">Crise</span><br>du 3 oct. 2026 au 31 oct. 2026<br><small>Zone : Bassin de l’Assou</small>",3 oct. 2026
6174836,OUGC Cogesteau /  Zone d'alerte : Auge,16,Charente,SUP,crise,Crise,4,2026-09-24,2026-10-31,AP_Restrictions_BvCharente_162026092300002,"<b>Eaux de surface</b><br><span style=""background:maroon;color:#fff;padding:2px 7px;border-radius:4px;font-weight:bold;font-size:0.85em"">Crise</span><br>du 24 sept. 2026 au 31 oct. 2026<br><small>Zone : OUGC Cogesteau /  Zone d'alerte : Auge</small>",3 oct. 2026
6177304,Loire amont,45,Loiret,SUP,crise,Crise,4,2026-09-23,,DDT-SEEF-2026-210,"<b>Eaux de surface</b><br><span style=""background:maroon;color:#fff;padding:2px 7px;border-radius:4px;font-weight:bold;font-size:0.85em"">Crise</span><br>depuis le 23 sept. 2026<br><small>Zone : Loire amont</small>",3 oct. 2026
6177305,Bonnée,45,Loiret,SUP,crise,Crise,4,2026-09-23,,DDT-SEEF-2026-210,"<b>Eaux de surface</b><br><span style=""background:maroon;color:#fff;padding:2px 7px;border-radius:4px;font-weight:bold;font-size:0.85em"">Crise</span><br>depuis le 23 sept. 2026<br><small>Zone : Bonnée</small>",3 oct. 2026
6177306,Vernisson,45,Loiret,SUP,crise,Crise,4,2026-09-23,,DDT-SEEF-2026-210,"<b>Eaux de surface</b><br><span style=""background:maroon;color:#fff;padding:2px 7px;border-radius:4px;font-weight:bold;font-size:0.85em"">Crise</span><br>depuis le 23 sept. 2026<br><small>Zone : Vernisson</small>",3 oct. 2026
6177307,Bec d'Able,45,Loiret,SUP,crise,Crise,4,2026-09-23,,DDT-SEEF-2026-210,"<b>Eaux de surface</b><br><span style=""background:maroon;color:#fff;padding:2px 7px;border-radius:4px;font-weight:bold;font-size:0.85em"">Crise</span><br>depuis le 23 sept. 2026<br><small>Zone : Bec d'Able</small>",3 oct. 2026
6177309,Ardoux,45,Loiret,SUP,crise,Crise,4,2026-09-23,,DDT-SEEF-2026-210,"<b>Eaux de surface</b><br><span style=""background:maroon;color:#fff;padding:2px 7px;border-radius:4px;font-weight:bold;font-size:0.85em"">Crise</span><br>depuis le 23 sept. 2026<br><small>Zone : Ardoux</small>",3 oct. 2026
6174850,BV Vienne /  Zone d'alerte : Goire,16,Charente,SUP,crise,Crise,4,2026-09-18,2026-10-31,AP_Restrictions_BvVienne_162026091700004,"<b>Eaux de surface</b><br><span style=""background:maroon;color:#fff;padding:2px 7px;border-radius:4px;font-weight:bold;font-size:0.85em"">Crise</span><br>du 18 sept. 2026 au 31 oct. 2026<br><small>Zone : BV Vienne /  Zone d'alerte : Goire</small>",3 oct. 2026
6174851,BV Vienne /  Zone d'alerte : Issoire-Blourde,16,Charente,SUP,crise,Crise,4,2026-09-18,2026-10-31,AP_Restrictions_BvVienne_162026091700004,"<b>Eaux de surface</b><br><span style=""background:maroon;color:#fff;padding:2px 7px;border-radius:4px;font-weight:bold;font-size:0.85em"">Crise</span><br>du 18 sept. 2026 au 31 oct. 2026<br><small>Zone : BV Vienne /  Zone d'alerte : Issoire-Blourde</small>",3 oct. 2026
6174852,BV Vienne /  Zone d'alerte : Vienne-Amont,16,Charente,SUP,crise,Crise,4,2026-09-18,2026-10-31,AP_Restrictions_BvVienne_162026091700004,"<b>Eaux de surface</b><br><span style=""background:maroon;color:#fff;padding:2px 7px;border-radius:4px;font-weight:bold;font-size:0.85em"">Crise</span><br>du 18 sept. 2026 au 31 oct. 2026<br><small>Zone : BV Vienne /  Zone d'alerte : Vienne-Amont</small>",3 oct. 2026
6175509,ILE-DE-SEIN,29,Finistère,SUP,crise,Crise,4,2026-08-07,2026-11-15,29-2026-07-02-00005,"<b>Eaux de surface</b><br><span style=""background:maroon;color:#fff;padding:2px 7px;border-radius:4px;font-weight:bold;font-size:0.85em"">Crise</span><br>du 7 août 2026 au 15 nov. 2026<br><small>Zone : ILE-DE-SEIN</small>",3 oct. 2026
6174854,OUGC Isle-Dronne /  Zone d'alerte : L'Auzonne,16,Charente,SUP,crise,Crise,4,2026-10-03,2026-10-31,AP_Restrictions_BvDordogne_162026093000011,"<b>Eaux de surface</b><br><span style=""background:maroon;color:#fff;padding:2px 7px;border-radius:4px;font-weight:bold;font-size:0.85em"">Crise</span><br>du 3 oct. 2026 au 31 oct. 2026<br><small>Zone : OUGC Isle-Dronne /  Zone d'alerte : L'Auzonne</small>",3 oct. 2026
6175510,ILE-MOLENE,29,Finistère,SUP,crise,Crise,4,2026-08-07,2026-11-15,29-2026-07-02-00005,"<b>Eaux de surface</b><br><span style=""background:maroon;color:#fff;padding:2px 7px;border-radius:4px;font-weight:bold;font-size:0.85em"">Crise</span><br>du 7 août 2026 au 15 nov. 2026<br><small>Zone : ILE-MOLENE</small>",3 oct. 2026
6174888,Bassin de Charente-aval,17,Charente-Maritime,SUP,crise,Crise,4,2026-09-18,2026-10-31,26B599 Charente,"<b>Eaux de surface</b><br><span style=""background:maroon;color:#fff;padding:2px 7px;border-radius:4px;font-weight:bold;font-size:0.85em"">Crise</span><br>du 18 sept. 2026 au 31 oct. 2026<br><small>Zone : Bassin de Charente-aval</small>",3 oct. 2026
6174889,Bassin de l'Antenne-Rouzille,17,Charente-Maritime,SUP,crise,Crise,4,2026-09-18,2026-10-31,26B599 Charente,"<b>Eaux de surface</b><br><span style=""background:maroon;color:#fff;padding:2px 7px;border-radius:4px;font-weight:bold;font-size:0.85em"">Crise</span><br>du 18 sept. 2026 au 31 oct. 2026<br><small>Zone : Bassin de l'Antenne-Rouzille</small>",3 oct. 2026
6177270,La Loire,45,Loiret,SUP,crise,Crise,4,2026-09-23,,DDT-SEEF-2026-210,"<b>Eaux de surface</b><br><span style=""background:maroon;color:#fff;padding:2px 7px;border-radius:4px;font-weight:bold;font-size:0.85em"">Crise</span><br>depuis le 23 sept. 2026<br><small>Zone : La Loire</small>",3 oct. 2026
6177277,Fusain,45,Loiret,SUP,crise,Crise,4,2026-09-23,,DDT-SEEF-2026-210,"<b>Eaux de surface</b><br><span style=""background:maroon;color:#fff;padding:2px 7px;border-radius:4px;font-weight:bold;font-size:0.85em"">Crise</span><br>depuis le 23 sept. 2026<br><small>Zone : Fusain</small>",3 oct. 2026
6177290,Milleron,45,Loiret,SUP,crise,Crise,4,2026-09-23,,DDT-SEEF-2026-210,"<b>Eaux de surface</b><br><span style=""background:maroon;color:#fff;padding:2px 7px;border-radius:4px;font-weight:bold;font-size:0.85em"">Crise</span><br>depuis le 23 sept. 2026<br><small>Zone : Milleron</small>",3 oct. 2026
6177296,Bezonde,45,Loiret,SUP,crise,Crise,4,2026-09-23,,DDT-SEEF-2026-210,"<b>Eaux de surface</b><br><span style=""background:maroon;color:#fff;padding:2px 7px;border-radius:4px;font-weight:bold;font-size:0.85em"">Crise</span><br>depuis le 23 sept. 2026<br><small>Zone : Bezonde</small>",3 oct. 2026
6177297,Ru de Pont Chevron,45,Loiret,SUP,crise,Crise,4,2026-09-23,,DDT-SEEF-2026-210,"<b>Eaux de surface</b><br><span style=""background:maroon;color:#fff;padding:2px 7px;border-radius:4px;font-weight:bold;font-size:0.85em"">Crise</span><br>depuis le 23 sept. 2026<br><small>Zone : Ru de Pont Chevron</small>",3 oct. 2026
6181278,Bassin du Girou,81,Tarn,SUP,crise,Crise,4,2026-10-03,2026-10-31,261002,"<b>Eaux de surface</b><br><span style=""background:maroon;color:#fff;padding:2px 7px;border-radius:4px;font-weight:bold;font-size:0.85em"">Crise</span><br>du 3 oct. 2026 au 31 oct. 2026<br><small>Zone : Bassin du Girou</small>",3 oct. 2026
6181305,"Le Tescou de sa source à la confluence avec le Tescounet, Tescounet de sa source au Thérondel et tous les affluents du Tescou et du Tescounet",81,Tarn,SUP,crise,Crise,4,2026-10-03,2026-10-31,261002,"<b>Eaux de surface</b><br><span style=""background:maroon;color:#fff;padding:2px 7px;border-radius:4px;font-weight:bold;font-size:0.85em"">Crise</span><br>du 3 oct. 2026 au 31 oct. 2026<br><small>Zone : Le Tescou de sa source à la confluence avec le Tescounet, Tescounet de sa source au Thérondel et tous les affluents du Tescou et du Tescounet</small>",3 oct. 2026
6181307,Bassin du Rance,81,Tarn,SUP,crise,Crise,4,2026-10-03,2026-10-31,261002,"<b>Eaux de surface</b><br><span style=""background:maroon;color:#fff;padding:2px 7px;border-radius:4px;font-weight:bold;font-size:0.85em"">Crise</span><br>du 3 oct. 2026 au 31 oct. 2026<br><small>Zone : Bassin du Rance</small>",3 oct. 2026
6181310,Le Dadou amont de sa source à Rassisse et tous les affluents du Dadou à l’exception de l’Agros et de l’Assou,81,Tarn,SUP,crise,Crise,4,2026-10-03,2026-10-31,261002,"<b>Eaux de surface</b><br><span style=""background:maroon;color:#fff;padding:2px 7px;border-radius:4px;font-weight:bold;font-size:0.85em"">Crise</span><br>du 3 oct. 2026 au 31 oct. 2026<br><small>Zone : Le Dadou amont de sa source à Rassisse et tous les affluents du Dadou à l’exception de l’Agros et de l’Assou</small>",3 oct. 2026
6181319,Affluents du Viaur,81,Tarn,SUP,crise,Crise,4,2026-10-03,2026-10-31,261002,"<b>Eaux de surface</b><br><span style=""background:maroon;color:#fff;padding:2px 7px;border-radius:4px;font-weight:bold;font-size:0.85em"">Crise</span><br>du 3 oct. 2026 au 31 oct. 2026<br><small>Zone : Affluents du Viaur</small>",3 oct. 2026
6177299,Solin,45,Loiret,SUP,crise,Crise,4,2026-09-23,,DDT-SEEF-2026-210,"<b>Eaux de surface</b><br><span style=""background:maroon;color:#fff;padding:2px 7px;border-radius:4px;font-weight:bold;font-size:0.85em"">Crise</span><br>depuis le 23 sept. 2026<br><small>Zone : Solin</small>",3 oct. 2026
6177301,Sange,45,Loiret,SUP,crise,Crise,4,2026-09-23,,DDT-SEEF-2026-210,"<b>Eaux de surface</b><br><span style=""background:maroon;color:#fff;padding:2px 7px;border-radius:4px;font-weight:bold;font-size:0.85em"">Crise</span><br>depuis le 23 sept. 2026<br><small>Zone : Sange</small>",3 oct. 2026
6177303,Puiseaux,45,Loiret,SUP,crise,Crise,4,2026-09-23,,DDT-SEEF-2026-210,"<b>Eaux de surface</b><br><span style=""background:maroon;color:#fff;padding:2px 7px;border-radius:4px;font-weight:bold;font-size:0.85em"">Crise</span><br>depuis le 23 sept. 2026<br><small>Zone : Puiseaux</small>",3 oct. 2026
6175557,Zone hydrographique Plaine Orientale,2B,Haute-Corse,SUP,crise,Crise,4,2026-09-18,,2B-2026-09-18-00002,"<b>Eaux de surface</b><br><span style=""background:maroon;color:#fff;padding:2px 7px;border-radius:4px;font-weight:bold;font-size:0.85em"">Crise</span><br>depuis le 18 sept. 2026<br><small>Zone : Zone hydrographique Plaine Orientale</small>",3 oct. 2026
6175805,Anglin amont,36,Indre,SUP,crise,Crise,4,2026-08-08,,36-2026-08-06-00002 ,"<b>Eaux de surface</b><br><span style=""background:maroon;color:#fff;padding:2px 7px;border-radius:4px;font-weight:bold;font-size:0.85em"">Crise</span><br>depuis le 8 août 2026<br><small>Zone : Anglin amont</small>",3 oct. 2026
6175814,Arnon,36,Indre,SUP,crise,Crise,4,2026-08-08,,36-2026-08-06-00002 ,"<b>Eaux de surface</b><br><span style=""background:maroon;color:#fff;padding:2px 7px;border-radius:4px;font-weight:bold;font-size:0.85em"">Crise</span><br>depuis le 8 août 2026<br><small>Zone : Arnon</small>",3 oct. 2026
6174861,Marais Sèvre Niortaise,17,Charente-Maritime,SUP,crise,Crise,4,2026-09-18,2026-10-31,26EB600 Marais Poitevin,"<b>Eaux de surface</b><br><span style=""background:maroon;color:#fff;padding:2px 7px;border-radius:4px;font-weight:bold;font-size:0.85em"">Crise</span><br>du 18 sept. 2026 au 31 oct. 2026<br><small>Zone : Marais Sèvre Niortaise</small>",3 oct. 2026
6174865,Bassin du Curé - Sèvre Niortaise,17,Charente-Maritime,SUP,crise,Crise,4,2026-09-18,2026-10-31,26EB600 Marais Poitevin,"<b>Eaux de surface</b><br><span style=""background:maroon;color:#fff;padding:2px 7px;border-radius:4px;font-weight:bold;font-size:0.85em"">Crise</span><br>du 18 sept. 2026 au 31 oct. 2026<br><small>Zone : Bassin du Curé - Sèvre Niortaise</small>",3 oct. 2026
6174867,Marais Nord Aunis,17,Charente-Maritime,SUP,crise,Crise,4,2026-09-18,2026-10-31,26EB600 Marais Poitevin,"<b>Eaux de surface</b><br><span style=""background:maroon;color:#fff;padding:2px 7px;border-radius:4px;font-weight:bold;font-size:0.85em"">Crise</span><br>du 18 sept. 2026 au 31 oct. 2026<br><small>Zone : Marais Nord Aunis</small>",3 oct. 2026
6174897,Bassin d'Isle bassin aval (Lary-Palais),17,Charente-Maritime,SUP,crise,Crise,4,2026-10-03,2026-10-31,26EB631 Dordogne,"<b>Eaux de surface</b><br><span style=""background:maroon;color:#fff;padding:2px 7px;border-radius:4px;font-weight:bold;font-size:0.85em"">Crise</span><br>du 3 oct. 2026 au 31 oct. 2026<br><small>Zone : Bassin d'Isle bassin aval (Lary-Palais)</small>",3 oct. 2026
6175574,Vidourle,30,Gard,SUP,crise,Crise,4,2026-08-21,2026-10-31,30-2026-08-21-00001,"<b>Eaux de surface</b><br><span style=""background:maroon;color:#fff;padding:2px 7px;border-radius:4px;font-weight:bold;font-size:0.85em"">Crise</span><br>du 21 août 2026 au 31 oct. 2026<br><small>Zone : Vidourle</small>",3 oct. 2026
6175579,Herault,30,Gard,SUP,crise,Crise,4,2026-08-21,2026-10-31,30-2026-08-21-00001,"<b>Eaux de surface</b><br><span style=""background:maroon;color:#fff;padding:2px 7px;border-radius:4px;font-weight:bold;font-size:0.85em"">Crise</span><br>du 21 août 2026 au 31 oct. 2026<br><small>Zone : Herault</small>",3 oct. 2026
6175569,"Cèze amont (de source à la confluence Tave jusqu'à la confluence avec la Claysse, ruisseau de la Clays)",30,Gard,SUP,crise,Crise,4,2026-08-21,2026-10-31,30-2026-08-21-00001,"<b>Eaux de surface</b><br><span style=""background:maroon;color:#fff;padding:2px 7px;border-radius:4px;font-weight:bold;font-size:0.85em"">Crise</span><br>du 21 août 2026 au 31 oct. 2026<br><small>Zone : Cèze amont (de source à la confluence Tave jusqu'à la confluence avec la Claysse, ruisseau de la Clays)</small>",3 oct. 2026
6175570,Gardon amont (de ses sources à la prise d'eau du canal de boucoiran au niveau du pont de la RN 106),30,Gard,SUP,crise,Crise,4,2026-08-21,2026-10-31,30-2026-08-21-00001,"<b>Eaux de surface</b><br><span style=""background:maroon;color:#fff;padding:2px 7px;border-radius:4px;font-weight:bold;font-size:0.85em"">Crise</span><br>du 21 août 2026 au 31 oct. 2026<br><small>Zone : Gardon amont (de ses sources à la prise d'eau du canal de boucoiran au niveau du pont de la RN 106)</small>",3 oct. 2026
6175826,Modon,36,Indre,SUP,crise,Crise,4,2026-08-08,,36-2026-08-06-00002 ,"<b>Eaux de surface</b><br><span style=""background:maroon;color:#fff;padding:2px 7px;border-radius:4px;font-weight:bold;font-size:0.85em"">Crise</span><br>depuis le 8 août 2026<br><small>Zone : Modon</small>",3 oct. 2026
6177365,Le Vert Aval - La Masse,46,Lot,SUP,crise,Crise,4,2026-10-03,2026-10-31,AP_E_2026_273,"<b>Eaux de surface</b><br><span style=""background:maroon;color:#fff;padding:2px 7px;border-radius:4px;font-weight:bold;font-size:0.85em"">Crise</span><br>du 3 oct. 2026 au 31 oct. 2026<br><small>Zone : Le Vert Aval - La Masse</small>",3 oct. 2026
6177367,La Lère,46,Lot,SUP,crise,Crise,4,2026-10-03,2026-10-31,AP_E_2026_273,"<b>Eaux de surface</b><br><span style=""background:maroon;color:#fff;padding:2px 7px;border-radius:4px;font-weight:bold;font-size:0.85em"">Crise</span><br>du 3 oct. 2026 au 31 oct. 2026<br><small>Zone : La Lère</small>",3 oct. 2026
6174895,Bassin du Né,17,Charente-Maritime,SUP,crise,Crise,4,2026-09-18,2026-10-31,26B599 Charente,"<b>Eaux de surface</b><br><span style=""background:maroon;color:#fff;padding:2px 7px;border-radius:4px;font-weight:bold;font-size:0.85em"">Crise</span><br>du 18 sept. 2026 au 31 oct. 2026<br><small>Zone : Bassin du Né</small>",3 oct. 2026
6177372,La Petite Barguelonne,46,Lot,SUP,crise,Crise,4,2026-10-03,2026-10-31,AP_E_2026_273,"<b>Eaux de surface</b><br><span style=""background:maroon;color:#fff;padding:2px 7px;border-radius:4px;font-weight:bold;font-size:0.85em"">Crise</span><br>du 3 oct. 2026 au 31 oct. 2026<br><small>Zone : La Petite Barguelonne</small>",3 oct. 2026
6177373,Le Lendou,46,Lot,SUP,crise,Crise,4,2026-10-03,2026-10-31,AP_E_2026_273,"<b>Eaux de surface</b><br><span style=""background:maroon;color:#fff;padding:2px 7px;border-radius:4px;font-weight:bold;font-size:0.85em"">Crise</span><br>du 3 oct. 2026 au 31 oct. 2026<br><small>Zone : Le Lendou</small>",3 oct. 2026
6181276,Affluents du Tarn moyen du Rance à la confluence avec l’Agout,81,Tarn,SUP,crise,Crise,4,2026-10-03,2026-10-31,261002,"<b>Eaux de surface</b><br><span style=""background:maroon;color:#fff;padding:2px 7px;border-radius:4px;font-weight:bold;font-size:0.85em"">Crise</span><br>du 3 oct. 2026 au 31 oct. 2026<br><small>Zone : Affluents du Tarn moyen du Rance à la confluence avec l’Agout</small>",3 oct. 2026
6181279,Bassin de l’Agros,81,Tarn,SUP,crise,Crise,4,2026-10-03,2026-10-31,261002,"<b>Eaux de surface</b><br><span style=""background:maroon;color:#fff;padding:2px 7px;border-radius:4px;font-weight:bold;font-size:0.85em"">Crise</span><br>du 3 oct. 2026 au 31 oct. 2026<br><small>Zone : Bassin de l’Agros</small>",3 oct. 2026
6177375,La Séoune,46,Lot,SUP,crise,Crise,4,2026-10-03,2026-10-31,AP_E_2026_273,"<b>Eaux de surface</b><br><span style=""background:maroon;color:#fff;padding:2px 7px;border-radius:4px;font-weight:bold;font-size:0.85em"">Crise</span><br>du 3 oct. 2026 au 31 oct. 2026<br><small>Zone : La Séoune</small>",3 oct. 2026
6175611,Système Neste,31,Haute-Garonne,SUP,crise,Crise,4,2026-10-03,2026-10-31,Arrêté entrant en vigueur le 03/10/2026,"<b>Eaux de surface</b><br><span style=""background:maroon;color:#fff;padding:2px 7px;border-radius:4px;font-weight:bold;font-size:0.85em"">Crise</span><br>du 3 oct. 2026 au 31 oct. 2026<br><small>Zone : Système Neste</small>",3 oct. 2026
6175613,Garonne médiane,31,Haute-Garonne,SUP,crise,Crise,4,2026-10-03,2026-10-31,Arrêté entrant en vigueur le 03/10/2026,"<b>Eaux de surface</b><br><span style=""background:maroon;color:#fff;padding:2px 7px;border-radius:4px;font-weight:bold;font-size:0.85em"">Crise</span><br>du 3 oct. 2026 au 31 oct. 2026<br><small>Zone : Garonne médiane</small>",3 oct. 2026
6181281,Le Thoré amont de sa source à la confluence avec l’Arn et tous les affluents du Thoré et l’Arn et ses affluents de sa source aux Saints-Peyres,81,Tarn,SUP,crise,Crise,4,2026-10-03,2026-10-31,261002,"<b>Eaux de surface</b><br><span style=""background:maroon;color:#fff;padding:2px 7px;border-radius:4px;font-weight:bold;font-size:0.85em"">Crise</span><br>du 3 oct. 2026 au 31 oct. 2026<br><small>Zone : Le Thoré amont de sa source à la confluence avec l’Arn et tous les affluents du Thoré et l’Arn et ses affluents de sa source aux Saints-Peyres</small>",3 oct. 2026
6181282,Bassin de la Durenque,81,Tarn,SUP,crise,Crise,4,2026-10-03,2026-10-31,261002,"<b>Eaux de surface</b><br><span style=""background:maroon;color:#fff;padding:2px 7px;border-radius:4px;font-weight:bold;font-size:0.85em"">Crise</span><br>du 3 oct. 2026 au 31 oct. 2026<br><small>Zone : Bassin de la Durenque</small>",3 oct. 2026
6181284,Affluents de l’Agout moyen de la Raviège à la confluence avec le Thoré en excluant la Durenque,81,Tarn,SUP,crise,Crise,4,2026-10-03,2026-10-31,261002,"<b>Eaux de surface</b><br><span style=""background:maroon;color:#fff;padding:2px 7px;border-radius:4px;font-weight:bold;font-size:0.85em"">Crise</span><br>du 3 oct. 2026 au 31 oct. 2026<br><small>Zone : Affluents de l’Agout moyen de la Raviège à la confluence avec le Thoré en excluant la Durenque</small>",3 oct. 2026
6181287,Bassin de l’Ardial (En Guibaud),81,Tarn,SUP,crise,Crise,4,2026-10-03,2026-10-31,261002,"<b>Eaux de surface</b><br><span style=""background:maroon;color:#fff;padding:2px 7px;border-radius:4px;font-weight:bold;font-size:0.85em"">Crise</span><br>du 3 oct. 2026 au 31 oct. 2026<br><small>Zone : Bassin de l’Ardial (En Guibaud)</small>",3 oct. 2026
6181304,La Vère en aval de Fourogue,81,Tarn,SUP,crise,Crise,4,2026-10-03,2026-10-31,261002,"<b>Eaux de surface</b><br><span style=""background:maroon;color:#fff;padding:2px 7px;border-radius:4px;font-weight:bold;font-size:0.85em"">Crise</span><br>du 3 oct. 2026 au 31 oct. 2026<br><small>Zone : La Vère en aval de Fourogue</small>",3 oct. 2026
6181332,Bassin du Bagas,81,Tarn,SUP,crise,Crise,4,2026-10-03,2026-10-31,261002,"<b>Eaux de surface</b><br><span style=""background:maroon;color:#fff;padding:2px 7px;border-radius:4px;font-weight:bold;font-size:0.85em"">Crise</span><br>du 3 oct. 2026 au 31 oct. 2026<br><small>Zone : Bassin du Bagas</small>",3 oct. 2026
6181342,Bassin du Bernazobre,81,Tarn,SUP,crise,Crise,4,2026-10-03,2026-10-31,261002,"<b>Eaux de surface</b><br><span style=""background:maroon;color:#fff;padding:2px 7px;border-radius:4px;font-weight:bold;font-size:0.85em"">Crise</span><br>du 3 oct. 2026 au 31 oct. 2026<br><small>Zone : Bassin du Bernazobre</small>",3 oct. 2026
6181343,Le Cérou de sa source à Saint-Géraud et tous les affluents du Cérou,81,Tarn,SUP,crise,Crise,4,2026-10-03,2026-10-31,261002,"<b>Eaux de surface</b><br><span style=""background:maroon;color:#fff;padding:2px 7px;border-radius:4px;font-weight:bold;font-size:0.85em"">Crise</span><br>du 3 oct. 2026 au 31 oct. 2026<br><small>Zone : Le Cérou de sa source à Saint-Géraud et tous les affluents du Cérou</small>",3 oct. 2026
6175615,Bassin du Ger,31,Haute-Garonne,SUP,crise,Crise,4,2026-10-03,2026-10-31,Arrêté entrant en vigueur le 03/10/2026,"<b>Eaux de surface</b><br><span style=""background:maroon;color:#fff;padding:2px 7px;border-radius:4px;font-weight:bold;font-size:0.85em"">Crise</span><br>du 3 oct. 2026 au 31 oct. 2026<br><small>Zone : Bassin du Ger</small>",3 oct. 2026
6181344,La Vère de sa source à Fourogue et tous les affluents de la Vère,81,Tarn,SUP,crise,Crise,4,2026-10-03,2026-10-31,261002,"<b>Eaux de surface</b><br><span style=""background:maroon;color:#fff;padding:2px 7px;border-radius:4px;font-weight:bold;font-size:0.85em"">Crise</span><br>du 3 oct. 2026 au 31 oct. 2026<br><small>Zone : La Vère de sa source à Fourogue et tous les affluents de la Vère</small>",3 oct. 2026
6175617,Secteur rive droite Garonne des petits cours d'eau non réalimentés non instrumentés,31,Haute-Garonne,SUP,crise,Crise,4,2026-10-03,2026-10-31,Arrêté entrant en vigueur le 03/10/2026,"<b>Eaux de surface</b><br><span style=""background:maroon;color:#fff;padding:2px 7px;border-radius:4px;font-weight:bold;font-size:0.85em"">Crise</span><br>du 3 oct. 2026 au 31 oct. 2026<br><small>Zone : Secteur rive droite Garonne des petits cours d'eau non réalimentés non instrumentés</small>",3 oct. 2026
6181347,Zone 56 - PETITE BARGUELONNE,82,Tarn-et-Garonne,SUP,crise,Crise,4,2026-09-12,,82-2026-09-11-00002,"<b>Eaux de surface</b><br><span style=""background:maroon;color:#fff;padding:2px 7px;border-radius:4px;font-weight:bold;font-size:0.85em"">Crise</span><br>depuis le 12 sept. 2026<br><small>Zone : Zone 56 - PETITE BARGUELONNE</small>",3 oct. 2026
6175623,Système canal de Saint-Martory,31,Haute-Garonne,SUP,crise,Crise,4,2026-10-03,2026-10-31,Arrêté entrant en vigueur le 03/10/2026,"<b>Eaux de surface</b><br><span style=""background:maroon;color:#fff;padding:2px 7px;border-radius:4px;font-weight:bold;font-size:0.85em"">Crise</span><br>du 3 oct. 2026 au 31 oct. 2026<br><small>Zone : Système canal de Saint-Martory</small>",3 oct. 2026
6175626,Secteur rive gauche Garonne des petits cours d'eau non réalimentés non instrumentés,31,Haute-Garonne,SUP,crise,Crise,4,2026-10-03,2026-10-31,Arrêté entrant en vigueur le 03/10/2026,"<b>Eaux de surface</b><br><span style=""background:maroon;color:#fff;padding:2px 7px;border-radius:4px;font-weight:bold;font-size:0.85em"">Crise</span><br>du 3 oct. 2026 au 31 oct. 2026<br><small>Zone : Secteur rive gauche Garonne des petits cours d'eau non réalimentés non instrumentés</small>",3 oct. 2026
6177390,Les affluents de la Dordogne - Rive Gauche,46,Lot,SUP,crise,Crise,4,2026-10-03,2026-10-31,AP_E_2026_273,"<b>Eaux de surface</b><br><span style=""background:maroon;color:#fff;padding:2px 7px;border-radius:4px;font-weight:bold;font-size:0.85em"">Crise</span><br>du 3 oct. 2026 au 31 oct. 2026<br><small>Zone : Les affluents de la Dordogne - Rive Gauche</small>",3 oct. 2026
6177357,La Sourdoire,46,Lot,SUP,crise,Crise,4,2026-10-03,2026-10-31,AP_E_2026_273,"<b>Eaux de surface</b><br><span style=""background:maroon;color:#fff;padding:2px 7px;border-radius:4px;font-weight:bold;font-size:0.85em"">Crise</span><br>du 3 oct. 2026 au 31 oct. 2026<br><small>Zone : La Sourdoire</small>",3 oct. 2026
6181999,Bassins du Réveillon et du Morbras,94,Val-de-Marne,SUP,crise,Crise,4,2026-07-06,2026-10-31,2026/02562,"<b>Eaux de surface</b><br><span style=""background:maroon;color:#fff;padding:2px 7px;border-radius:4px;font-weight:bold;font-size:0.85em"">Crise</span><br>du 6 juil. 2026 au 31 oct. 2026<br><small>Zone : Bassins du Réveillon et du Morbras</small>",3 oct. 2026
6181372,Zone 84 - GIMONE  AFFLUENTS,82,Tarn-et-Garonne,SUP,crise,Crise,4,2026-09-12,,82-2026-09-11-00002,"<b>Eaux de surface</b><br><span style=""background:maroon;color:#fff;padding:2px 7px;border-radius:4px;font-weight:bold;font-size:0.85em"">Crise</span><br>depuis le 12 sept. 2026<br><small>Zone : Zone 84 - GIMONE  AFFLUENTS</small>",3 oct. 2026
6181412,Zone 59 - GARONNE AFFLUENTS,82,Tarn-et-Garonne,SUP,crise,Crise,4,2026-09-12,,82-2026-09-11-00002,"<b>Eaux de surface</b><br><span style=""background:maroon;color:#fff;padding:2px 7px;border-radius:4px;font-weight:bold;font-size:0.85em"">Crise</span><br>depuis le 12 sept. 2026<br><small>Zone : Zone 59 - GARONNE AFFLUENTS</small>",3 oct. 2026
6175616,Ruisseau de Maudan,31,Haute-Garonne,SUP,crise,Crise,4,2026-10-03,2026-10-31,Arrêté entrant en vigueur le 03/10/2026,"<b>Eaux de surface</b><br><span style=""background:maroon;color:#fff;padding:2px 7px;border-radius:4px;font-weight:bold;font-size:0.85em"">Crise</span><br>du 3 oct. 2026 au 31 oct. 2026<br><small>Zone : Ruisseau de Maudan</small>",3 oct. 2026
6181375,Zone 29 - AVEYRON AFFLUENTS,82,Tarn-et-Garonne,SUP,crise,Crise,4,2026-09-12,,82-2026-09-11-00002,"<b>Eaux de surface</b><br><span style=""background:maroon;color:#fff;padding:2px 7px;border-radius:4px;font-weight:bold;font-size:0.85em"">Crise</span><br>depuis le 12 sept. 2026<br><small>Zone : Zone 29 - AVEYRON AFFLUENTS</small>",3 oct. 2026
6175600,Tescou,31,Haute-Garonne,SUP,crise,Crise,4,2026-10-03,2026-10-31,Arrêté entrant en vigueur le 03/10/2026,"<b>Eaux de surface</b><br><span style=""background:maroon;color:#fff;padding:2px 7px;border-radius:4px;font-weight:bold;font-size:0.85em"">Crise</span><br>du 3 oct. 2026 au 31 oct. 2026<br><small>Zone : Tescou</small>",3 oct. 2026
6177360,La Tourmente,46,Lot,SUP,crise,Crise,4,2026-10-03,2026-10-31,AP_E_2026_273,"<b>Eaux de surface</b><br><span style=""background:maroon;color:#fff;padding:2px 7px;border-radius:4px;font-weight:bold;font-size:0.85em"">Crise</span><br>du 3 oct. 2026 au 31 oct. 2026<br><small>Zone : La Tourmente</small>",3 oct. 2026
6175601,Aussonnelle,31,Haute-Garonne,SUP,crise,Crise,4,2026-10-03,2026-10-31,Arrêté entrant en vigueur le 03/10/2026,"<b>Eaux de surface</b><br><span style=""background:maroon;color:#fff;padding:2px 7px;border-radius:4px;font-weight:bold;font-size:0.85em"">Crise</span><br>du 3 oct. 2026 au 31 oct. 2026<br><small>Zone : Aussonnelle</small>",3 oct. 2026
6175602,Secteur sud du département des petits cours d'eau non réalimentés non instrumentés,31,Haute-Garonne,SUP,crise,Crise,4,2026-10-03,2026-10-31,Arrêté entrant en vigueur le 03/10/2026,"<b>Eaux de surface</b><br><span style=""background:maroon;color:#fff;padding:2px 7px;border-radius:4px;font-weight:bold;font-size:0.85em"">Crise</span><br>du 3 oct. 2026 au 31 oct. 2026<br><small>Zone : Secteur sud du département des petits cours d'eau non réalimentés non instrumentés</small>",3 oct. 2026
6175604,Bassin de l'Arbas,31,Haute-Garonne,SUP,crise,Crise,4,2026-10-03,2026-10-31,Arrêté entrant en vigueur le 03/10/2026,"<b>Eaux de surface</b><br><span style=""background:maroon;color:#fff;padding:2px 7px;border-radius:4px;font-weight:bold;font-size:0.85em"">Crise</span><br>du 3 oct. 2026 au 31 oct. 2026<br><small>Zone : Bassin de l'Arbas</small>",3 oct. 2026
6175606,Garonne amont,31,Haute-Garonne,SUP,crise,Crise,4,2026-10-03,2026-10-31,Arrêté entrant en vigueur le 03/10/2026,"<b>Eaux de surface</b><br><span style=""background:maroon;color:#fff;padding:2px 7px;border-radius:4px;font-weight:bold;font-size:0.85em"">Crise</span><br>du 3 oct. 2026 au 31 oct. 2026<br><small>Zone : Garonne amont</small>",3 oct. 2026
6175608,Aussoue,31,Haute-Garonne,SUP,crise,Crise,4,2026-10-03,2026-10-31,Arrêté entrant en vigueur le 03/10/2026,"<b>Eaux de surface</b><br><span style=""background:maroon;color:#fff;padding:2px 7px;border-radius:4px;font-weight:bold;font-size:0.85em"">Crise</span><br>du 3 oct. 2026 au 31 oct. 2026<br><small>Zone : Aussoue</small>",3 oct. 2026
6175609,Bassin du Salat,31,Haute-Garonne,SUP,crise,Crise,4,2026-10-03,2026-10-31,Arrêté entrant en vigueur le 03/10/2026,"<b>Eaux de surface</b><br><span style=""background:maroon;color:#fff;padding:2px 7px;border-radius:4px;font-weight:bold;font-size:0.85em"">Crise</span><br>du 3 oct. 2026 au 31 oct. 2026<br><small>Zone : Bassin du Salat</small>",3 oct. 2026
6175614,Bassin du Volp,31,Haute-Garonne,SUP,crise,Crise,4,2026-10-03,2026-10-31,Arrêté entrant en vigueur le 03/10/2026,"<b>Eaux de surface</b><br><span style=""background:maroon;color:#fff;padding:2px 7px;border-radius:4px;font-weight:bold;font-size:0.85em"">Crise</span><br>du 3 oct. 2026 au 31 oct. 2026<br><small>Zone : Bassin du Volp</small>",3 oct. 2026
6175676,Bassin versant de l'Adour non réalimenté,32,Gers,SUP,crise,Crise,4,2026-10-03,2026-10-31,32-2026-09-xx-0000x_MN_Adour,"<b>Eaux de surface</b><br><span style=""background:maroon;color:#fff;padding:2px 7px;border-radius:4px;font-weight:bold;font-size:0.85em"">Crise</span><br>du 3 oct. 2026 au 31 oct. 2026<br><small>Zone : Bassin versant de l'Adour non réalimenté</small>",3 oct. 2026
6175678,Rivière les Lées réalimentées,32,Gers,SUP,crise,Crise,4,2026-10-03,2026-10-31,32-2026-09-xx-0000x_MN_Adour,"<b>Eaux de surface</b><br><span style=""background:maroon;color:#fff;padding:2px 7px;border-radius:4px;font-weight:bold;font-size:0.85em"">Crise</span><br>du 3 oct. 2026 au 31 oct. 2026<br><small>Zone : Rivière les Lées réalimentées</small>",3 oct. 2026
6175679,Bassin versant de la Douze non réalimenté,32,Gers,SUP,crise,Crise,4,2026-10-03,2026-10-31,32-2026-09-xx-0000x_MN_Adour,"<b>Eaux de surface</b><br><span style=""background:maroon;color:#fff;padding:2px 7px;border-radius:4px;font-weight:bold;font-size:0.85em"">Crise</span><br>du 3 oct. 2026 au 31 oct. 2026<br><small>Zone : Bassin versant de la Douze non réalimenté</small>",3 oct. 2026
6177379,La Germaine - La Marcillande - Le Lizabel,46,Lot,SUP,crise,Crise,4,2026-10-03,2026-10-31,AP_E_2026_273,"<b>Eaux de surface</b><br><span style=""background:maroon;color:#fff;padding:2px 7px;border-radius:4px;font-weight:bold;font-size:0.85em"">Crise</span><br>du 3 oct. 2026 au 31 oct. 2026<br><small>Zone : La Germaine - La Marcillande - Le Lizabel</small>",3 oct. 2026
6177382,La Lupte - Lembous,46,Lot,SUP,crise,Crise,4,2026-10-03,2026-10-31,AP_E_2026_273,"<b>Eaux de surface</b><br><span style=""background:maroon;color:#fff;padding:2px 7px;border-radius:4px;font-weight:bold;font-size:0.85em"">Crise</span><br>du 3 oct. 2026 au 31 oct. 2026<br><small>Zone : La Lupte - Lembous</small>",3 oct. 2026
6181381,Zone 54 - BARGUELONNE AVAL,82,Tarn-et-Garonne,SUP,crise,Crise,4,2026-09-12,,82-2026-09-11-00002,"<b>Eaux de surface</b><br><span style=""background:maroon;color:#fff;padding:2px 7px;border-radius:4px;font-weight:bold;font-size:0.85em"">Crise</span><br>depuis le 12 sept. 2026<br><small>Zone : Zone 54 - BARGUELONNE AVAL</small>",3 oct. 2026
6177387,Le Tournefeuille,46,Lot,SUP,crise,Crise,4,2026-10-03,2026-10-31,AP_E_2026_273,"<b>Eaux de surface</b><br><span style=""background:maroon;color:#fff;padding:2px 7px;border-radius:4px;font-weight:bold;font-size:0.85em"">Crise</span><br>du 3 oct. 2026 au 31 oct. 2026<br><small>Zone : Le Tournefeuille</small>",3 oct. 2026
6177392,Les affluents du Célé,46,Lot,SUP,crise,Crise,4,2026-10-03,2026-10-31,AP_E_2026_273,"<b>Eaux de surface</b><br><span style=""background:maroon;color:#fff;padding:2px 7px;border-radius:4px;font-weight:bold;font-size:0.85em"">Crise</span><br>du 3 oct. 2026 au 31 oct. 2026<br><small>Zone : Les affluents du Célé</small>",3 oct. 2026
6177395,Les affluents du Lot,46,Lot,SUP,crise,Crise,4,2026-10-03,2026-10-31,AP_E_2026_273,"<b>Eaux de surface</b><br><span style=""background:maroon;color:#fff;padding:2px 7px;border-radius:4px;font-weight:bold;font-size:0.85em"">Crise</span><br>du 3 oct. 2026 au 31 oct. 2026<br><small>Zone : Les affluents du Lot</small>",3 oct. 2026
6177396,Le Célé,46,Lot,SUP,crise,Crise,4,2026-10-03,2026-10-31,AP_E_2026_273,"<b>Eaux de surface</b><br><span style=""background:maroon;color:#fff;padding:2px 7px;border-radius:4px;font-weight:bold;font-size:0.85em"">Crise</span><br>du 3 oct. 2026 au 31 oct. 2026<br><small>Zone : Le Célé</small>",3 oct. 2026
6177397,Le Céou - Le Bléou - L'Ourajoux,46,Lot,SUP,crise,Crise,4,2026-10-03,2026-10-31,AP_E_2026_273,"<b>Eaux de surface</b><br><span style=""background:maroon;color:#fff;padding:2px 7px;border-radius:4px;font-weight:bold;font-size:0.85em"">Crise</span><br>du 3 oct. 2026 au 31 oct. 2026<br><small>Zone : Le Céou - Le Bléou - L'Ourajoux</small>",3 oct. 2026
6177398,Le Lemboulas,46,Lot,SUP,crise,Crise,4,2026-10-03,2026-10-31,AP_E_2026_273,"<b>Eaux de surface</b><br><span style=""background:maroon;color:#fff;padding:2px 7px;border-radius:4px;font-weight:bold;font-size:0.85em"">Crise</span><br>du 3 oct. 2026 au 31 oct. 2026<br><small>Zone : Le Lemboulas</small>",3 oct. 2026
6177356,La Melve,46,Lot,SUP,crise,Crise,4,2026-10-03,2026-10-31,AP_E_2026_273,"<b>Eaux de surface</b><br><span style=""background:maroon;color:#fff;padding:2px 7px;border-radius:4px;font-weight:bold;font-size:0.85em"">Crise</span><br>du 3 oct. 2026 au 31 oct. 2026<br><small>Zone : La Melve</small>",3 oct. 2026
6177358,L'Alzou - Le ruisseau d'Aynac - L'Ouysse,46,Lot,SUP,crise,Crise,4,2026-10-03,2026-10-31,AP_E_2026_273,"<b>Eaux de surface</b><br><span style=""background:maroon;color:#fff;padding:2px 7px;border-radius:4px;font-weight:bold;font-size:0.85em"">Crise</span><br>du 3 oct. 2026 au 31 oct. 2026<br><small>Zone : L'Alzou - Le ruisseau d'Aynac - L'Ouysse</small>",3 oct. 2026
6177361,La Grande Barguelonne,46,Lot,SUP,crise,Crise,4,2026-10-03,2026-10-31,AP_E_2026_273,"<b>Eaux de surface</b><br><span style=""background:maroon;color:#fff;padding:2px 7px;border-radius:4px;font-weight:bold;font-size:0.85em"">Crise</span><br>du 3 oct. 2026 au 31 oct. 2026<br><small>Zone : La Grande Barguelonne</small>",3 oct. 2026
6177364,Le Vers - La Rauze - La Sagne,46,Lot,SUP,crise,Crise,4,2026-10-03,2026-10-31,AP_E_2026_273,"<b>Eaux de surface</b><br><span style=""background:maroon;color:#fff;padding:2px 7px;border-radius:4px;font-weight:bold;font-size:0.85em"">Crise</span><br>du 3 oct. 2026 au 31 oct. 2026<br><small>Zone : Le Vers - La Rauze - La Sagne</small>",3 oct. 2026
6177368,Le Mamoul,46,Lot,SUP,crise,Crise,4,2026-10-03,2026-10-31,AP_E_2026_273,"<b>Eaux de surface</b><br><span style=""background:maroon;color:#fff;padding:2px 7px;border-radius:4px;font-weight:bold;font-size:0.85em"">Crise</span><br>du 3 oct. 2026 au 31 oct. 2026<br><small>Zone : Le Mamoul</small>",3 oct. 2026
6175637,Bassin de l'Aussoue non réalimenté,32,Gers,SUP,crise,Crise,4,2026-10-03,2026-10-31,32-2026-09-xx-0000x_MN_Neste,"<b>Eaux de surface</b><br><span style=""background:maroon;color:#fff;padding:2px 7px;border-radius:4px;font-weight:bold;font-size:0.85em"">Crise</span><br>du 3 oct. 2026 au 31 oct. 2026<br><small>Zone : Bassin de l'Aussoue non réalimenté</small>",3 oct. 2026
6175639,Bassin de l'Auvignon non réalimenté,32,Gers,SUP,crise,Crise,4,2026-10-03,2026-10-31,32-2026-09-xx-0000x_MN_Neste,"<b>Eaux de surface</b><br><span style=""background:maroon;color:#fff;padding:2px 7px;border-radius:4px;font-weight:bold;font-size:0.85em"">Crise</span><br>du 3 oct. 2026 au 31 oct. 2026<br><small>Zone : Bassin de l'Auvignon non réalimenté</small>",3 oct. 2026
6177374,Le Vert Amont,46,Lot,SUP,crise,Crise,4,2026-10-03,2026-10-31,AP_E_2026_273,"<b>Eaux de surface</b><br><span style=""background:maroon;color:#fff;padding:2px 7px;border-radius:4px;font-weight:bold;font-size:0.85em"">Crise</span><br>du 3 oct. 2026 au 31 oct. 2026<br><small>Zone : Le Vert Amont</small>",3 oct. 2026
6175665,Bassin versant de Garonne de l'Aussonnelle à la Barguelonne non réalimenté,32,Gers,SUP,crise,Crise,4,2026-10-03,2026-10-31,32-2026-09-xx-0000x_MN_Neste,"<b>Eaux de surface</b><br><span style=""background:maroon;color:#fff;padding:2px 7px;border-radius:4px;font-weight:bold;font-size:0.85em"">Crise</span><br>du 3 oct. 2026 au 31 oct. 2026<br><small>Zone : Bassin versant de Garonne de l'Aussonnelle à la Barguelonne non réalimenté</small>",3 oct. 2026
6175666,Bassin versant de l'Aussonnelle non réalimenté,32,Gers,SUP,crise,Crise,4,2026-10-03,2026-10-31,32-2026-09-xx-0000x_MN_Neste,"<b>Eaux de surface</b><br><span style=""background:maroon;color:#fff;padding:2px 7px;border-radius:4px;font-weight:bold;font-size:0.85em"">Crise</span><br>du 3 oct. 2026 au 31 oct. 2026<br><small>Zone : Bassin versant de l'Aussonnelle non réalimenté</small>",3 oct. 2026
6175667,Bassin de la Gimone non réalimenté,32,Gers,SUP,crise,Crise,4,2026-10-03,2026-10-31,32-2026-09-xx-0000x_MN_Neste,"<b>Eaux de surface</b><br><span style=""background:maroon;color:#fff;padding:2px 7px;border-radius:4px;font-weight:bold;font-size:0.85em"">Crise</span><br>du 3 oct. 2026 au 31 oct. 2026<br><small>Zone : Bassin de la Gimone non réalimenté</small>",3 oct. 2026
6175668,Bassin de la Save et la Gesse non réalimenté,32,Gers,SUP,crise,Crise,4,2026-10-03,2026-10-31,32-2026-09-xx-0000x_MN_Neste,"<b>Eaux de surface</b><br><span style=""background:maroon;color:#fff;padding:2px 7px;border-radius:4px;font-weight:bold;font-size:0.85em"">Crise</span><br>du 3 oct. 2026 au 31 oct. 2026<br><small>Zone : Bassin de la Save et la Gesse non réalimenté</small>",3 oct. 2026
6175669,Rivière Gers réalimentée,32,Gers,SUP,crise,Crise,4,2026-10-03,2026-10-31,32-2026-09-xx-0000x_MN_Neste,"<b>Eaux de surface</b><br><span style=""background:maroon;color:#fff;padding:2px 7px;border-radius:4px;font-weight:bold;font-size:0.85em"">Crise</span><br>du 3 oct. 2026 au 31 oct. 2026<br><small>Zone : Rivière Gers réalimentée</small>",3 oct. 2026
6175670,Rivière Petite Baïse réalimentée,32,Gers,SUP,crise,Crise,4,2026-10-03,2026-10-31,32-2026-09-xx-0000x_MN_Neste,"<b>Eaux de surface</b><br><span style=""background:maroon;color:#fff;padding:2px 7px;border-radius:4px;font-weight:bold;font-size:0.85em"">Crise</span><br>du 3 oct. 2026 au 31 oct. 2026<br><small>Zone : Rivière Petite Baïse réalimentée</small>",3 oct. 2026
6175671,Bassin de la Marcaoue non réalimenté,32,Gers,SUP,crise,Crise,4,2026-10-03,2026-10-31,32-2026-09-xx-0000x_MN_Neste,"<b>Eaux de surface</b><br><span style=""background:maroon;color:#fff;padding:2px 7px;border-radius:4px;font-weight:bold;font-size:0.85em"">Crise</span><br>du 3 oct. 2026 au 31 oct. 2026<br><small>Zone : Bassin de la Marcaoue non réalimenté</small>",3 oct. 2026
6175672,Bassin du Gers non réalimenté,32,Gers,SUP,crise,Crise,4,2026-10-03,2026-10-31,32-2026-09-xx-0000x_MN_Neste,"<b>Eaux de surface</b><br><span style=""background:maroon;color:#fff;padding:2px 7px;border-radius:4px;font-weight:bold;font-size:0.85em"">Crise</span><br>du 3 oct. 2026 au 31 oct. 2026<br><small>Zone : Bassin du Gers non réalimenté</small>",3 oct. 2026
6177426,96_ZA47_L'Osse réalimenté,47,Lot-et-Garonne,SUP,crise,Crise,4,2026-10-03,2026-10-31,47-2026-10-01-00005,"<b>Eaux de surface</b><br><span style=""background:maroon;color:#fff;padding:2px 7px;border-radius:4px;font-weight:bold;font-size:0.85em"">Crise</span><br>du 3 oct. 2026 au 31 oct. 2026<br><small>Zone : 96_ZA47_L'Osse réalimenté</small>",3 oct. 2026
6177427,96_ZA47_La Baïse réalimentée,47,Lot-et-Garonne,SUP,crise,Crise,4,2026-10-03,2026-10-31,47-2026-10-01-00005,"<b>Eaux de surface</b><br><span style=""background:maroon;color:#fff;padding:2px 7px;border-radius:4px;font-weight:bold;font-size:0.85em"">Crise</span><br>du 3 oct. 2026 au 31 oct. 2026<br><small>Zone : 96_ZA47_La Baïse réalimentée</small>",3 oct. 2026
6177428,62_ZA47_bassin versant de la Garonne amont,47,Lot-et-Garonne,SUP,crise,Crise,4,2026-10-03,2026-10-31,47-2026-10-01-00005,"<b>Eaux de surface</b><br><span style=""background:maroon;color:#fff;padding:2px 7px;border-radius:4px;font-weight:bold;font-size:0.85em"">Crise</span><br>du 3 oct. 2026 au 31 oct. 2026<br><small>Zone : 62_ZA47_bassin versant de la Garonne amont</small>",3 oct. 2026
6177429,94_ZA47_L'Auvignon réalimenté,47,Lot-et-Garonne,SUP,crise,Crise,4,2026-10-03,2026-10-31,47-2026-10-01-00005,"<b>Eaux de surface</b><br><span style=""background:maroon;color:#fff;padding:2px 7px;border-radius:4px;font-weight:bold;font-size:0.85em"">Crise</span><br>du 3 oct. 2026 au 31 oct. 2026<br><small>Zone : 94_ZA47_L'Auvignon réalimenté</small>",3 oct. 2026
6177439,96_ZA47_bassin versant de l'Osse,47,Lot-et-Garonne,SUP,crise,Crise,4,2026-10-03,2026-10-31,47-2026-10-01-00005,"<b>Eaux de surface</b><br><span style=""background:maroon;color:#fff;padding:2px 7px;border-radius:4px;font-weight:bold;font-size:0.85em"">Crise</span><br>du 3 oct. 2026 au 31 oct. 2026<br><small>Zone : 96_ZA47_bassin versant de l'Osse</small>",3 oct. 2026
6181356,Zone 23 - SEYE,82,Tarn-et-Garonne,SUP,crise,Crise,4,2026-09-12,,82-2026-09-11-00002,"<b>Eaux de surface</b><br><span style=""background:maroon;color:#fff;padding:2px 7px;border-radius:4px;font-weight:bold;font-size:0.85em"">Crise</span><br>depuis le 12 sept. 2026<br><small>Zone : Zone 23 - SEYE</small>",3 oct. 2026
6181360,Zone 52 - LAMBON,82,Tarn-et-Garonne,SUP,crise,Crise,4,2026-09-12,,82-2026-09-11-00002,"<b>Eaux de surface</b><br><span style=""background:maroon;color:#fff;padding:2px 7px;border-radius:4px;font-weight:bold;font-size:0.85em"">Crise</span><br>depuis le 12 sept. 2026<br><small>Zone : Zone 52 - LAMBON</small>",3 oct. 2026
6181364,Zone 36 - LUPTE-LEMBOUS,82,Tarn-et-Garonne,SUP,crise,Crise,4,2026-09-12,,82-2026-09-11-00002,"<b>Eaux de surface</b><br><span style=""background:maroon;color:#fff;padding:2px 7px;border-radius:4px;font-weight:bold;font-size:0.85em"">Crise</span><br>depuis le 12 sept. 2026<br><small>Zone : Zone 36 - LUPTE-LEMBOUS</small>",3 oct. 2026
6181365,Zone 55 - LENDOU,82,Tarn-et-Garonne,SUP,crise,Crise,4,2026-09-12,,82-2026-09-11-00002,"<b>Eaux de surface</b><br><span style=""background:maroon;color:#fff;padding:2px 7px;border-radius:4px;font-weight:bold;font-size:0.85em"">Crise</span><br>depuis le 12 sept. 2026<br><small>Zone : Zone 55 - LENDOU</small>",3 oct. 2026
6181367,Zone 58 - AUROUE,82,Tarn-et-Garonne,SUP,crise,Crise,4,2026-09-12,,82-2026-09-11-00002,"<b>Eaux de surface</b><br><span style=""background:maroon;color:#fff;padding:2px 7px;border-radius:4px;font-weight:bold;font-size:0.85em"">Crise</span><br>depuis le 12 sept. 2026<br><small>Zone : Zone 58 - AUROUE</small>",3 oct. 2026
6181376,Zone 51 - SERE,82,Tarn-et-Garonne,SUP,crise,Crise,4,2026-09-12,,82-2026-09-11-00002,"<b>Eaux de surface</b><br><span style=""background:maroon;color:#fff;padding:2px 7px;border-radius:4px;font-weight:bold;font-size:0.85em"">Crise</span><br>depuis le 12 sept. 2026<br><small>Zone : Zone 51 - SERE</small>",3 oct. 2026
6181378,Zone 82 - ARRATS  AFFLUENTS,82,Tarn-et-Garonne,SUP,crise,Crise,4,2026-09-12,,82-2026-09-11-00002,"<b>Eaux de surface</b><br><span style=""background:maroon;color:#fff;padding:2px 7px;border-radius:4px;font-weight:bold;font-size:0.85em"">Crise</span><br>depuis le 12 sept. 2026<br><small>Zone : Zone 82 - ARRATS  AFFLUENTS</small>",3 oct. 2026
6181379,Zone 72 - BOUDOUYSSOU,82,Tarn-et-Garonne,SUP,crise,Crise,4,2026-09-12,,82-2026-09-11-00002,"<b>Eaux de surface</b><br><span style=""background:maroon;color:#fff;padding:2px 7px;border-radius:4px;font-weight:bold;font-size:0.85em"">Crise</span><br>depuis le 12 sept. 2026<br><small>Zone : Zone 72 - BOUDOUYSSOU</small>",3 oct. 2026
6181388,Zone 37 - TARN AFFLUENTS,82,Tarn-et-Garonne,SUP,crise,Crise,4,2026-09-12,,82-2026-09-11-00002,"<b>Eaux de surface</b><br><span style=""background:maroon;color:#fff;padding:2px 7px;border-radius:4px;font-weight:bold;font-size:0.85em"">Crise</span><br>depuis le 12 sept. 2026<br><small>Zone : Zone 37 - TARN AFFLUENTS</small>",3 oct. 2026
6177402,62_ZA47_bassin versant du Bourbon,47,Lot-et-Garonne,SUP,crise,Crise,4,2026-10-03,2026-10-31,47-2026-10-01-00005,"<b>Eaux de surface</b><br><span style=""background:maroon;color:#fff;padding:2px 7px;border-radius:4px;font-weight:bold;font-size:0.85em"">Crise</span><br>du 3 oct. 2026 au 31 oct. 2026<br><small>Zone : 62_ZA47_bassin versant du Bourbon</small>",3 oct. 2026
6177403,96_ZA47_bassin versant de la Baise,47,Lot-et-Garonne,SUP,crise,Crise,4,2026-10-03,2026-10-31,47-2026-10-01-00005,"<b>Eaux de surface</b><br><span style=""background:maroon;color:#fff;padding:2px 7px;border-radius:4px;font-weight:bold;font-size:0.85em"">Crise</span><br>du 3 oct. 2026 au 31 oct. 2026<br><small>Zone : 96_ZA47_bassin versant de la Baise</small>",3 oct. 2026
6177404,67_ZA47_La Séoune réalimenté,47,Lot-et-Garonne,SUP,crise,Crise,4,2026-10-03,2026-10-31,47-2026-10-01-00005,"<b>Eaux de surface</b><br><span style=""background:maroon;color:#fff;padding:2px 7px;border-radius:4px;font-weight:bold;font-size:0.85em"">Crise</span><br>du 3 oct. 2026 au 31 oct. 2026<br><small>Zone : 67_ZA47_La Séoune réalimenté</small>",3 oct. 2026
6177405,70_ZA47_Le Tolzac réalimenté,47,Lot-et-Garonne,SUP,crise,Crise,4,2026-10-03,2026-10-31,47-2026-10-01-00005,"<b>Eaux de surface</b><br><span style=""background:maroon;color:#fff;padding:2px 7px;border-radius:4px;font-weight:bold;font-size:0.85em"">Crise</span><br>du 3 oct. 2026 au 31 oct. 2026<br><small>Zone : 70_ZA47_Le Tolzac réalimenté</small>",3 oct. 2026
6177406,94_ZA47_bassin versant des Auvignons,47,Lot-et-Garonne,SUP,crise,Crise,4,2026-10-03,2026-10-31,47-2026-10-01-00005,"<b>Eaux de surface</b><br><span style=""background:maroon;color:#fff;padding:2px 7px;border-radius:4px;font-weight:bold;font-size:0.85em"">Crise</span><br>du 3 oct. 2026 au 31 oct. 2026<br><small>Zone : 94_ZA47_bassin versant des Auvignons</small>",3 oct. 2026
6177407,61_ZA47_bassin versant de la Garonne aval,47,Lot-et-Garonne,SUP,crise,Crise,4,2026-10-03,2026-10-31,47-2026-10-01-00005,"<b>Eaux de surface</b><br><span style=""background:maroon;color:#fff;padding:2px 7px;border-radius:4px;font-weight:bold;font-size:0.85em"">Crise</span><br>du 3 oct. 2026 au 31 oct. 2026<br><small>Zone : 61_ZA47_bassin versant de la Garonne aval</small>",3 oct. 2026
6177408,88_ZA47_Le Boudouyssou réalimenté,47,Lot-et-Garonne,SUP,crise,Crise,4,2026-10-03,2026-10-31,47-2026-10-01-00005,"<b>Eaux de surface</b><br><span style=""background:maroon;color:#fff;padding:2px 7px;border-radius:4px;font-weight:bold;font-size:0.85em"">Crise</span><br>du 3 oct. 2026 au 31 oct. 2026<br><small>Zone : 88_ZA47_Le Boudouyssou réalimenté</small>",3 oct. 2026
6177410,60 ZA47 La Dourdène réalimentée,47,Lot-et-Garonne,SUP,crise,Crise,4,2026-10-03,2026-10-31,47-2026-10-01-00005,"<b>Eaux de surface</b><br><span style=""background:maroon;color:#fff;padding:2px 7px;border-radius:4px;font-weight:bold;font-size:0.85em"">Crise</span><br>du 3 oct. 2026 au 31 oct. 2026<br><small>Zone : 60 ZA47 La Dourdène réalimentée</small>",3 oct. 2026
6175632,Rivière du Bouès réalimentée,32,Gers,SUP,crise,Crise,4,2026-09-12,2026-10-31,32-2026-09-11-00006_MN_Bouès,"<b>Eaux de surface</b><br><span style=""background:maroon;color:#fff;padding:2px 7px;border-radius:4px;font-weight:bold;font-size:0.85em"">Crise</span><br>du 12 sept. 2026 au 31 oct. 2026<br><small>Zone : Rivière du Bouès réalimentée</small>",3 oct. 2026
6175640,Rivière Marcaoue réalimentée,32,Gers,SUP,crise,Crise,4,2026-10-03,2026-10-31,32-2026-09-xx-0000x_MN_Neste,"<b>Eaux de surface</b><br><span style=""background:maroon;color:#fff;padding:2px 7px;border-radius:4px;font-weight:bold;font-size:0.85em"">Crise</span><br>du 3 oct. 2026 au 31 oct. 2026<br><small>Zone : Rivière Marcaoue réalimentée</small>",3 oct. 2026
6175641,Rigoles et rivieres Arrats réalimentées,32,Gers,SUP,crise,Crise,4,2026-10-03,2026-10-31,32-2026-09-xx-0000x_MN_Neste,"<b>Eaux de surface</b><br><span style=""background:maroon;color:#fff;padding:2px 7px;border-radius:4px;font-weight:bold;font-size:0.85em"">Crise</span><br>du 3 oct. 2026 au 31 oct. 2026<br><small>Zone : Rigoles et rivieres Arrats réalimentées</small>",3 oct. 2026
6175643,Rivière Le grand Auvignons - Bousquetara réalimentée,32,Gers,SUP,crise,Crise,4,2026-10-03,2026-10-31,32-2026-09-xx-0000x_MN_Neste,"<b>Eaux de surface</b><br><span style=""background:maroon;color:#fff;padding:2px 7px;border-radius:4px;font-weight:bold;font-size:0.85em"">Crise</span><br>du 3 oct. 2026 au 31 oct. 2026<br><small>Zone : Rivière Le grand Auvignons - Bousquetara réalimentée</small>",3 oct. 2026
6175644,Rivière Save réalimentée,32,Gers,SUP,crise,Crise,4,2026-10-03,2026-10-31,32-2026-09-xx-0000x_MN_Neste,"<b>Eaux de surface</b><br><span style=""background:maroon;color:#fff;padding:2px 7px;border-radius:4px;font-weight:bold;font-size:0.85em"">Crise</span><br>du 3 oct. 2026 au 31 oct. 2026<br><small>Zone : Rivière Save réalimentée</small>",3 oct. 2026
6175683,Bassin versant des Lées non réalimentés,32,Gers,SUP,crise,Crise,4,2026-10-03,2026-10-31,32-2026-09-xx-0000x_MN_Adour,"<b>Eaux de surface</b><br><span style=""background:maroon;color:#fff;padding:2px 7px;border-radius:4px;font-weight:bold;font-size:0.85em"">Crise</span><br>du 3 oct. 2026 au 31 oct. 2026<br><small>Zone : Bassin versant des Lées non réalimentés</small>",3 oct. 2026
6181348,Zone 35 - LEMBOULAS AVAL,82,Tarn-et-Garonne,SUP,crise,Crise,4,2026-09-12,,82-2026-09-11-00002,"<b>Eaux de surface</b><br><span style=""background:maroon;color:#fff;padding:2px 7px;border-radius:4px;font-weight:bold;font-size:0.85em"">Crise</span><br>depuis le 12 sept. 2026<br><small>Zone : Zone 35 - LEMBOULAS AVAL</small>",3 oct. 2026
6181349,Zone 34 - LEMBOULAS AMONT,82,Tarn-et-Garonne,SUP,crise,Crise,4,2026-09-12,,82-2026-09-11-00002,"<b>Eaux de surface</b><br><span style=""background:maroon;color:#fff;padding:2px 7px;border-radius:4px;font-weight:bold;font-size:0.85em"">Crise</span><br>depuis le 12 sept. 2026<br><small>Zone : Zone 34 - LEMBOULAS AMONT</small>",3 oct. 2026
6181351,Zone 53 - BARGUELONNE AMONT,82,Tarn-et-Garonne,SUP,crise,Crise,4,2026-09-12,,82-2026-09-11-00002,"<b>Eaux de surface</b><br><span style=""background:maroon;color:#fff;padding:2px 7px;border-radius:4px;font-weight:bold;font-size:0.85em"">Crise</span><br>depuis le 12 sept. 2026<br><small>Zone : Zone 53 - BARGUELONNE AMONT</small>",3 oct. 2026
6181353,Zone 57 - SEOUNE,82,Tarn-et-Garonne,SUP,crise,Crise,4,2026-09-12,,82-2026-09-11-00002,"<b>Eaux de surface</b><br><span style=""background:maroon;color:#fff;padding:2px 7px;border-radius:4px;font-weight:bold;font-size:0.85em"">Crise</span><br>depuis le 12 sept. 2026<br><small>Zone : Zone 57 - SEOUNE</small>",3 oct. 2026
6177412,60_ZA47_bassin versant du Dropt,47,Lot-et-Garonne,SUP,crise,Crise,4,2026-10-03,2026-10-31,47-2026-10-01-00005,"<b>Eaux de surface</b><br><span style=""background:maroon;color:#fff;padding:2px 7px;border-radius:4px;font-weight:bold;font-size:0.85em"">Crise</span><br>du 3 oct. 2026 au 31 oct. 2026<br><small>Zone : 60_ZA47_bassin versant du Dropt</small>",3 oct. 2026
6177413,60_ZA47_bassin versant de la Bournègue,47,Lot-et-Garonne,SUP,crise,Crise,4,2026-10-03,2026-10-31,47-2026-10-01-00005,"<b>Eaux de surface</b><br><span style=""background:maroon;color:#fff;padding:2px 7px;border-radius:4px;font-weight:bold;font-size:0.85em"">Crise</span><br>du 3 oct. 2026 au 31 oct. 2026<br><small>Zone : 60_ZA47_bassin versant de la Bournègue</small>",3 oct. 2026
6177414,96_ZA47_Le Gers réalimenté,47,Lot-et-Garonne,SUP,crise,Crise,4,2026-10-03,2026-10-31,47-2026-10-01-00005,"<b>Eaux de surface</b><br><span style=""background:maroon;color:#fff;padding:2px 7px;border-radius:4px;font-weight:bold;font-size:0.85em"">Crise</span><br>du 3 oct. 2026 au 31 oct. 2026<br><small>Zone : 96_ZA47_Le Gers réalimenté</small>",3 oct. 2026
6177415,62_ZA47_bassin versant de la Masse d'Agen,47,Lot-et-Garonne,SUP,crise,Crise,4,2026-10-03,2026-10-31,47-2026-10-01-00005,"<b>Eaux de surface</b><br><span style=""background:maroon;color:#fff;padding:2px 7px;border-radius:4px;font-weight:bold;font-size:0.85em"">Crise</span><br>du 3 oct. 2026 au 31 oct. 2026<br><small>Zone : 62_ZA47_bassin versant de la Masse d'Agen</small>",3 oct. 2026
6181357,Zone 33 - TESCOU NON REAL,82,Tarn-et-Garonne,SUP,crise,Crise,4,2026-09-12,,82-2026-09-11-00002,"<b>Eaux de surface</b><br><span style=""background:maroon;color:#fff;padding:2px 7px;border-radius:4px;font-weight:bold;font-size:0.85em"">Crise</span><br>depuis le 12 sept. 2026<br><small>Zone : Zone 33 - TESCOU NON REAL</small>",3 oct. 2026
6175646,Rivière Auzoue non réalimentée,32,Gers,SUP,crise,Crise,4,2026-10-03,2026-10-31,32-2026-09-xx-0000x_MN_Neste,"<b>Eaux de surface</b><br><span style=""background:maroon;color:#fff;padding:2px 7px;border-radius:4px;font-weight:bold;font-size:0.85em"">Crise</span><br>du 3 oct. 2026 au 31 oct. 2026<br><small>Zone : Rivière Auzoue non réalimentée</small>",3 oct. 2026
6175647,Rivière Baïse réalimentée,32,Gers,SUP,crise,Crise,4,2026-10-03,2026-10-31,32-2026-09-xx-0000x_MN_Neste,"<b>Eaux de surface</b><br><span style=""background:maroon;color:#fff;padding:2px 7px;border-radius:4px;font-weight:bold;font-size:0.85em"">Crise</span><br>du 3 oct. 2026 au 31 oct. 2026<br><small>Zone : Rivière Baïse réalimentée</small>",3 oct. 2026
6175648,Rigoles et rivières Gesse réalimentées,32,Gers,SUP,crise,Crise,4,2026-10-03,2026-10-31,32-2026-09-xx-0000x_MN_Neste,"<b>Eaux de surface</b><br><span style=""background:maroon;color:#fff;padding:2px 7px;border-radius:4px;font-weight:bold;font-size:0.85em"">Crise</span><br>du 3 oct. 2026 au 31 oct. 2026<br><small>Zone : Rigoles et rivières Gesse réalimentées</small>",3 oct. 2026
6175650,Bassin de la Baise non réalimenté,32,Gers,SUP,crise,Crise,4,2026-10-03,2026-10-31,32-2026-09-xx-0000x_MN_Neste,"<b>Eaux de surface</b><br><span style=""background:maroon;color:#fff;padding:2px 7px;border-radius:4px;font-weight:bold;font-size:0.85em"">Crise</span><br>du 3 oct. 2026 au 31 oct. 2026<br><small>Zone : Bassin de la Baise non réalimenté</small>",3 oct. 2026
6175651,Rigoles et rivières Gimone réalimentées,32,Gers,SUP,crise,Crise,4,2026-10-03,2026-10-31,32-2026-09-xx-0000x_MN_Neste,"<b>Eaux de surface</b><br><span style=""background:maroon;color:#fff;padding:2px 7px;border-radius:4px;font-weight:bold;font-size:0.85em"">Crise</span><br>du 3 oct. 2026 au 31 oct. 2026<br><small>Zone : Rigoles et rivières Gimone réalimentées</small>",3 oct. 2026
6175652,Rivière L'Osse réalimentée par Miélan et Lizet - la Guiroue réalimentée par la Baradée,32,Gers,SUP,crise,Crise,4,2026-10-03,2026-10-31,32-2026-09-xx-0000x_MN_Neste,"<b>Eaux de surface</b><br><span style=""background:maroon;color:#fff;padding:2px 7px;border-radius:4px;font-weight:bold;font-size:0.85em"">Crise</span><br>du 3 oct. 2026 au 31 oct. 2026<br><small>Zone : Rivière L'Osse réalimentée par Miélan et Lizet - la Guiroue réalimentée par la Baradée</small>",3 oct. 2026
6175653,Rivière Baïsole réalimentée,32,Gers,SUP,crise,Crise,4,2026-10-03,2026-10-31,32-2026-09-xx-0000x_MN_Neste,"<b>Eaux de surface</b><br><span style=""background:maroon;color:#fff;padding:2px 7px;border-radius:4px;font-weight:bold;font-size:0.85em"">Crise</span><br>du 3 oct. 2026 au 31 oct. 2026<br><small>Zone : Rivière Baïsole réalimentée</small>",3 oct. 2026
6175654,Rivière Aussoue réalimentée,32,Gers,SUP,crise,Crise,4,2026-10-03,2026-10-31,32-2026-09-xx-0000x_MN_Neste,"<b>Eaux de surface</b><br><span style=""background:maroon;color:#fff;padding:2px 7px;border-radius:4px;font-weight:bold;font-size:0.85em"">Crise</span><br>du 3 oct. 2026 au 31 oct. 2026<br><small>Zone : Rivière Aussoue réalimentée</small>",3 oct. 2026
6175655,Rivière Auzoue réalimentée,32,Gers,SUP,crise,Crise,4,2026-10-03,2026-10-31,32-2026-09-xx-0000x_MN_Neste,"<b>Eaux de surface</b><br><span style=""background:maroon;color:#fff;padding:2px 7px;border-radius:4px;font-weight:bold;font-size:0.85em"">Crise</span><br>du 3 oct. 2026 au 31 oct. 2026<br><small>Zone : Rivière Auzoue réalimentée</small>",3 oct. 2026
6175656,Bassin de l'Arrats non réalimenté,32,Gers,SUP,crise,Crise,4,2026-10-03,2026-10-31,32-2026-09-xx-0000x_MN_Neste,"<b>Eaux de surface</b><br><span style=""background:maroon;color:#fff;padding:2px 7px;border-radius:4px;font-weight:bold;font-size:0.85em"">Crise</span><br>du 3 oct. 2026 au 31 oct. 2026<br><small>Zone : Bassin de l'Arrats non réalimenté</small>",3 oct. 2026
6175657,Rivière Gélise réalimentée,32,Gers,SUP,crise,Crise,4,2026-10-03,2026-10-31,32-2026-09-xx-0000x_MN_Neste,"<b>Eaux de surface</b><br><span style=""background:maroon;color:#fff;padding:2px 7px;border-radius:4px;font-weight:bold;font-size:0.85em"">Crise</span><br>du 3 oct. 2026 au 31 oct. 2026<br><small>Zone : Rivière Gélise réalimentée</small>",3 oct. 2026
6175658,Rivière Auloue réalimentée,32,Gers,SUP,crise,Crise,4,2026-10-03,2026-10-31,32-2026-09-xx-0000x_MN_Neste,"<b>Eaux de surface</b><br><span style=""background:maroon;color:#fff;padding:2px 7px;border-radius:4px;font-weight:bold;font-size:0.85em"">Crise</span><br>du 3 oct. 2026 au 31 oct. 2026<br><small>Zone : Rivière Auloue réalimentée</small>",3 oct. 2026
6175659,Bassin de l'Auroue non réalimenté,32,Gers,SUP,crise,Crise,4,2026-10-03,2026-10-31,32-2026-09-xx-0000x_MN_Neste,"<b>Eaux de surface</b><br><span style=""background:maroon;color:#fff;padding:2px 7px;border-radius:4px;font-weight:bold;font-size:0.85em"">Crise</span><br>du 3 oct. 2026 au 31 oct. 2026<br><small>Zone : Bassin de l'Auroue non réalimenté</small>",3 oct. 2026
6175661,Bassin de l'Osse-Guiroue-Lizet non réalimenté,32,Gers,SUP,crise,Crise,4,2026-10-03,2026-10-31,32-2026-09-xx-0000x_MN_Neste,"<b>Eaux de surface</b><br><span style=""background:maroon;color:#fff;padding:2px 7px;border-radius:4px;font-weight:bold;font-size:0.85em"">Crise</span><br>du 3 oct. 2026 au 31 oct. 2026<br><small>Zone : Bassin de l'Osse-Guiroue-Lizet non réalimenté</small>",3 oct. 2026
6175662,Bassin de la Gélise non réalimenté,32,Gers,SUP,crise,Crise,4,2026-10-03,2026-10-31,32-2026-09-xx-0000x_MN_Neste,"<b>Eaux de surface</b><br><span style=""background:maroon;color:#fff;padding:2px 7px;border-radius:4px;font-weight:bold;font-size:0.85em"">Crise</span><br>du 3 oct. 2026 au 31 oct. 2026<br><small>Zone : Bassin de la Gélise non réalimenté</small>",3 oct. 2026
6175663,Canal de Monlaur réalimenté,32,Gers,SUP,crise,Crise,4,2026-10-03,2026-10-31,32-2026-09-xx-0000x_MN_Neste,"<b>Eaux de surface</b><br><span style=""background:maroon;color:#fff;padding:2px 7px;border-radius:4px;font-weight:bold;font-size:0.85em"">Crise</span><br>du 3 oct. 2026 au 31 oct. 2026<br><small>Zone : Canal de Monlaur réalimenté</small>",3 oct. 2026
6175664,Affluents du bassin versant du Bouès,32,Gers,SUP,crise,Crise,4,2026-10-03,2026-10-31,32-2026-09-xx-0000x_MN_Neste,"<b>Eaux de surface</b><br><span style=""background:maroon;color:#fff;padding:2px 7px;border-radius:4px;font-weight:bold;font-size:0.85em"">Crise</span><br>du 3 oct. 2026 au 31 oct. 2026<br><small>Zone : Affluents du bassin versant du Bouès</small>",3 oct. 2026
6181387,Zone 21 - LERE NON REAL,82,Tarn-et-Garonne,SUP,crise,Crise,4,2026-09-12,,82-2026-09-11-00002,"<b>Eaux de surface</b><br><span style=""background:maroon;color:#fff;padding:2px 7px;border-radius:4px;font-weight:bold;font-size:0.85em"">Crise</span><br>depuis le 12 sept. 2026<br><small>Zone : Zone 21 - LERE NON REAL</small>",3 oct. 2026
6177527,III - Vire - ESU,50,Manche,SUP,crise,Crise,4,2026-09-25,2026-10-31,2026-DDTM-SE-189,"<b>Eaux de surface</b><br><span style=""background:maroon;color:#fff;padding:2px 7px;border-radius:4px;font-weight:bold;font-size:0.85em"">Crise</span><br>du 25 sept. 2026 au 31 oct. 2026<br><small>Zone : III - Vire - ESU</small>",3 oct. 2026
6175638,Rivière Gèze réalimentée,32,Gers,SUP,crise,Crise,4,2026-10-03,2026-10-31,32-2026-09-xx-0000x_MN_Neste,"<b>Eaux de surface</b><br><span style=""background:maroon;color:#fff;padding:2px 7px;border-radius:4px;font-weight:bold;font-size:0.85em"">Crise</span><br>du 3 oct. 2026 au 31 oct. 2026<br><small>Zone : Rivière Gèze réalimentée</small>",3 oct. 2026
6175642,Bassin versant Touch non réalimenté,32,Gers,SUP,crise,Crise,4,2026-10-03,2026-10-31,32-2026-09-xx-0000x_MN_Neste,"<b>Eaux de surface</b><br><span style=""background:maroon;color:#fff;padding:2px 7px;border-radius:4px;font-weight:bold;font-size:0.85em"">Crise</span><br>du 3 oct. 2026 au 31 oct. 2026<br><small>Zone : Bassin versant Touch non réalimenté</small>",3 oct. 2026
6175645,Bassin de l'Auloue non réalimenté,32,Gers,SUP,crise,Crise,4,2026-10-03,2026-10-31,32-2026-09-xx-0000x_MN_Neste,"<b>Eaux de surface</b><br><span style=""background:maroon;color:#fff;padding:2px 7px;border-radius:4px;font-weight:bold;font-size:0.85em"">Crise</span><br>du 3 oct. 2026 au 31 oct. 2026<br><small>Zone : Bassin de l'Auloue non réalimenté</small>",3 oct. 2026
6177418,80_ZA47_La Lède aval réalimentée,47,Lot-et-Garonne,SUP,crise,Crise,4,2026-10-03,2026-10-31,47-2026-10-01-00005,"<b>Eaux de surface</b><br><span style=""background:maroon;color:#fff;padding:2px 7px;border-radius:4px;font-weight:bold;font-size:0.85em"">Crise</span><br>du 3 oct. 2026 au 31 oct. 2026<br><small>Zone : 80_ZA47_La Lède aval réalimentée</small>",3 oct. 2026
6177419,67_ZA47_bassin versant de la Séoune,47,Lot-et-Garonne,SUP,crise,Crise,4,2026-10-03,2026-10-31,47-2026-10-01-00005,"<b>Eaux de surface</b><br><span style=""background:maroon;color:#fff;padding:2px 7px;border-radius:4px;font-weight:bold;font-size:0.85em"">Crise</span><br>du 3 oct. 2026 au 31 oct. 2026<br><small>Zone : 67_ZA47_bassin versant de la Séoune</small>",3 oct. 2026
6177421,214_ZA47_bassin versant du Seignal,47,Lot-et-Garonne,SUP,crise,Crise,4,2026-10-03,2026-10-31,47-2026-10-01-00005,"<b>Eaux de surface</b><br><span style=""background:maroon;color:#fff;padding:2px 7px;border-radius:4px;font-weight:bold;font-size:0.85em"">Crise</span><br>du 3 oct. 2026 au 31 oct. 2026<br><small>Zone : 214_ZA47_bassin versant du Seignal</small>",3 oct. 2026
6177422,96_ZA47_bassin versant du Gers,47,Lot-et-Garonne,SUP,crise,Crise,4,2026-10-03,2026-10-31,47-2026-10-01-00005,"<b>Eaux de surface</b><br><span style=""background:maroon;color:#fff;padding:2px 7px;border-radius:4px;font-weight:bold;font-size:0.85em"">Crise</span><br>du 3 oct. 2026 au 31 oct. 2026<br><small>Zone : 96_ZA47_bassin versant du Gers</small>",3 oct. 2026
6177424,95_ZA47_bassin versant de l'Auroue,47,Lot-et-Garonne,SUP,crise,Crise,4,2026-10-03,2026-10-31,47-2026-10-01-00005,"<b>Eaux de surface</b><br><span style=""background:maroon;color:#fff;padding:2px 7px;border-radius:4px;font-weight:bold;font-size:0.85em"">Crise</span><br>du 3 oct. 2026 au 31 oct. 2026<br><small>Zone : 95_ZA47_bassin versant de l'Auroue</small>",3 oct. 2026
6177430,61_ZA47_bassin versant de la Gupie,47,Lot-et-Garonne,SUP,crise,Crise,4,2026-10-03,2026-10-31,47-2026-10-01-00005,"<b>Eaux de surface</b><br><span style=""background:maroon;color:#fff;padding:2px 7px;border-radius:4px;font-weight:bold;font-size:0.85em"">Crise</span><br>du 3 oct. 2026 au 31 oct. 2026<br><small>Zone : 61_ZA47_bassin versant de la Gupie</small>",3 oct. 2026
6177431,62_ZA47_La Masse de Prayssas réalimentée,47,Lot-et-Garonne,SUP,crise,Crise,4,2026-10-03,2026-10-31,47-2026-10-01-00005,"<b>Eaux de surface</b><br><span style=""background:maroon;color:#fff;padding:2px 7px;border-radius:4px;font-weight:bold;font-size:0.85em"">Crise</span><br>du 3 oct. 2026 au 31 oct. 2026<br><small>Zone : 62_ZA47_La Masse de Prayssas réalimentée</small>",3 oct. 2026
6177434,80_ZA47_bassin versant de la Lède,47,Lot-et-Garonne,SUP,crise,Crise,4,2026-10-03,2026-10-31,47-2026-10-01-00005,"<b>Eaux de surface</b><br><span style=""background:maroon;color:#fff;padding:2px 7px;border-radius:4px;font-weight:bold;font-size:0.85em"">Crise</span><br>du 3 oct. 2026 au 31 oct. 2026<br><small>Zone : 80_ZA47_bassin versant de la Lède</small>",3 oct. 2026
6177435,88_ZA47_bassin versant du Boudouyssou-Tancanne,47,Lot-et-Garonne,SUP,crise,Crise,4,2026-10-03,2026-10-31,47-2026-10-01-00005,"<b>Eaux de surface</b><br><span style=""background:maroon;color:#fff;padding:2px 7px;border-radius:4px;font-weight:bold;font-size:0.85em"">Crise</span><br>du 3 oct. 2026 au 31 oct. 2026<br><small>Zone : 88_ZA47_bassin versant du Boudouyssou-Tancanne</small>",3 oct. 2026
6177436,93_ZA47_bassin versant du Lot aval,47,Lot-et-Garonne,SUP,crise,Crise,4,2026-10-03,2026-10-31,47-2026-10-01-00005,"<b>Eaux de surface</b><br><span style=""background:maroon;color:#fff;padding:2px 7px;border-radius:4px;font-weight:bold;font-size:0.85em"">Crise</span><br>du 3 oct. 2026 au 31 oct. 2026<br><small>Zone : 93_ZA47_bassin versant du Lot aval</small>",3 oct. 2026
6175649,Bassin versant de Garonne de la Barguelonne au Dropt non réalimenté,32,Gers,SUP,crise,Crise,4,2026-10-03,2026-10-31,32-2026-09-xx-0000x_MN_Neste,"<b>Eaux de surface</b><br><span style=""background:maroon;color:#fff;padding:2px 7px;border-radius:4px;font-weight:bold;font-size:0.85em"">Crise</span><br>du 3 oct. 2026 au 31 oct. 2026<br><small>Zone : Bassin versant de Garonne de la Barguelonne au Dropt non réalimenté</small>",3 oct. 2026
6177458,cours d'eau Allier axe,48,Lozère,SUP,crise,Crise,4,2026-09-26,2026-11-24,DDT-SEB-2026-267-0001,"<b>Eaux de surface</b><br><span style=""background:maroon;color:#fff;padding:2px 7px;border-radius:4px;font-weight:bold;font-size:0.85em"">Crise</span><br>du 26 sept. 2026 au 24 nov. 2026<br><small>Zone : cours d'eau Allier axe</small>",3 oct. 2026
6177459,bassin du Chassezac,48,Lozère,SUP,crise,Crise,4,2026-09-26,2026-11-24,DDT-SEB-2026-267-0001,"<b>Eaux de surface</b><br><span style=""background:maroon;color:#fff;padding:2px 7px;border-radius:4px;font-weight:bold;font-size:0.85em"">Crise</span><br>du 26 sept. 2026 au 24 nov. 2026<br><small>Zone : bassin du Chassezac</small>",3 oct. 2026
6181500,Marais Autizes,85,Vendée,SUP,crise,Crise,4,2026-09-28,,26-DDTM85-599,"<b>Eaux de surface</b><br><span style=""background:maroon;color:#fff;padding:2px 7px;border-radius:4px;font-weight:bold;font-size:0.85em"">Crise</span><br>depuis le 28 sept. 2026<br><small>Zone : Marais Autizes</small>",3 oct. 2026
6181503,Autize superficiel,85,Vendée,SUP,crise,Crise,4,2026-09-28,,26-DDTM85-599,"<b>Eaux de surface</b><br><span style=""background:maroon;color:#fff;padding:2px 7px;border-radius:4px;font-weight:bold;font-size:0.85em"">Crise</span><br>depuis le 28 sept. 2026<br><small>Zone : Autize superficiel</small>",3 oct. 2026
6181505,Lay,85,Vendée,SUP,crise,Crise,4,2026-09-28,,26-DDTM85-599,"<b>Eaux de surface</b><br><span style=""background:maroon;color:#fff;padding:2px 7px;border-radius:4px;font-weight:bold;font-size:0.85em"">Crise</span><br>depuis le 28 sept. 2026<br><small>Zone : Lay</small>",3 oct. 2026
6181507,Vendée superficiel,85,Vendée,SUP,crise,Crise,4,2026-09-28,,26-DDTM85-599,"<b>Eaux de surface</b><br><span style=""background:maroon;color:#fff;padding:2px 7px;border-radius:4px;font-weight:bold;font-size:0.85em"">Crise</span><br>depuis le 28 sept. 2026<br><small>Zone : Vendée superficiel</small>",3 oct. 2026
6181508,Marais Breton réalimenté,85,Vendée,SUP,crise,Crise,4,2026-08-03,,26-DDTM85-504,"<b>Eaux de surface</b><br><span style=""background:maroon;color:#fff;padding:2px 7px;border-radius:4px;font-weight:bold;font-size:0.85em"">Crise</span><br>depuis le 3 août 2026<br><small>Zone : Marais Breton réalimenté</small>",3 oct. 2026
6175660,Bassin versant Ayroux - Sère non réalimenté,32,Gers,SUP,crise,Crise,4,2026-10-03,2026-10-31,32-2026-09-xx-0000x_MN_Neste,"<b>Eaux de surface</b><br><span style=""background:maroon;color:#fff;padding:2px 7px;border-radius:4px;font-weight:bold;font-size:0.85em"">Crise</span><br>du 3 oct. 2026 au 31 oct. 2026<br><small>Zone : Bassin versant Ayroux - Sère non réalimenté</small>",3 oct. 2026
6177463,bassin des Gardons,48,Lozère,SUP,crise,Crise,4,2026-09-26,2026-11-24,DDT-SEB-2026-267-0001,"<b>Eaux de surface</b><br><span style=""background:maroon;color:#fff;padding:2px 7px;border-radius:4px;font-weight:bold;font-size:0.85em"">Crise</span><br>du 26 sept. 2026 au 24 nov. 2026<br><small>Zone : bassin des Gardons</small>",3 oct. 2026
6181509,Vie Aval,85,Vendée,SUP,crise,Crise,4,2026-08-03,,26-DDTM85-504,"<b>Eaux de surface</b><br><span style=""background:maroon;color:#fff;padding:2px 7px;border-radius:4px;font-weight:bold;font-size:0.85em"">Crise</span><br>depuis le 3 août 2026<br><small>Zone : Vie Aval</small>",3 oct. 2026
6181510,Vie et Jaunay,85,Vendée,SUP,crise,Crise,4,2026-08-03,,26-DDTM85-504,"<b>Eaux de surface</b><br><span style=""background:maroon;color:#fff;padding:2px 7px;border-radius:4px;font-weight:bold;font-size:0.85em"">Crise</span><br>depuis le 3 août 2026<br><small>Zone : Vie et Jaunay</small>",3 oct. 2026
6181511,Côtiers Breton,85,Vendée,SUP,crise,Crise,4,2026-08-03,,26-DDTM85-504,"<b>Eaux de surface</b><br><span style=""background:maroon;color:#fff;padding:2px 7px;border-radius:4px;font-weight:bold;font-size:0.85em"">Crise</span><br>depuis le 3 août 2026<br><small>Zone : Côtiers Breton</small>",3 oct. 2026
6181512,"Logne, Boulogne, Ognon et Grand Lieu",85,Vendée,SUP,crise,Crise,4,2026-08-03,,26-DDTM85-504,"<b>Eaux de surface</b><br><span style=""background:maroon;color:#fff;padding:2px 7px;border-radius:4px;font-weight:bold;font-size:0.85em"">Crise</span><br>depuis le 3 août 2026<br><small>Zone : Logne, Boulogne, Ognon et Grand Lieu</small>",3 oct. 2026
6181513,Côtiers Vendéens,85,Vendée,SUP,crise,Crise,4,2026-08-03,,26-DDTM85-504,"<b>Eaux de surface</b><br><span style=""background:maroon;color:#fff;padding:2px 7px;border-radius:4px;font-weight:bold;font-size:0.85em"">Crise</span><br>depuis le 3 août 2026<br><small>Zone : Côtiers Vendéens</small>",3 oct. 2026
6181514,Maines,85,Vendée,SUP,crise,Crise,4,2026-07-10,,26-DDTM85-452,"<b>Eaux de surface</b><br><span style=""background:maroon;color:#fff;padding:2px 7px;border-radius:4px;font-weight:bold;font-size:0.85em"">Crise</span><br>depuis le 10 juil. 2026<br><small>Zone : Maines</small>",3 oct. 2026
6181515,Sèvre Nantaise,85,Vendée,SUP,crise,Crise,4,2026-07-10,,26-DDTM85-452,"<b>Eaux de surface</b><br><span style=""background:maroon;color:#fff;padding:2px 7px;border-radius:4px;font-weight:bold;font-size:0.85em"">Crise</span><br>depuis le 10 juil. 2026<br><small>Zone : Sèvre Nantaise</small>",3 oct. 2026
6181561,Bassin du Clain - sous bassin de la Vonne,86,Vienne,SUP,crise,Crise,4,2026-08-24,2026-10-31,AP_2026_DDT_SEB_462_Clain,"<b>Eaux de surface</b><br><span style=""background:maroon;color:#fff;padding:2px 7px;border-radius:4px;font-weight:bold;font-size:0.85em"">Crise</span><br>du 24 août 2026 au 31 oct. 2026<br><small>Zone : Bassin du Clain - sous bassin de la Vonne</small>",3 oct. 2026
6177465,bassin de la Colagne,48,Lozère,SUP,crise,Crise,4,2026-09-26,2026-11-24,DDT-SEB-2026-267-0001,"<b>Eaux de surface</b><br><span style=""background:maroon;color:#fff;padding:2px 7px;border-radius:4px;font-weight:bold;font-size:0.85em"">Crise</span><br>du 26 sept. 2026 au 24 nov. 2026<br><small>Zone : bassin de la Colagne</small>",3 oct. 2026
6177456,bassin de l'Allier amont,48,Lozère,SUP,crise,Crise,4,2026-09-26,2026-11-24,DDT-SEB-2026-267-0001,"<b>Eaux de surface</b><br><span style=""background:maroon;color:#fff;padding:2px 7px;border-radius:4px;font-weight:bold;font-size:0.85em"">Crise</span><br>du 26 sept. 2026 au 24 nov. 2026<br><small>Zone : bassin de l'Allier amont</small>",3 oct. 2026
6181563,Bassin du Clain - sous bassin de la Pallu,86,Vienne,SUP,crise,Crise,4,2026-08-24,2026-10-31,AP_2026_DDT_SEB_462_Clain,"<b>Eaux de surface</b><br><span style=""background:maroon;color:#fff;padding:2px 7px;border-radius:4px;font-weight:bold;font-size:0.85em"">Crise</span><br>du 24 août 2026 au 31 oct. 2026<br><small>Zone : Bassin du Clain - sous bassin de la Pallu</small>",3 oct. 2026
6181533,Bassin de la Gartempe,86,Vienne,SUP,crise,Crise,4,2026-09-28,2026-10-31,AP_N°2026_DDT_SEB_545_Gartempe_Anglin,"<b>Eaux de surface</b><br><span style=""background:maroon;color:#fff;padding:2px 7px;border-radius:4px;font-weight:bold;font-size:0.85em"">Crise</span><br>du 28 sept. 2026 au 31 oct. 2026<br><small>Zone : Bassin de la Gartempe</small>",3 oct. 2026
6181535,Bassin de la Vienne Tourangelle - sous bassin de la Veude et du Négron,86,Vienne,SUP,crise,Crise,4,2026-09-18,2026-10-31,AP_N°2026_DDT_SEB_522_Veude_et_Négron,"<b>Eaux de surface</b><br><span style=""background:maroon;color:#fff;padding:2px 7px;border-radius:4px;font-weight:bold;font-size:0.85em"">Crise</span><br>du 18 sept. 2026 au 31 oct. 2026<br><small>Zone : Bassin de la Vienne Tourangelle - sous bassin de la Veude et du Négron</small>",3 oct. 2026
6177444,bassin du Lot,48,Lozère,SUP,crise,Crise,4,2026-09-26,2026-11-24,DDT-SEB-2026-267-0001,"<b>Eaux de surface</b><br><span style=""background:maroon;color:#fff;padding:2px 7px;border-radius:4px;font-weight:bold;font-size:0.85em"">Crise</span><br>du 26 sept. 2026 au 24 nov. 2026<br><small>Zone : bassin du Lot</small>",3 oct. 2026
6177445,bassin de l'Allier moyen,48,Lozère,SUP,crise,Crise,4,2026-09-26,2026-11-24,DDT-SEB-2026-267-0001,"<b>Eaux de surface</b><br><span style=""background:maroon;color:#fff;padding:2px 7px;border-radius:4px;font-weight:bold;font-size:0.85em"">Crise</span><br>du 26 sept. 2026 au 24 nov. 2026<br><small>Zone : bassin de l'Allier moyen</small>",3 oct. 2026
6177448,bassin du Tarn,48,Lozère,SUP,crise,Crise,4,2026-09-26,2026-11-24,DDT-SEB-2026-267-0001,"<b>Eaux de surface</b><br><span style=""background:maroon;color:#fff;padding:2px 7px;border-radius:4px;font-weight:bold;font-size:0.85em"">Crise</span><br>du 26 sept. 2026 au 24 nov. 2026<br><small>Zone : bassin du Tarn</small>",3 oct. 2026
6177449,bassin du Tarnon,48,Lozère,SUP,crise,Crise,4,2026-09-26,2026-11-24,DDT-SEB-2026-267-0001,"<b>Eaux de surface</b><br><span style=""background:maroon;color:#fff;padding:2px 7px;border-radius:4px;font-weight:bold;font-size:0.85em"">Crise</span><br>du 26 sept. 2026 au 24 nov. 2026<br><small>Zone : bassin du Tarnon</small>",3 oct. 2026
6177450,bassin de la Truyère,48,Lozère,SUP,crise,Crise,4,2026-09-26,2026-11-24,DDT-SEB-2026-267-0001,"<b>Eaux de surface</b><br><span style=""background:maroon;color:#fff;padding:2px 7px;border-radius:4px;font-weight:bold;font-size:0.85em"">Crise</span><br>du 26 sept. 2026 au 24 nov. 2026<br><small>Zone : bassin de la Truyère</small>",3 oct. 2026
6177453,cours d'eau Colagne,48,Lozère,SUP,crise,Crise,4,2026-09-26,2026-11-24,DDT-SEB-2026-267-0001,"<b>Eaux de surface</b><br><span style=""background:maroon;color:#fff;padding:2px 7px;border-radius:4px;font-weight:bold;font-size:0.85em"">Crise</span><br>du 26 sept. 2026 au 24 nov. 2026<br><small>Zone : cours d'eau Colagne</small>",3 oct. 2026
6177454,bassin de la Cèze,48,Lozère,SUP,crise,Crise,4,2026-09-26,2026-11-24,DDT-SEB-2026-267-0001,"<b>Eaux de surface</b><br><span style=""background:maroon;color:#fff;padding:2px 7px;border-radius:4px;font-weight:bold;font-size:0.85em"">Crise</span><br>du 26 sept. 2026 au 24 nov. 2026<br><small>Zone : bassin de la Cèze</small>",3 oct. 2026
6177457,bassin de l'Hérault,48,Lozère,SUP,crise,Crise,4,2026-09-26,2026-11-24,DDT-SEB-2026-267-0001,"<b>Eaux de surface</b><br><span style=""background:maroon;color:#fff;padding:2px 7px;border-radius:4px;font-weight:bold;font-size:0.85em"">Crise</span><br>du 26 sept. 2026 au 24 nov. 2026<br><small>Zone : bassin de l'Hérault</small>",3 oct. 2026
6177460,bassin de l'Allier (source),48,Lozère,SUP,crise,Crise,4,2026-09-26,2026-11-24,DDT-SEB-2026-267-0001,"<b>Eaux de surface</b><br><span style=""background:maroon;color:#fff;padding:2px 7px;border-radius:4px;font-weight:bold;font-size:0.85em"">Crise</span><br>du 26 sept. 2026 au 24 nov. 2026<br><small>Zone : bassin de l'Allier (source)</small>",3 oct. 2026
6177461,bassin du Bramont,48,Lozère,SUP,crise,Crise,4,2026-09-26,2026-11-24,DDT-SEB-2026-267-0001,"<b>Eaux de surface</b><br><span style=""background:maroon;color:#fff;padding:2px 7px;border-radius:4px;font-weight:bold;font-size:0.85em"">Crise</span><br>du 26 sept. 2026 au 24 nov. 2026<br><small>Zone : bassin du Bramont</small>",3 oct. 2026
6177490,THAU,49,Maine-et-Loire,SUP,crise,Crise,4,2026-09-17,,DDT-SEEB-PPE-ETIAGE-49 n°2026-12,"<b>Eaux de surface</b><br><span style=""background:maroon;color:#fff;padding:2px 7px;border-radius:4px;font-weight:bold;font-size:0.85em"">Crise</span><br>depuis le 17 sept. 2026<br><small>Zone : THAU</small>",3 oct. 2026
6177491,AUBANCE,49,Maine-et-Loire,SUP,crise,Crise,4,2026-09-17,,DDT-SEEB-PPE-ETIAGE-49 n°2026-12,"<b>Eaux de surface</b><br><span style=""background:maroon;color:#fff;padding:2px 7px;border-radius:4px;font-weight:bold;font-size:0.85em"">Crise</span><br>depuis le 17 sept. 2026<br><small>Zone : AUBANCE</small>",3 oct. 2026
6177492,COUASNON,49,Maine-et-Loire,SUP,crise,Crise,4,2026-09-17,,DDT-SEEB-PPE-ETIAGE-49 n°2026-12,"<b>Eaux de surface</b><br><span style=""background:maroon;color:#fff;padding:2px 7px;border-radius:4px;font-weight:bold;font-size:0.85em"">Crise</span><br>depuis le 17 sept. 2026<br><small>Zone : COUASNON</small>",3 oct. 2026
6177494,EVRE,49,Maine-et-Loire,SUP,crise,Crise,4,2026-09-17,,DDT-SEEB-PPE-ETIAGE-49 n°2026-12,"<b>Eaux de surface</b><br><span style=""background:maroon;color:#fff;padding:2px 7px;border-radius:4px;font-weight:bold;font-size:0.85em"">Crise</span><br>depuis le 17 sept. 2026<br><small>Zone : EVRE</small>",3 oct. 2026
6177495,AUTHION,49,Maine-et-Loire,SUP,crise,Crise,4,2026-09-17,,DDT-SEEB-PPE-ETIAGE-49 n°2026-12,"<b>Eaux de surface</b><br><span style=""background:maroon;color:#fff;padding:2px 7px;border-radius:4px;font-weight:bold;font-size:0.85em"">Crise</span><br>depuis le 17 sept. 2026<br><small>Zone : AUTHION</small>",3 oct. 2026
6177499,DIVATTE,49,Maine-et-Loire,SUP,crise,Crise,4,2026-09-17,,DDT-SEEB-PPE-ETIAGE-49 n°2026-12,"<b>Eaux de surface</b><br><span style=""background:maroon;color:#fff;padding:2px 7px;border-radius:4px;font-weight:bold;font-size:0.85em"">Crise</span><br>depuis le 17 sept. 2026<br><small>Zone : DIVATTE</small>",3 oct. 2026
6177500,MAYENNE,49,Maine-et-Loire,SUP,crise,Crise,4,2026-09-17,,DDT-SEEB-PPE-ETIAGE-49 n°2026-12,"<b>Eaux de surface</b><br><span style=""background:maroon;color:#fff;padding:2px 7px;border-radius:4px;font-weight:bold;font-size:0.85em"">Crise</span><br>depuis le 17 sept. 2026<br><small>Zone : MAYENNE</small>",3 oct. 2026
6177501,HYROME,49,Maine-et-Loire,SUP,crise,Crise,4,2026-09-17,,DDT-SEEB-PPE-ETIAGE-49 n°2026-12,"<b>Eaux de surface</b><br><span style=""background:maroon;color:#fff;padding:2px 7px;border-radius:4px;font-weight:bold;font-size:0.85em"">Crise</span><br>depuis le 17 sept. 2026<br><small>Zone : HYROME</small>",3 oct. 2026
6177504,LOIRE,49,Maine-et-Loire,SUP,crise,Crise,4,2026-09-17,,DDT-SEEB-PPE-ETIAGE-49 n°2026-12,"<b>Eaux de surface</b><br><span style=""background:maroon;color:#fff;padding:2px 7px;border-radius:4px;font-weight:bold;font-size:0.85em"">Crise</span><br>depuis le 17 sept. 2026<br><small>Zone : LOIRE</small>",3 oct. 2026
6177505,OUDON,49,Maine-et-Loire,SUP,crise,Crise,4,2026-09-17,,DDT-SEEB-PPE-ETIAGE-49 n°2026-12,"<b>Eaux de surface</b><br><span style=""background:maroon;color:#fff;padding:2px 7px;border-radius:4px;font-weight:bold;font-size:0.85em"">Crise</span><br>depuis le 17 sept. 2026<br><small>Zone : OUDON</small>",3 oct. 2026
6177508,LAYON,49,Maine-et-Loire,SUP,crise,Crise,4,2026-09-17,,DDT-SEEB-PPE-ETIAGE-49 n°2026-12,"<b>Eaux de surface</b><br><span style=""background:maroon;color:#fff;padding:2px 7px;border-radius:4px;font-weight:bold;font-size:0.85em"">Crise</span><br>depuis le 17 sept. 2026<br><small>Zone : LAYON</small>",3 oct. 2026
6177509,BRIONNEAU,49,Maine-et-Loire,SUP,crise,Crise,4,2026-09-17,,DDT-SEEB-PPE-ETIAGE-49 n°2026-12,"<b>Eaux de surface</b><br><span style=""background:maroon;color:#fff;padding:2px 7px;border-radius:4px;font-weight:bold;font-size:0.85em"">Crise</span><br>depuis le 17 sept. 2026<br><small>Zone : BRIONNEAU</small>",3 oct. 2026
6177511,ERDRE,49,Maine-et-Loire,SUP,crise,Crise,4,2026-09-17,,DDT-SEEB-PPE-ETIAGE-49 n°2026-12,"<b>Eaux de surface</b><br><span style=""background:maroon;color:#fff;padding:2px 7px;border-radius:4px;font-weight:bold;font-size:0.85em"">Crise</span><br>depuis le 17 sept. 2026<br><small>Zone : ERDRE</small>",3 oct. 2026
6177516,DIVE DU NORD,49,Maine-et-Loire,SUP,crise,Crise,4,2026-08-19,,DDT-SEEB-PPE-Etiage-Dive n°2026-07,"<b>Eaux de surface</b><br><span style=""background:maroon;color:#fff;padding:2px 7px;border-radius:4px;font-weight:bold;font-size:0.85em"">Crise</span><br>depuis le 19 août 2026<br><small>Zone : DIVE DU NORD</small>",3 oct. 2026
6177522,SEVRE NANTAISE,49,Maine-et-Loire,SUP,crise,Crise,4,2026-08-19,,DDt-SEEB-PPE-Etiage-Sèvre-Nantaise n°2026-07,"<b>Eaux de surface</b><br><span style=""background:maroon;color:#fff;padding:2px 7px;border-radius:4px;font-weight:bold;font-size:0.85em"">Crise</span><br>depuis le 19 août 2026<br><small>Zone : SEVRE NANTAISE</small>",3 oct. 2026
6177523,SANGUEZE,49,Maine-et-Loire,SUP,crise,Crise,4,2026-08-19,,DDt-SEEB-PPE-Etiage-Sèvre-Nantaise n°2026-07,"<b>Eaux de surface</b><br><span style=""background:maroon;color:#fff;padding:2px 7px;border-radius:4px;font-weight:bold;font-size:0.85em"">Crise</span><br>depuis le 19 août 2026<br><small>Zone : SANGUEZE</small>",3 oct. 2026
6177530,IV - Sienne - Soulles - ESU,50,Manche,SUP,crise,Crise,4,2026-09-25,2026-10-31,2026-DDTM-SE-189,"<b>Eaux de surface</b><br><span style=""background:maroon;color:#fff;padding:2px 7px;border-radius:4px;font-weight:bold;font-size:0.85em"">Crise</span><br>du 25 sept. 2026 au 31 oct. 2026<br><small>Zone : IV - Sienne - Soulles - ESU</small>",3 oct. 2026
6181517,Bassin de la Vienne - sous-bassin de l'Envigne,86,Vienne,SUP,crise,Crise,4,2026-10-01,2026-10-31,AP_N°2026_DDT_SEB_509_Vienne,"<b>Eaux de surface</b><br><span style=""background:maroon;color:#fff;padding:2px 7px;border-radius:4px;font-weight:bold;font-size:0.85em"">Crise</span><br>du 1 oct. 2026 au 31 oct. 2026<br><small>Zone : Bassin de la Vienne - sous-bassin de l'Envigne</small>",3 oct. 2026
6181518,Bassin de la Vienne - sous-bassin Issoire - Blourde,86,Vienne,SUP,crise,Crise,4,2026-10-01,2026-10-31,AP_N°2026_DDT_SEB_509_Vienne,"<b>Eaux de surface</b><br><span style=""background:maroon;color:#fff;padding:2px 7px;border-radius:4px;font-weight:bold;font-size:0.85em"">Crise</span><br>du 1 oct. 2026 au 31 oct. 2026<br><small>Zone : Bassin de la Vienne - sous-bassin Issoire - Blourde</small>",3 oct. 2026
6181523,Bassin de la Vienne - sous-bassin Blourde-Talbat,86,Vienne,SUP,crise,Crise,4,2026-10-01,2026-10-31,AP_N°2026_DDT_SEB_509_Vienne,"<b>Eaux de surface</b><br><span style=""background:maroon;color:#fff;padding:2px 7px;border-radius:4px;font-weight:bold;font-size:0.85em"">Crise</span><br>du 1 oct. 2026 au 31 oct. 2026<br><small>Zone : Bassin de la Vienne - sous-bassin Blourde-Talbat</small>",3 oct. 2026
6181527,Bassin de la Vienne - sous-bassin des Blourdes,86,Vienne,SUP,crise,Crise,4,2026-10-01,2026-10-31,AP_N°2026_DDT_SEB_509_Vienne,"<b>Eaux de surface</b><br><span style=""background:maroon;color:#fff;padding:2px 7px;border-radius:4px;font-weight:bold;font-size:0.85em"">Crise</span><br>du 1 oct. 2026 au 31 oct. 2026<br><small>Zone : Bassin de la Vienne - sous-bassin des Blourdes</small>",3 oct. 2026
6181538,Bassin de la Dive du Nord - secteur de la Briande,86,Vienne,SUP,crise,Crise,4,2026-09-14,2026-11-01,AP_2026_DDT_SEB_501_DiveDuNord,"<b>Eaux de surface</b><br><span style=""background:maroon;color:#fff;padding:2px 7px;border-radius:4px;font-weight:bold;font-size:0.85em"">Crise</span><br>du 14 sept. 2026 au 1 nov. 2026<br><small>Zone : Bassin de la Dive du Nord - secteur de la Briande</small>",3 oct. 2026
6181545,Bassin de la Dive du Nord - secteur de la Petite Maine,86,Vienne,SUP,crise,Crise,4,2026-09-14,2026-11-01,AP_2026_DDT_SEB_501_DiveDuNord,"<b>Eaux de surface</b><br><span style=""background:maroon;color:#fff;padding:2px 7px;border-radius:4px;font-weight:bold;font-size:0.85em"">Crise</span><br>du 14 sept. 2026 au 1 nov. 2026<br><small>Zone : Bassin de la Dive du Nord - secteur de la Petite Maine</small>",3 oct. 2026
6181546,Bassin de la Dive du Nord - secteur des sources de la Dive,86,Vienne,SUP,crise,Crise,4,2026-09-14,2026-11-01,AP_2026_DDT_SEB_501_DiveDuNord,"<b>Eaux de surface</b><br><span style=""background:maroon;color:#fff;padding:2px 7px;border-radius:4px;font-weight:bold;font-size:0.85em"">Crise</span><br>du 14 sept. 2026 au 1 nov. 2026<br><small>Zone : Bassin de la Dive du Nord - secteur des sources de la Dive</small>",3 oct. 2026
6181548,Bassin de la Dive du Nord - secteur du Prepson,86,Vienne,SUP,crise,Crise,4,2026-09-14,2026-11-01,AP_2026_DDT_SEB_501_DiveDuNord,"<b>Eaux de surface</b><br><span style=""background:maroon;color:#fff;padding:2px 7px;border-radius:4px;font-weight:bold;font-size:0.85em"">Crise</span><br>du 14 sept. 2026 au 1 nov. 2026<br><small>Zone : Bassin de la Dive du Nord - secteur du Prepson</small>",3 oct. 2026
6181579,Isle Amont,87,Haute-Vienne,SUP,crise,Crise,4,2026-07-18,2026-10-31,2026-05-crise-dordogne,"<b>Eaux de surface</b><br><span style=""background:maroon;color:#fff;padding:2px 7px;border-radius:4px;font-weight:bold;font-size:0.85em"">Crise</span><br>du 18 juil. 2026 au 31 oct. 2026<br><small>Zone : Isle Amont</small>",3 oct. 2026
6181580,Bassin Vézère,87,Haute-Vienne,SUP,crise,Crise,4,2026-07-18,2026-10-31,2026-05-crise-dordogne,"<b>Eaux de surface</b><br><span style=""background:maroon;color:#fff;padding:2px 7px;border-radius:4px;font-weight:bold;font-size:0.85em"">Crise</span><br>du 18 juil. 2026 au 31 oct. 2026<br><small>Zone : Bassin Vézère</small>",3 oct. 2026
6181582,Bassin Auvézère,87,Haute-Vienne,SUP,crise,Crise,4,2026-07-18,2026-10-31,2026-05-crise-dordogne,"<b>Eaux de surface</b><br><span style=""background:maroon;color:#fff;padding:2px 7px;border-radius:4px;font-weight:bold;font-size:0.85em"">Crise</span><br>du 18 juil. 2026 au 31 oct. 2026<br><small>Zone : Bassin Auvézère</small>",3 oct. 2026
6181585,Bassin Dronne amont,87,Haute-Vienne,SUP,crise,Crise,4,2026-07-18,2026-10-31,2026-05-crise-dordogne,"<b>Eaux de surface</b><br><span style=""background:maroon;color:#fff;padding:2px 7px;border-radius:4px;font-weight:bold;font-size:0.85em"">Crise</span><br>du 18 juil. 2026 au 31 oct. 2026<br><small>Zone : Bassin Dronne amont</small>",3 oct. 2026
6181586,Loue,87,Haute-Vienne,SUP,crise,Crise,4,2026-07-18,2026-10-31,2026-05-crise-dordogne,"<b>Eaux de surface</b><br><span style=""background:maroon;color:#fff;padding:2px 7px;border-radius:4px;font-weight:bold;font-size:0.85em"">Crise</span><br>du 18 juil. 2026 au 31 oct. 2026<br><small>Zone : Loue</small>",3 oct. 2026
6181589,Bassin Vienne amont,87,Haute-Vienne,SUP,crise,Crise,4,2026-07-02,2026-10-31,2026_03_CR_Vienne-amont,"<b>Eaux de surface</b><br><span style=""background:maroon;color:#fff;padding:2px 7px;border-radius:4px;font-weight:bold;font-size:0.85em"">Crise</span><br>du 2 juil. 2026 au 31 oct. 2026<br><small>Zone : Bassin Vienne amont</small>",3 oct. 2026
6181592,Bassin Gartempe et Vienne aval,87,Haute-Vienne,SUP,crise,Crise,4,2026-07-02,2026-10-31,2026_03_CR_Gartempe,"<b>Eaux de surface</b><br><span style=""background:maroon;color:#fff;padding:2px 7px;border-radius:4px;font-weight:bold;font-size:0.85em"">Crise</span><br>du 2 juil. 2026 au 31 oct. 2026<br><small>Zone : Bassin Gartempe et Vienne aval</small>",3 oct. 2026
6181597,Bassin Bandiat,87,Haute-Vienne,SUP,crise,Crise,4,2026-07-10,2026-10-31,2026_03_CR_Bandiat-Tardoire_V_Charente,"<b>Eaux de surface</b><br><span style=""background:maroon;color:#fff;padding:2px 7px;border-radius:4px;font-weight:bold;font-size:0.85em"">Crise</span><br>du 10 juil. 2026 au 31 oct. 2026<br><small>Zone : Bassin Bandiat</small>",3 oct. 2026
6181601,Bassin Tardoire,87,Haute-Vienne,SUP,crise,Crise,4,2026-07-10,2026-10-31,2026_03_CR_Bandiat-Tardoire_V_Charente,"<b>Eaux de surface</b><br><span style=""background:maroon;color:#fff;padding:2px 7px;border-radius:4px;font-weight:bold;font-size:0.85em"">Crise</span><br>du 10 juil. 2026 au 31 oct. 2026<br><small>Zone : Bassin Tardoire</small>",3 oct. 2026
6175681,Rivière Midour réalimentée,32,Gers,SUP,crise,Crise,4,2026-10-03,2026-10-31,32-2026-09-xx-0000x_MN_Adour,"<b>Eaux de surface</b><br><span style=""background:maroon;color:#fff;padding:2px 7px;border-radius:4px;font-weight:bold;font-size:0.85em"">Crise</span><br>du 3 oct. 2026 au 31 oct. 2026<br><small>Zone : Rivière Midour réalimentée</small>",3 oct. 2026
6175685,Rivière Douze réalimentée,32,Gers,SUP,crise,Crise,4,2026-10-03,2026-10-31,32-2026-09-xx-0000x_MN_Adour,"<b>Eaux de surface</b><br><span style=""background:maroon;color:#fff;padding:2px 7px;border-radius:4px;font-weight:bold;font-size:0.85em"">Crise</span><br>du 3 oct. 2026 au 31 oct. 2026<br><small>Zone : Rivière Douze réalimentée</small>",3 oct. 2026
6182096,Bassin de l'Oise,95,Val-d'Oise,SUP,crise,Crise,4,2026-09-30,2026-11-30,2026-18948,"<b>Eaux de surface</b><br><span style=""background:maroon;color:#fff;padding:2px 7px;border-radius:4px;font-weight:bold;font-size:0.85em"">Crise</span><br>du 30 sept. 2026 au 30 nov. 2026<br><small>Zone : Bassin de l'Oise</small>",3 oct. 2026
6175327,Dordogne aval - Lidoire,24,Dordogne,SUP,crise,Crise,4,2026-10-03,2026-10-31,Arrêté n° DDT/SEER/2026-030,"<b>Eaux de surface</b><br><span style=""background:maroon;color:#fff;padding:2px 7px;border-radius:4px;font-weight:bold;font-size:0.85em"">Crise</span><br>du 3 oct. 2026 au 31 oct. 2026<br><small>Zone : Dordogne aval - Lidoire</small>",3 oct. 2026
6175328,Charente amont - Bandiat,24,Dordogne,SUP,crise,Crise,4,2026-10-03,2026-10-31,Arrêté n° DDT/SEER/2026-030,"<b>Eaux de surface</b><br><span style=""background:maroon;color:#fff;padding:2px 7px;border-radius:4px;font-weight:bold;font-size:0.85em"">Crise</span><br>du 3 oct. 2026 au 31 oct. 2026<br><small>Zone : Charente amont - Bandiat</small>",3 oct. 2026
6175331,Vézère - Chironde - Coly,24,Dordogne,SUP,crise,Crise,4,2026-10-03,2026-10-31,Arrêté n° DDT/SEER/2026-030,"<b>Eaux de surface</b><br><span style=""background:maroon;color:#fff;padding:2px 7px;border-radius:4px;font-weight:bold;font-size:0.85em"">Crise</span><br>du 3 oct. 2026 au 31 oct. 2026<br><small>Zone : Vézère - Chironde - Coly</small>",3 oct. 2026
6175332,Isle amont - Loue,24,Dordogne,SUP,crise,Crise,4,2026-10-03,2026-10-31,Arrêté n° DDT/SEER/2026-030,"<b>Eaux de surface</b><br><span style=""background:maroon;color:#fff;padding:2px 7px;border-radius:4px;font-weight:bold;font-size:0.85em"">Crise</span><br>du 3 oct. 2026 au 31 oct. 2026<br><small>Zone : Isle amont - Loue</small>",3 oct. 2026
6175342,Charente amont - Tardoire,24,Dordogne,SUP,crise,Crise,4,2026-10-03,2026-10-31,Arrêté n° DDT/SEER/2026-030,"<b>Eaux de surface</b><br><span style=""background:maroon;color:#fff;padding:2px 7px;border-radius:4px;font-weight:bold;font-size:0.85em"">Crise</span><br>du 3 oct. 2026 au 31 oct. 2026<br><small>Zone : Charente amont - Tardoire</small>",3 oct. 2026
6175349,Dronne - Dronne amont,24,Dordogne,SUP,crise,Crise,4,2026-10-03,2026-10-31,Arrêté n° DDT/SEER/2026-030,"<b>Eaux de surface</b><br><span style=""background:maroon;color:#fff;padding:2px 7px;border-radius:4px;font-weight:bold;font-size:0.85em"">Crise</span><br>du 3 oct. 2026 au 31 oct. 2026<br><small>Zone : Dronne - Dronne amont</small>",3 oct. 2026
6175350,Dropt aval non réalimenté,24,Dordogne,SUP,crise,Crise,4,2026-10-03,2026-10-31,Arrêté n° DDT/SEER/2026-030,"<b>Eaux de surface</b><br><span style=""background:maroon;color:#fff;padding:2px 7px;border-radius:4px;font-weight:bold;font-size:0.85em"">Crise</span><br>du 3 oct. 2026 au 31 oct. 2026<br><small>Zone : Dropt aval non réalimenté</small>",3 oct. 2026
6175354,Isle amont - Auvézère amont,24,Dordogne,SUP,crise,Crise,4,2026-10-03,2026-10-31,Arrêté n° DDT/SEER/2026-030,"<b>Eaux de surface</b><br><span style=""background:maroon;color:#fff;padding:2px 7px;border-radius:4px;font-weight:bold;font-size:0.85em"">Crise</span><br>du 3 oct. 2026 au 31 oct. 2026<br><small>Zone : Isle amont - Auvézère amont</small>",3 oct. 2026
6175355,Dropt - Escourou,24,Dordogne,SUP,crise,Crise,4,2026-10-03,2026-10-31,Arrêté n° DDT/SEER/2026-030,"<b>Eaux de surface</b><br><span style=""background:maroon;color:#fff;padding:2px 7px;border-radius:4px;font-weight:bold;font-size:0.85em"">Crise</span><br>du 3 oct. 2026 au 31 oct. 2026<br><small>Zone : Dropt - Escourou</small>",3 oct. 2026
6175359,Lède,24,Dordogne,SUP,crise,Crise,4,2026-10-03,2026-10-31,Arrêté n° DDT/SEER/2026-030,"<b>Eaux de surface</b><br><span style=""background:maroon;color:#fff;padding:2px 7px;border-radius:4px;font-weight:bold;font-size:0.85em"">Crise</span><br>du 3 oct. 2026 au 31 oct. 2026<br><small>Zone : Lède</small>",3 oct. 2026
6180094,Bassin du Luy de Béarn amont,64,Pyrénées-Atlantiques,SUP,crise,Crise,4,2026-09-26,2026-10-31,AP-64-2026-09-25-00002-ZRE,"<b>Eaux de surface</b><br><span style=""background:maroon;color:#fff;padding:2px 7px;border-radius:4px;font-weight:bold;font-size:0.85em"">Crise</span><br>du 26 sept. 2026 au 31 oct. 2026<br><small>Zone : Bassin du Luy de Béarn amont</small>",3 oct. 2026
6180095,Le Luy de France réalimenté,64,Pyrénées-Atlantiques,SUP,crise,Crise,4,2026-09-26,2026-10-31,AP-64-2026-09-25-00002-ZRE,"<b>Eaux de surface</b><br><span style=""background:maroon;color:#fff;padding:2px 7px;border-radius:4px;font-weight:bold;font-size:0.85em"">Crise</span><br>du 26 sept. 2026 au 31 oct. 2026<br><small>Zone : Le Luy de France réalimenté</small>",3 oct. 2026
6180097,Bassin du Louet,64,Pyrénées-Atlantiques,SUP,crise,Crise,4,2026-09-26,2026-10-31,AP-64-2026-09-25-00002-ZRE,"<b>Eaux de surface</b><br><span style=""background:maroon;color:#fff;padding:2px 7px;border-radius:4px;font-weight:bold;font-size:0.85em"">Crise</span><br>du 26 sept. 2026 au 31 oct. 2026<br><small>Zone : Bassin du Louet</small>",3 oct. 2026
6180098,Bassin du Gabas,64,Pyrénées-Atlantiques,SUP,crise,Crise,4,2026-09-26,2026-10-31,AP-64-2026-09-25-00002-ZRE,"<b>Eaux de surface</b><br><span style=""background:maroon;color:#fff;padding:2px 7px;border-radius:4px;font-weight:bold;font-size:0.85em"">Crise</span><br>du 26 sept. 2026 au 31 oct. 2026<br><small>Zone : Bassin du Gabas</small>",3 oct. 2026
6180099,Bassin du Luy de Béarn aval,64,Pyrénées-Atlantiques,SUP,crise,Crise,4,2026-09-26,2026-10-31,AP-64-2026-09-25-00002-ZRE,"<b>Eaux de surface</b><br><span style=""background:maroon;color:#fff;padding:2px 7px;border-radius:4px;font-weight:bold;font-size:0.85em"">Crise</span><br>du 26 sept. 2026 au 31 oct. 2026<br><small>Zone : Bassin du Luy de Béarn aval</small>",3 oct. 2026
6180100,Bassin du Larcis,64,Pyrénées-Atlantiques,SUP,crise,Crise,4,2026-09-26,2026-10-31,AP-64-2026-09-25-00002-ZRE,"<b>Eaux de surface</b><br><span style=""background:maroon;color:#fff;padding:2px 7px;border-radius:4px;font-weight:bold;font-size:0.85em"">Crise</span><br>du 26 sept. 2026 au 31 oct. 2026<br><small>Zone : Bassin du Larcis</small>",3 oct. 2026
6180101,Le Lées de Lembeye réalimenté,64,Pyrénées-Atlantiques,SUP,crise,Crise,4,2026-09-26,2026-10-31,AP-64-2026-09-25-00002-ZRE,"<b>Eaux de surface</b><br><span style=""background:maroon;color:#fff;padding:2px 7px;border-radius:4px;font-weight:bold;font-size:0.85em"">Crise</span><br>du 26 sept. 2026 au 31 oct. 2026<br><small>Zone : Le Lées de Lembeye réalimenté</small>",3 oct. 2026
6180103,Bassin du Luy de France,64,Pyrénées-Atlantiques,SUP,crise,Crise,4,2026-09-26,2026-10-31,AP-64-2026-09-25-00002-ZRE,"<b>Eaux de surface</b><br><span style=""background:maroon;color:#fff;padding:2px 7px;border-radius:4px;font-weight:bold;font-size:0.85em"">Crise</span><br>du 26 sept. 2026 au 31 oct. 2026<br><small>Zone : Bassin du Luy de France</small>",3 oct. 2026
6175362,Dropt amont non réalimenté,24,Dordogne,SUP,crise,Crise,4,2026-10-03,2026-10-31,Arrêté n° DDT/SEER/2026-030,"<b>Eaux de surface</b><br><span style=""background:maroon;color:#fff;padding:2px 7px;border-radius:4px;font-weight:bold;font-size:0.85em"">Crise</span><br>du 3 oct. 2026 au 31 oct. 2026<br><small>Zone : Dropt amont non réalimenté</small>",3 oct. 2026
6175363,Dropt - Bournègue,24,Dordogne,SUP,crise,Crise,4,2026-10-03,2026-10-31,Arrêté n° DDT/SEER/2026-030,"<b>Eaux de surface</b><br><span style=""background:maroon;color:#fff;padding:2px 7px;border-radius:4px;font-weight:bold;font-size:0.85em"">Crise</span><br>du 3 oct. 2026 au 31 oct. 2026<br><small>Zone : Dropt - Bournègue</small>",3 oct. 2026
6175365,Dordogne amont - Céou amont,24,Dordogne,SUP,crise,Crise,4,2026-10-03,2026-10-31,Arrêté n° DDT/SEER/2026-030,"<b>Eaux de surface</b><br><span style=""background:maroon;color:#fff;padding:2px 7px;border-radius:4px;font-weight:bold;font-size:0.85em"">Crise</span><br>du 3 oct. 2026 au 31 oct. 2026<br><small>Zone : Dordogne amont - Céou amont</small>",3 oct. 2026
6179992,ORNE MOYENNE,61,Orne,SUP,crise,Crise,4,2026-09-17,2026-10-31,2350-26-00093,"<b>Eaux de surface</b><br><span style=""background:maroon;color:#fff;padding:2px 7px;border-radius:4px;font-weight:bold;font-size:0.85em"">Crise</span><br>du 17 sept. 2026 au 31 oct. 2026<br><small>Zone : ORNE MOYENNE</small>",3 oct. 2026
6179972,AVRE,61,Orne,SUP,crise,Crise,4,2026-09-17,2026-10-31,2350-26-00093,"<b>Eaux de surface</b><br><span style=""background:maroon;color:#fff;padding:2px 7px;border-radius:4px;font-weight:bold;font-size:0.85em"">Crise</span><br>du 17 sept. 2026 au 31 oct. 2026<br><small>Zone : AVRE</small>",3 oct. 2026
6179977,MAYENNE AMONT,61,Orne,SUP,crise,Crise,4,2026-09-17,2026-10-31,2350-26-00093,"<b>Eaux de surface</b><br><span style=""background:maroon;color:#fff;padding:2px 7px;border-radius:4px;font-weight:bold;font-size:0.85em"">Crise</span><br>du 17 sept. 2026 au 31 oct. 2026<br><small>Zone : MAYENNE AMONT</small>",3 oct. 2026
6179982,EGRENNE - VARENNE,61,Orne,SUP,crise,Crise,4,2026-09-17,2026-10-31,2350-26-00093,"<b>Eaux de surface</b><br><span style=""background:maroon;color:#fff;padding:2px 7px;border-radius:4px;font-weight:bold;font-size:0.85em"">Crise</span><br>du 17 sept. 2026 au 31 oct. 2026<br><small>Zone : EGRENNE - VARENNE</small>",3 oct. 2026
6179983,ITON,61,Orne,SUP,crise,Crise,4,2026-09-17,2026-10-31,2350-26-00093,"<b>Eaux de surface</b><br><span style=""background:maroon;color:#fff;padding:2px 7px;border-radius:4px;font-weight:bold;font-size:0.85em"">Crise</span><br>du 17 sept. 2026 au 31 oct. 2026<br><small>Zone : ITON</small>",3 oct. 2026
6179985,SARTHE,61,Orne,SUP,crise,Crise,4,2026-09-17,2026-10-31,2350-26-00093,"<b>Eaux de surface</b><br><span style=""background:maroon;color:#fff;padding:2px 7px;border-radius:4px;font-weight:bold;font-size:0.85em"">Crise</span><br>du 17 sept. 2026 au 31 oct. 2026<br><small>Zone : SARTHE</small>",3 oct. 2026
6180050,7 - Dore aval,63,Puy-de-Dôme,SUP,crise,Crise,4,2026-10-01,2026-11-30,63-20261604,"<b>Eaux de surface</b><br><span style=""background:maroon;color:#fff;padding:2px 7px;border-radius:4px;font-weight:bold;font-size:0.85em"">Crise</span><br>du 1 oct. 2026 au 30 nov. 2026<br><small>Zone : 7 - Dore aval</small>",3 oct. 2026
6180051,1 - Axe Allier,63,Puy-de-Dôme,SUP,crise,Crise,4,2026-10-01,2026-11-30,63-20261604,"<b>Eaux de surface</b><br><span style=""background:maroon;color:#fff;padding:2px 7px;border-radius:4px;font-weight:bold;font-size:0.85em"">Crise</span><br>du 1 oct. 2026 au 30 nov. 2026<br><small>Zone : 1 - Axe Allier</small>",3 oct. 2026
6180052,9 - Ance,63,Puy-de-Dôme,SUP,crise,Crise,4,2026-10-01,2026-11-30,63-20261604,"<b>Eaux de surface</b><br><span style=""background:maroon;color:#fff;padding:2px 7px;border-radius:4px;font-weight:bold;font-size:0.85em"">Crise</span><br>du 1 oct. 2026 au 30 nov. 2026<br><small>Zone : 9 - Ance</small>",3 oct. 2026
6180057,13 - Dordogne amont,63,Puy-de-Dôme,SUP,crise,Crise,4,2026-10-01,2026-11-30,63-20261604,"<b>Eaux de surface</b><br><span style=""background:maroon;color:#fff;padding:2px 7px;border-radius:4px;font-weight:bold;font-size:0.85em"">Crise</span><br>du 1 oct. 2026 au 30 nov. 2026<br><small>Zone : 13 - Dordogne amont</small>",3 oct. 2026
6180061,8 - Dore amont,63,Puy-de-Dôme,SUP,crise,Crise,4,2026-10-01,2026-11-30,63-20261604,"<b>Eaux de surface</b><br><span style=""background:maroon;color:#fff;padding:2px 7px;border-radius:4px;font-weight:bold;font-size:0.85em"">Crise</span><br>du 1 oct. 2026 au 30 nov. 2026<br><small>Zone : 8 - Dore amont</small>",3 oct. 2026
6180065,6 - Allier rive droite,63,Puy-de-Dôme,SUP,crise,Crise,4,2026-10-01,2026-11-30,63-20261604,"<b>Eaux de surface</b><br><span style=""background:maroon;color:#fff;padding:2px 7px;border-radius:4px;font-weight:bold;font-size:0.85em"">Crise</span><br>du 1 oct. 2026 au 30 nov. 2026<br><small>Zone : 6 - Allier rive droite</small>",3 oct. 2026
6180040,2 - Allier aval,63,Puy-de-Dôme,SUP,crise,Crise,4,2026-10-01,2026-11-30,63-20261604,"<b>Eaux de surface</b><br><span style=""background:maroon;color:#fff;padding:2px 7px;border-radius:4px;font-weight:bold;font-size:0.85em"">Crise</span><br>du 1 oct. 2026 au 30 nov. 2026<br><small>Zone : 2 - Allier aval</small>",3 oct. 2026
6180044,12 - Cher amont,63,Puy-de-Dôme,SUP,crise,Crise,4,2026-10-01,2026-11-30,63-20261604,"<b>Eaux de surface</b><br><span style=""background:maroon;color:#fff;padding:2px 7px;border-radius:4px;font-weight:bold;font-size:0.85em"">Crise</span><br>du 1 oct. 2026 au 30 nov. 2026<br><small>Zone : 12 - Cher amont</small>",3 oct. 2026
6180047,14 - Alagnon,63,Puy-de-Dôme,SUP,crise,Crise,4,2026-10-01,2026-11-30,63-20261604,"<b>Eaux de surface</b><br><span style=""background:maroon;color:#fff;padding:2px 7px;border-radius:4px;font-weight:bold;font-size:0.85em"">Crise</span><br>du 1 oct. 2026 au 30 nov. 2026<br><small>Zone : 14 - Alagnon</small>",3 oct. 2026
6180049,11 - Sioule amont,63,Puy-de-Dôme,SUP,crise,Crise,4,2026-10-01,2026-11-30,63-20261604,"<b>Eaux de surface</b><br><span style=""background:maroon;color:#fff;padding:2px 7px;border-radius:4px;font-weight:bold;font-size:0.85em"">Crise</span><br>du 1 oct. 2026 au 30 nov. 2026<br><small>Zone : 11 - Sioule amont</small>",3 oct. 2026
6180079,Bassin du Saison,64,Pyrénées-Atlantiques,SUP,crise,Crise,4,2026-07-28,2026-10-31,AP-64-2026-07-22-00005_Crise_Saison,"<b>Eaux de surface</b><br><span style=""background:maroon;color:#fff;padding:2px 7px;border-radius:4px;font-weight:bold;font-size:0.85em"">Crise</span><br>du 28 juil. 2026 au 31 oct. 2026<br><small>Zone : Bassin du Saison</small>",3 oct. 2026
6180082,Bassin du Luy de Béarn médian,64,Pyrénées-Atlantiques,SUP,crise,Crise,4,2026-09-26,2026-10-31,AP-64-2026-09-25-00002-ZRE,"<b>Eaux de surface</b><br><span style=""background:maroon;color:#fff;padding:2px 7px;border-radius:4px;font-weight:bold;font-size:0.85em"">Crise</span><br>du 26 sept. 2026 au 31 oct. 2026<br><small>Zone : Bassin du Luy de Béarn médian</small>",3 oct. 2026
6180109,Bassin des Lées,64,Pyrénées-Atlantiques,SUP,crise,Crise,4,2026-09-26,2026-10-31,AP-64-2026-09-25-00002-ZRE,"<b>Eaux de surface</b><br><span style=""background:maroon;color:#fff;padding:2px 7px;border-radius:4px;font-weight:bold;font-size:0.85em"">Crise</span><br>du 26 sept. 2026 au 31 oct. 2026<br><small>Zone : Bassin des Lées</small>",3 oct. 2026
6175368,Dordogne aval - Gravouse Seignal,24,Dordogne,SUP,crise,Crise,4,2026-10-03,2026-10-31,Arrêté n° DDT/SEER/2026-030,"<b>Eaux de surface</b><br><span style=""background:maroon;color:#fff;padding:2px 7px;border-radius:4px;font-weight:bold;font-size:0.85em"">Crise</span><br>du 3 oct. 2026 au 31 oct. 2026<br><small>Zone : Dordogne aval - Gravouse Seignal</small>",3 oct. 2026
6175324,Isle amont,24,Dordogne,SUP,crise,Crise,4,2026-10-03,2026-10-31,Arrêté n° DDT/SEER/2026-030,"<b>Eaux de surface</b><br><span style=""background:maroon;color:#fff;padding:2px 7px;border-radius:4px;font-weight:bold;font-size:0.85em"">Crise</span><br>du 3 oct. 2026 au 31 oct. 2026<br><small>Zone : Isle amont</small>",3 oct. 2026
6180134,Bassin de la Nive,64,Pyrénées-Atlantiques,SUP,crise,Crise,4,2026-09-04,2026-10-31,AP-64-2026-09-04-00004_Crise_Nive,"<b>Eaux de surface</b><br><span style=""background:maroon;color:#fff;padding:2px 7px;border-radius:4px;font-weight:bold;font-size:0.85em"">Crise</span><br>du 4 sept. 2026 au 31 oct. 2026<br><small>Zone : Bassin de la Nive</small>",3 oct. 2026
6177092,Lees réalimenté Bernède-40,40,Landes,SUP,crise,Crise,4,2026-10-03,2026-10-31,AP ACI ADOUR 2026-1275,"<b>Eaux de surface</b><br><span style=""background:maroon;color:#fff;padding:2px 7px;border-radius:4px;font-weight:bold;font-size:0.85em"">Crise</span><br>du 3 oct. 2026 au 31 oct. 2026<br><small>Zone : Lees réalimenté Bernède-40</small>",3 oct. 2026
6175345,Vézère - Elle,24,Dordogne,SUP,crise,Crise,4,2026-10-03,2026-10-31,Arrêté n° DDT/SEER/2026-030,"<b>Eaux de surface</b><br><span style=""background:maroon;color:#fff;padding:2px 7px;border-radius:4px;font-weight:bold;font-size:0.85em"">Crise</span><br>du 3 oct. 2026 au 31 oct. 2026<br><small>Zone : Vézère - Elle</small>",3 oct. 2026
6175820,Théols,36,Indre,SUP,crise,Crise,4,2026-08-08,,36-2026-08-06-00002 ,"<b>Eaux de surface</b><br><span style=""background:maroon;color:#fff;padding:2px 7px;border-radius:4px;font-weight:bold;font-size:0.85em"">Crise</span><br>depuis le 8 août 2026<br><small>Zone : Théols</small>",3 oct. 2026
6175800,Ringoire,36,Indre,SUP,crise,Crise,4,2026-08-08,,36-2026-08-06-00002 ,"<b>Eaux de surface</b><br><span style=""background:maroon;color:#fff;padding:2px 7px;border-radius:4px;font-weight:bold;font-size:0.85em"">Crise</span><br>depuis le 8 août 2026<br><small>Zone : Ringoire</small>",3 oct. 2026
6175818,Trégonce,36,Indre,SUP,crise,Crise,4,2026-08-08,,36-2026-08-06-00002 ,"<b>Eaux de surface</b><br><span style=""background:maroon;color:#fff;padding:2px 7px;border-radius:4px;font-weight:bold;font-size:0.85em"">Crise</span><br>depuis le 8 août 2026<br><small>Zone : Trégonce</small>",3 oct. 2026
6175819,Bouzanne,36,Indre,SUP,crise,Crise,4,2026-08-08,,36-2026-08-06-00002 ,"<b>Eaux de surface</b><br><span style=""background:maroon;color:#fff;padding:2px 7px;border-radius:4px;font-weight:bold;font-size:0.85em"">Crise</span><br>depuis le 8 août 2026<br><small>Zone : Bouzanne</small>",3 oct. 2026
6176977,Bassin du Gave d'Oloron-40,40,Landes,SUP,crise,Crise,4,2026-09-25,2026-10-31,AP ACI GAVES 2026-1247,"<b>Eaux de surface</b><br><span style=""background:maroon;color:#fff;padding:2px 7px;border-radius:4px;font-weight:bold;font-size:0.85em"">Crise</span><br>du 25 sept. 2026 au 31 oct. 2026<br><small>Zone : Bassin du Gave d'Oloron-40</small>",3 oct. 2026
6177079,Bassin du Louts (Louts3-40),40,Landes,SUP,crise,Crise,4,2026-10-03,2026-10-31,AP ACI ADOUR 2026-1275,"<b>Eaux de surface</b><br><span style=""background:maroon;color:#fff;padding:2px 7px;border-radius:4px;font-weight:bold;font-size:0.85em"">Crise</span><br>du 3 oct. 2026 au 31 oct. 2026<br><small>Zone : Bassin du Louts (Louts3-40)</small>",3 oct. 2026
6180120,Bassin de l'Ousse,64,Pyrénées-Atlantiques,SUP,crise,Crise,4,2026-06-26,2026-10-31,64-2026-06-25-00008_Crise_Ousse,"<b>Eaux de surface</b><br><span style=""background:maroon;color:#fff;padding:2px 7px;border-radius:4px;font-weight:bold;font-size:0.85em"">Crise</span><br>du 26 juin 2026 au 31 oct. 2026<br><small>Zone : Bassin de l'Ousse</small>",3 oct. 2026
6180123,Bassin du Gave d'Oloron,64,Pyrénées-Atlantiques,SUP,crise,Crise,4,2026-09-25,2026-10-31,AP-64-2026-09-25-00004_Crise_Gave_Oloron,"<b>Eaux de surface</b><br><span style=""background:maroon;color:#fff;padding:2px 7px;border-radius:4px;font-weight:bold;font-size:0.85em"">Crise</span><br>du 25 sept. 2026 au 31 oct. 2026<br><small>Zone : Bassin du Gave d'Oloron</small>",3 oct. 2026
6175335,Isle aval - Beauronne des Lèches,24,Dordogne,SUP,crise,Crise,4,2026-10-03,2026-10-31,Arrêté n° DDT/SEER/2026-030,"<b>Eaux de surface</b><br><span style=""background:maroon;color:#fff;padding:2px 7px;border-radius:4px;font-weight:bold;font-size:0.85em"">Crise</span><br>du 3 oct. 2026 au 31 oct. 2026<br><small>Zone : Isle aval - Beauronne des Lèches</small>",3 oct. 2026
6175336,Dordogne amont - Borrèze,24,Dordogne,SUP,crise,Crise,4,2026-10-03,2026-10-31,Arrêté n° DDT/SEER/2026-030,"<b>Eaux de surface</b><br><span style=""background:maroon;color:#fff;padding:2px 7px;border-radius:4px;font-weight:bold;font-size:0.85em"">Crise</span><br>du 3 oct. 2026 au 31 oct. 2026<br><small>Zone : Dordogne amont - Borrèze</small>",3 oct. 2026
6180085,Le Luy du Béarn amont réalimenté,64,Pyrénées-Atlantiques,SUP,crise,Crise,4,2026-09-26,2026-10-31,AP-64-2026-09-25-00002-ZRE,"<b>Eaux de surface</b><br><span style=""background:maroon;color:#fff;padding:2px 7px;border-radius:4px;font-weight:bold;font-size:0.85em"">Crise</span><br>du 26 sept. 2026 au 31 oct. 2026<br><small>Zone : Le Luy du Béarn amont réalimenté</small>",3 oct. 2026
6180086,Bassin de Louts,64,Pyrénées-Atlantiques,SUP,crise,Crise,4,2026-09-26,2026-10-31,AP-64-2026-09-25-00002-ZRE,"<b>Eaux de surface</b><br><span style=""background:maroon;color:#fff;padding:2px 7px;border-radius:4px;font-weight:bold;font-size:0.85em"">Crise</span><br>du 26 sept. 2026 au 31 oct. 2026<br><small>Zone : Bassin de Louts</small>",3 oct. 2026
6175323,Dordogne aval - Conne,24,Dordogne,SUP,crise,Crise,4,2026-10-03,2026-10-31,Arrêté n° DDT/SEER/2026-030,"<b>Eaux de surface</b><br><span style=""background:maroon;color:#fff;padding:2px 7px;border-radius:4px;font-weight:bold;font-size:0.85em"">Crise</span><br>du 3 oct. 2026 au 31 oct. 2026<br><small>Zone : Dordogne aval - Conne</small>",3 oct. 2026
6175329,Isle amont - Auvézère aval,24,Dordogne,SUP,crise,Crise,4,2026-10-03,2026-10-31,Arrêté n° DDT/SEER/2026-030,"<b>Eaux de surface</b><br><span style=""background:maroon;color:#fff;padding:2px 7px;border-radius:4px;font-weight:bold;font-size:0.85em"">Crise</span><br>du 3 oct. 2026 au 31 oct. 2026<br><small>Zone : Isle amont - Auvézère aval</small>",3 oct. 2026
6175330,Dordogne amont - Tournefeuille,24,Dordogne,SUP,crise,Crise,4,2026-10-03,2026-10-31,Arrêté n° DDT/SEER/2026-030,"<b>Eaux de surface</b><br><span style=""background:maroon;color:#fff;padding:2px 7px;border-radius:4px;font-weight:bold;font-size:0.85em"">Crise</span><br>du 3 oct. 2026 au 31 oct. 2026<br><small>Zone : Dordogne amont - Tournefeuille</small>",3 oct. 2026
6175333,Isle amont - L'Isle entre Loue et Auvézère,24,Dordogne,SUP,crise,Crise,4,2026-10-03,2026-10-31,Arrêté n° DDT/SEER/2026-030,"<b>Eaux de surface</b><br><span style=""background:maroon;color:#fff;padding:2px 7px;border-radius:4px;font-weight:bold;font-size:0.85em"">Crise</span><br>du 3 oct. 2026 au 31 oct. 2026<br><small>Zone : Isle amont - L'Isle entre Loue et Auvézère</small>",3 oct. 2026
6175334,Isle aval - Vern,24,Dordogne,SUP,crise,Crise,4,2026-10-03,2026-10-31,Arrêté n° DDT/SEER/2026-030,"<b>Eaux de surface</b><br><span style=""background:maroon;color:#fff;padding:2px 7px;border-radius:4px;font-weight:bold;font-size:0.85em"">Crise</span><br>du 3 oct. 2026 au 31 oct. 2026<br><small>Zone : Isle aval - Vern</small>",3 oct. 2026
6175337,Isle aval - Beauronne de St-Vincent,24,Dordogne,SUP,crise,Crise,4,2026-10-03,2026-10-31,Arrêté n° DDT/SEER/2026-030,"<b>Eaux de surface</b><br><span style=""background:maroon;color:#fff;padding:2px 7px;border-radius:4px;font-weight:bold;font-size:0.85em"">Crise</span><br>du 3 oct. 2026 au 31 oct. 2026<br><small>Zone : Isle aval - Beauronne de St-Vincent</small>",3 oct. 2026
6175338,Dordogne aval - Estrop,24,Dordogne,SUP,crise,Crise,4,2026-10-03,2026-10-31,Arrêté n° DDT/SEER/2026-030,"<b>Eaux de surface</b><br><span style=""background:maroon;color:#fff;padding:2px 7px;border-radius:4px;font-weight:bold;font-size:0.85em"">Crise</span><br>du 3 oct. 2026 au 31 oct. 2026<br><small>Zone : Dordogne aval - Estrop</small>",3 oct. 2026
6175339,Dordogne aval - Couze-Couzeau,24,Dordogne,SUP,crise,Crise,4,2026-10-03,2026-10-31,Arrêté n° DDT/SEER/2026-030,"<b>Eaux de surface</b><br><span style=""background:maroon;color:#fff;padding:2px 7px;border-radius:4px;font-weight:bold;font-size:0.85em"">Crise</span><br>du 3 oct. 2026 au 31 oct. 2026<br><small>Zone : Dordogne aval - Couze-Couzeau</small>",3 oct. 2026
6175343,Isle aval - Beauronne de Chancelade,24,Dordogne,SUP,crise,Crise,4,2026-10-03,2026-10-31,Arrêté n° DDT/SEER/2026-030,"<b>Eaux de surface</b><br><span style=""background:maroon;color:#fff;padding:2px 7px;border-radius:4px;font-weight:bold;font-size:0.85em"">Crise</span><br>du 3 oct. 2026 au 31 oct. 2026<br><small>Zone : Isle aval - Beauronne de Chancelade</small>",3 oct. 2026
6175344,Lizonne - Sauvanie,24,Dordogne,SUP,crise,Crise,4,2026-10-03,2026-10-31,Arrêté n° DDT/SEER/2026-030,"<b>Eaux de surface</b><br><span style=""background:maroon;color:#fff;padding:2px 7px;border-radius:4px;font-weight:bold;font-size:0.85em"">Crise</span><br>du 3 oct. 2026 au 31 oct. 2026<br><small>Zone : Lizonne - Sauvanie</small>",3 oct. 2026
6175346,Isle aval - Manoire,24,Dordogne,SUP,crise,Crise,4,2026-10-03,2026-10-31,Arrêté n° DDT/SEER/2026-030,"<b>Eaux de surface</b><br><span style=""background:maroon;color:#fff;padding:2px 7px;border-radius:4px;font-weight:bold;font-size:0.85em"">Crise</span><br>du 3 oct. 2026 au 31 oct. 2026<br><small>Zone : Isle aval - Manoire</small>",3 oct. 2026
6175347,Dronne - Boulou,24,Dordogne,SUP,crise,Crise,4,2026-10-03,2026-10-31,Arrêté n° DDT/SEER/2026-030,"<b>Eaux de surface</b><br><span style=""background:maroon;color:#fff;padding:2px 7px;border-radius:4px;font-weight:bold;font-size:0.85em"">Crise</span><br>du 3 oct. 2026 au 31 oct. 2026<br><small>Zone : Dronne - Boulou</small>",3 oct. 2026
6175348,Dordogne amont - Céou aval,24,Dordogne,SUP,crise,Crise,4,2026-10-03,2026-10-31,Arrêté n° DDT/SEER/2026-030,"<b>Eaux de surface</b><br><span style=""background:maroon;color:#fff;padding:2px 7px;border-radius:4px;font-weight:bold;font-size:0.85em"">Crise</span><br>du 3 oct. 2026 au 31 oct. 2026<br><small>Zone : Dordogne amont - Céou aval</small>",3 oct. 2026
6175352,Isle amont - Blâme,24,Dordogne,SUP,crise,Crise,4,2026-10-03,2026-10-31,Arrêté n° DDT/SEER/2026-030,"<b>Eaux de surface</b><br><span style=""background:maroon;color:#fff;padding:2px 7px;border-radius:4px;font-weight:bold;font-size:0.85em"">Crise</span><br>du 3 oct. 2026 au 31 oct. 2026<br><small>Zone : Isle amont - Blâme</small>",3 oct. 2026
6175353,Lizonne - Belle,24,Dordogne,SUP,crise,Crise,4,2026-10-03,2026-10-31,Arrêté n° DDT/SEER/2026-030,"<b>Eaux de surface</b><br><span style=""background:maroon;color:#fff;padding:2px 7px;border-radius:4px;font-weight:bold;font-size:0.85em"">Crise</span><br>du 3 oct. 2026 au 31 oct. 2026<br><small>Zone : Lizonne - Belle</small>",3 oct. 2026
6175356,Isle aval - Crempse,24,Dordogne,SUP,crise,Crise,4,2026-10-03,2026-10-31,Arrêté n° DDT/SEER/2026-030,"<b>Eaux de surface</b><br><span style=""background:maroon;color:#fff;padding:2px 7px;border-radius:4px;font-weight:bold;font-size:0.85em"">Crise</span><br>du 3 oct. 2026 au 31 oct. 2026<br><small>Zone : Isle aval - Crempse</small>",3 oct. 2026
6175357,Vézère - Cern,24,Dordogne,SUP,crise,Crise,4,2026-10-03,2026-10-31,Arrêté n° DDT/SEER/2026-030,"<b>Eaux de surface</b><br><span style=""background:maroon;color:#fff;padding:2px 7px;border-radius:4px;font-weight:bold;font-size:0.85em"">Crise</span><br>du 3 oct. 2026 au 31 oct. 2026<br><small>Zone : Vézère - Cern</small>",3 oct. 2026
6175358,Dordogne aval - Caudeau,24,Dordogne,SUP,crise,Crise,4,2026-10-03,2026-10-31,Arrêté n° DDT/SEER/2026-030,"<b>Eaux de surface</b><br><span style=""background:maroon;color:#fff;padding:2px 7px;border-radius:4px;font-weight:bold;font-size:0.85em"">Crise</span><br>du 3 oct. 2026 au 31 oct. 2026<br><small>Zone : Dordogne aval - Caudeau</small>",3 oct. 2026
6175360,Dronne - Euche,24,Dordogne,SUP,crise,Crise,4,2026-10-03,2026-10-31,Arrêté n° DDT/SEER/2026-030,"<b>Eaux de surface</b><br><span style=""background:maroon;color:#fff;padding:2px 7px;border-radius:4px;font-weight:bold;font-size:0.85em"">Crise</span><br>du 3 oct. 2026 au 31 oct. 2026<br><small>Zone : Dronne - Euche</small>",3 oct. 2026
6175361,Dordogne aval - Louyre,24,Dordogne,SUP,crise,Crise,4,2026-10-03,2026-10-31,Arrêté n° DDT/SEER/2026-030,"<b>Eaux de surface</b><br><span style=""background:maroon;color:#fff;padding:2px 7px;border-radius:4px;font-weight:bold;font-size:0.85em"">Crise</span><br>du 3 oct. 2026 au 31 oct. 2026<br><small>Zone : Dordogne aval - Louyre</small>",3 oct. 2026
6175366,Dordogne aval - Gardonnette,24,Dordogne,SUP,crise,Crise,4,2026-10-03,2026-10-31,Arrêté n° DDT/SEER/2026-030,"<b>Eaux de surface</b><br><span style=""background:maroon;color:#fff;padding:2px 7px;border-radius:4px;font-weight:bold;font-size:0.85em"">Crise</span><br>du 3 oct. 2026 au 31 oct. 2026<br><small>Zone : Dordogne aval - Gardonnette</small>",3 oct. 2026
6175372,Bassin de l'Allan,25,Doubs,SUP,crise,Crise,4,2026-10-02,2026-12-02,25-2026-10-02-00001,"<b>Eaux de surface</b><br><span style=""background:maroon;color:#fff;padding:2px 7px;border-radius:4px;font-weight:bold;font-size:0.85em"">Crise</span><br>du 2 oct. 2026 au 2 déc. 2026<br><small>Zone : Bassin de l'Allan</small>",3 oct. 2026
6175373,Plateau calcaire jurassien,25,Doubs,SUP,crise,Crise,4,2026-10-02,2026-12-02,25-2026-10-02-00001,"<b>Eaux de surface</b><br><span style=""background:maroon;color:#fff;padding:2px 7px;border-radius:4px;font-weight:bold;font-size:0.85em"">Crise</span><br>du 2 oct. 2026 au 2 déc. 2026<br><small>Zone : Plateau calcaire jurassien</small>",3 oct. 2026
6175374,Haute Chaîne,25,Doubs,SUP,crise,Crise,4,2026-10-02,2026-12-02,25-2026-10-02-00001,"<b>Eaux de surface</b><br><span style=""background:maroon;color:#fff;padding:2px 7px;border-radius:4px;font-weight:bold;font-size:0.85em"">Crise</span><br>du 2 oct. 2026 au 2 déc. 2026<br><small>Zone : Haute Chaîne</small>",3 oct. 2026
6175375,Moyennes vallées Doubs Ognon,25,Doubs,SUP,crise,Crise,4,2026-10-02,2026-12-02,25-2026-10-02-00001,"<b>Eaux de surface</b><br><span style=""background:maroon;color:#fff;padding:2px 7px;border-radius:4px;font-weight:bold;font-size:0.85em"">Crise</span><br>du 2 oct. 2026 au 2 déc. 2026<br><small>Zone : Moyennes vallées Doubs Ognon</small>",3 oct. 2026
6181146,Bassin du Réveillon,77,Seine-et-Marne,SUP,crise,Crise,4,2026-09-29,,2026/DDT/SEPR/317,"<b>Eaux de surface</b><br><span style=""background:maroon;color:#fff;padding:2px 7px;border-radius:4px;font-weight:bold;font-size:0.85em"">Crise</span><br>depuis le 29 sept. 2026<br><small>Zone : Bassin du Réveillon</small>",3 oct. 2026
6181147,Bassin du Fusin,77,Seine-et-Marne,SUP,crise,Crise,4,2026-09-29,,2026/DDT/SEPR/317,"<b>Eaux de surface</b><br><span style=""background:maroon;color:#fff;padding:2px 7px;border-radius:4px;font-weight:bold;font-size:0.85em"">Crise</span><br>depuis le 29 sept. 2026<br><small>Zone : Bassin du Fusin</small>",3 oct. 2026
6176991,Bassin des Luys1-e,40,Landes,SUP,crise,Crise,4,2026-10-03,2026-10-31,AP ACI ADOUR 2026-1275,"<b>Eaux de surface</b><br><span style=""background:maroon;color:#fff;padding:2px 7px;border-radius:4px;font-weight:bold;font-size:0.85em"">Crise</span><br>du 3 oct. 2026 au 31 oct. 2026<br><small>Zone : Bassin des Luys1-e</small>",3 oct. 2026
6180114,Bassin de la Nivelle et Côtiers basques,64,Pyrénées-Atlantiques,SUP,crise,Crise,4,2026-07-17,2026-10-31,AP-64-2026-07-16-00019_Crise_Nivelle,"<b>Eaux de surface</b><br><span style=""background:maroon;color:#fff;padding:2px 7px;border-radius:4px;font-weight:bold;font-size:0.85em"">Crise</span><br>du 17 juil. 2026 au 31 oct. 2026<br><small>Zone : Bassin de la Nivelle et Côtiers basques</small>",3 oct. 2026
6175393,Valloire,26,Drôme,SUP,crise,Crise,4,2026-08-24,2026-10-31,26-2026-08-21-00002_BLV,"<b>Eaux de surface</b><br><span style=""background:maroon;color:#fff;padding:2px 7px;border-radius:4px;font-weight:bold;font-size:0.85em"">Crise</span><br>du 24 août 2026 au 31 oct. 2026<br><small>Zone : Valloire</small>",3 oct. 2026
6180088,L'Aubin réalimenté,64,Pyrénées-Atlantiques,SUP,crise,Crise,4,2026-09-26,2026-10-31,AP-64-2026-09-25-00002-ZRE,"<b>Eaux de surface</b><br><span style=""background:maroon;color:#fff;padding:2px 7px;border-radius:4px;font-weight:bold;font-size:0.85em"">Crise</span><br>du 26 sept. 2026 au 31 oct. 2026<br><small>Zone : L'Aubin réalimenté</small>",3 oct. 2026
6180089,Le Luy du Béarn médian réalimenté,64,Pyrénées-Atlantiques,SUP,crise,Crise,4,2026-09-26,2026-10-31,AP-64-2026-09-25-00002-ZRE,"<b>Eaux de surface</b><br><span style=""background:maroon;color:#fff;padding:2px 7px;border-radius:4px;font-weight:bold;font-size:0.85em"">Crise</span><br>du 26 sept. 2026 au 31 oct. 2026<br><small>Zone : Le Luy du Béarn médian réalimenté</small>",3 oct. 2026
6180092,Le Lées de Garlin réalimenté,64,Pyrénées-Atlantiques,SUP,crise,Crise,4,2026-09-26,2026-10-31,AP-64-2026-09-25-00002-ZRE,"<b>Eaux de surface</b><br><span style=""background:maroon;color:#fff;padding:2px 7px;border-radius:4px;font-weight:bold;font-size:0.85em"">Crise</span><br>du 26 sept. 2026 au 31 oct. 2026<br><small>Zone : Le Lées de Garlin réalimenté</small>",3 oct. 2026
6180107,Le Luy du Béarn aval réalimenté,64,Pyrénées-Atlantiques,SUP,crise,Crise,4,2026-09-26,2026-10-31,AP-64-2026-09-25-00002-ZRE,"<b>Eaux de surface</b><br><span style=""background:maroon;color:#fff;padding:2px 7px;border-radius:4px;font-weight:bold;font-size:0.85em"">Crise</span><br>du 26 sept. 2026 au 31 oct. 2026<br><small>Zone : Le Luy du Béarn aval réalimenté</small>",3 oct. 2026
6175417,AVRE AMONT,27,Eure,SUP,crise,Crise,4,2026-09-14,2026-11-30,DDTM/SEBF/2026-283,"<b>Eaux de surface</b><br><span style=""background:maroon;color:#fff;padding:2px 7px;border-radius:4px;font-weight:bold;font-size:0.85em"">Crise</span><br>du 14 sept. 2026 au 30 nov. 2026<br><small>Zone : AVRE AMONT</small>",3 oct. 2026
6175424,ITON AMONT,27,Eure,SUP,crise,Crise,4,2026-09-14,2026-11-30,DDTM/SEBF/2026-283,"<b>Eaux de surface</b><br><span style=""background:maroon;color:#fff;padding:2px 7px;border-radius:4px;font-weight:bold;font-size:0.85em"">Crise</span><br>du 14 sept. 2026 au 30 nov. 2026<br><small>Zone : ITON AMONT</small>",3 oct. 2026
6180108,Le Lées de Poundets réalimenté,64,Pyrénées-Atlantiques,SUP,crise,Crise,4,2026-09-26,2026-10-31,AP-64-2026-09-25-00002-ZRE,"<b>Eaux de surface</b><br><span style=""background:maroon;color:#fff;padding:2px 7px;border-radius:4px;font-weight:bold;font-size:0.85em"">Crise</span><br>du 26 sept. 2026 au 31 oct. 2026<br><small>Zone : Le Lées de Poundets réalimenté</small>",3 oct. 2026
6180129,Bassin de la Mielle,64,Pyrénées-Atlantiques,SUP,crise,Crise,4,2026-06-26,2026-10-31,64-2026-06-25-00003_Crise_Mielle,"<b>Eaux de surface</b><br><span style=""background:maroon;color:#fff;padding:2px 7px;border-radius:4px;font-weight:bold;font-size:0.85em"">Crise</span><br>du 26 juin 2026 au 31 oct. 2026<br><small>Zone : Bassin de la Mielle</small>",3 oct. 2026
6180135,Bassin du Soust,64,Pyrénées-Atlantiques,SUP,crise,Crise,4,2026-06-19,2026-10-31,64-2026-06-18-00015_Crise_Soust,"<b>Eaux de surface</b><br><span style=""background:maroon;color:#fff;padding:2px 7px;border-radius:4px;font-weight:bold;font-size:0.85em"">Crise</span><br>du 19 juin 2026 au 31 oct. 2026<br><small>Zone : Bassin du Soust</small>",3 oct. 2026
6180138,Bassin de l'Ousse des Bois,64,Pyrénées-Atlantiques,SUP,crise,Crise,4,2026-06-05,2026-10-31,AP-64-2026-06-04-00001_Crise_Ousse_des_Bois,"<b>Eaux de surface</b><br><span style=""background:maroon;color:#fff;padding:2px 7px;border-radius:4px;font-weight:bold;font-size:0.85em"">Crise</span><br>du 5 juin 2026 au 31 oct. 2026<br><small>Zone : Bassin de l'Ousse des Bois</small>",3 oct. 2026
6180140,Bassin de la Joyeuse,64,Pyrénées-Atlantiques,SUP,crise,Crise,4,2026-07-10,2026-10-31,AP-64-2026-07-08-00014_Crise_Joyeuse,"<b>Eaux de surface</b><br><span style=""background:maroon;color:#fff;padding:2px 7px;border-radius:4px;font-weight:bold;font-size:0.85em"">Crise</span><br>du 10 juil. 2026 au 31 oct. 2026<br><small>Zone : Bassin de la Joyeuse</small>",3 oct. 2026
6180142,Bassin de l'Escou,64,Pyrénées-Atlantiques,SUP,crise,Crise,4,2026-07-10,2026-10-31,AP-64-2026-07-08-00008_Crise_Escou,"<b>Eaux de surface</b><br><span style=""background:maroon;color:#fff;padding:2px 7px;border-radius:4px;font-weight:bold;font-size:0.85em"">Crise</span><br>du 10 juil. 2026 au 31 oct. 2026<br><small>Zone : Bassin de l'Escou</small>",3 oct. 2026
6180144,Bassin du Lausset,64,Pyrénées-Atlantiques,SUP,crise,Crise,4,2026-07-17,2026-10-31,AP-64-2026-07-16-00021_Crise_Lausset,"<b>Eaux de surface</b><br><span style=""background:maroon;color:#fff;padding:2px 7px;border-radius:4px;font-weight:bold;font-size:0.85em"">Crise</span><br>du 17 juil. 2026 au 31 oct. 2026<br><small>Zone : Bassin du Lausset</small>",3 oct. 2026
6180145,Bassin de la Bayse,64,Pyrénées-Atlantiques,SUP,crise,Crise,4,2026-06-26,2026-10-31,64-2026-06-25-00004_Crise_Baise,"<b>Eaux de surface</b><br><span style=""background:maroon;color:#fff;padding:2px 7px;border-radius:4px;font-weight:bold;font-size:0.85em"">Crise</span><br>du 26 juin 2026 au 31 oct. 2026<br><small>Zone : Bassin de la Bayse</small>",3 oct. 2026
6180148,Bassin du Saleys,64,Pyrénées-Atlantiques,SUP,crise,Crise,4,2026-07-17,2026-10-31,AP-64-2026-07-16-00018-Crise_Saleys,"<b>Eaux de surface</b><br><span style=""background:maroon;color:#fff;padding:2px 7px;border-radius:4px;font-weight:bold;font-size:0.85em"">Crise</span><br>du 17 juil. 2026 au 31 oct. 2026<br><small>Zone : Bassin du Saleys</small>",3 oct. 2026
6180185,BV de l'Osse,65,Hautes-Pyrénées,SUP,crise,Crise,4,2026-07-04,2026-10-31,65-2026-06-30-00001,"<b>Eaux de surface</b><br><span style=""background:maroon;color:#fff;padding:2px 7px;border-radius:4px;font-weight:bold;font-size:0.85em"">Crise</span><br>du 4 juil. 2026 au 31 oct. 2026<br><small>Zone : BV de l'Osse</small>",3 oct. 2026
6177129,Gabas réalimenté,40,Landes,SUP,crise,Crise,4,2026-10-03,2026-10-31,AP ACI ADOUR 2026-1275,"<b>Eaux de surface</b><br><span style=""background:maroon;color:#fff;padding:2px 7px;border-radius:4px;font-weight:bold;font-size:0.85em"">Crise</span><br>du 3 oct. 2026 au 31 oct. 2026<br><small>Zone : Gabas réalimenté</small>",3 oct. 2026
6177130,Luy de France réalimenté-40,40,Landes,SUP,crise,Crise,4,2026-10-03,2026-10-31,AP ACI ADOUR 2026-1275,"<b>Eaux de surface</b><br><span style=""background:maroon;color:#fff;padding:2px 7px;border-radius:4px;font-weight:bold;font-size:0.85em"">Crise</span><br>du 3 oct. 2026 au 31 oct. 2026<br><small>Zone : Luy de France réalimenté-40</small>",3 oct. 2026
6180161,BV affluents de l'Echez amont,65,Hautes-Pyrénées,SUP,crise,Crise,4,2026-07-08,2026-10-31,65-2026-06-25-00003,"<b>Eaux de surface</b><br><span style=""background:maroon;color:#fff;padding:2px 7px;border-radius:4px;font-weight:bold;font-size:0.85em"">Crise</span><br>du 8 juil. 2026 au 31 oct. 2026<br><small>Zone : BV affluents de l'Echez amont</small>",3 oct. 2026
6180172,BV du Bouès,65,Hautes-Pyrénées,SUP,crise,Crise,4,2026-09-12,2026-10-31,65-2026-09-11-00003,"<b>Eaux de surface</b><br><span style=""background:maroon;color:#fff;padding:2px 7px;border-radius:4px;font-weight:bold;font-size:0.85em"">Crise</span><br>du 12 sept. 2026 au 31 oct. 2026<br><small>Zone : BV du Bouès</small>",3 oct. 2026
6180173,BV du Lavet,65,Hautes-Pyrénées,SUP,crise,Crise,4,2026-09-12,2026-10-31,65-2026-09-11-00003,"<b>Eaux de surface</b><br><span style=""background:maroon;color:#fff;padding:2px 7px;border-radius:4px;font-weight:bold;font-size:0.85em"">Crise</span><br>du 12 sept. 2026 au 31 oct. 2026<br><small>Zone : BV du Lavet</small>",3 oct. 2026
6180175,BV du système Neste,65,Hautes-Pyrénées,SUP,crise,Crise,4,2026-09-12,2026-10-31,65-2026-09-11-00003,"<b>Eaux de surface</b><br><span style=""background:maroon;color:#fff;padding:2px 7px;border-radius:4px;font-weight:bold;font-size:0.85em"">Crise</span><br>du 12 sept. 2026 au 31 oct. 2026<br><small>Zone : BV du système Neste</small>",3 oct. 2026
6180177,La Gimone,65,Hautes-Pyrénées,SUP,crise,Crise,4,2026-09-12,2026-10-31,65-2026-09-11-00003,"<b>Eaux de surface</b><br><span style=""background:maroon;color:#fff;padding:2px 7px;border-radius:4px;font-weight:bold;font-size:0.85em"">Crise</span><br>du 12 sept. 2026 au 31 oct. 2026<br><small>Zone : La Gimone</small>",3 oct. 2026
6180178,BV des affluents de la Garonne,65,Hautes-Pyrénées,SUP,crise,Crise,4,2026-10-02,2026-10-31,65-2026-10-02-00003,"<b>Eaux de surface</b><br><span style=""background:maroon;color:#fff;padding:2px 7px;border-radius:4px;font-weight:bold;font-size:0.85em"">Crise</span><br>du 2 oct. 2026 au 31 oct. 2026<br><small>Zone : BV des affluents de la Garonne</small>",3 oct. 2026
6180179,BV de la Garonne,65,Hautes-Pyrénées,SUP,crise,Crise,4,2026-10-02,2026-10-31,65-2026-10-02-00003,"<b>Eaux de surface</b><br><span style=""background:maroon;color:#fff;padding:2px 7px;border-radius:4px;font-weight:bold;font-size:0.85em"">Crise</span><br>du 2 oct. 2026 au 31 oct. 2026<br><small>Zone : BV de la Garonne</small>",3 oct. 2026
6180180,BV Neste amont,65,Hautes-Pyrénées,SUP,crise,Crise,4,2026-10-02,2026-10-31,65-2026-10-02-00003,"<b>Eaux de surface</b><br><span style=""background:maroon;color:#fff;padding:2px 7px;border-radius:4px;font-weight:bold;font-size:0.85em"">Crise</span><br>du 2 oct. 2026 au 31 oct. 2026<br><small>Zone : BV Neste amont</small>",3 oct. 2026
6180187,BV de l'Ousse,65,Hautes-Pyrénées,SUP,crise,Crise,4,2026-06-27,2026-10-31,65-2026-06-24-00009,"<b>Eaux de surface</b><br><span style=""background:maroon;color:#fff;padding:2px 7px;border-radius:4px;font-weight:bold;font-size:0.85em"">Crise</span><br>du 27 juin 2026 au 31 oct. 2026<br><small>Zone : BV de l'Ousse</small>",3 oct. 2026
6180188,BV de l'Arrats,65,Hautes-Pyrénées,SUP,crise,Crise,4,2026-07-04,2026-10-31,65-2026-06-30-00001,"<b>Eaux de surface</b><br><span style=""background:maroon;color:#fff;padding:2px 7px;border-radius:4px;font-weight:bold;font-size:0.85em"">Crise</span><br>du 4 juil. 2026 au 31 oct. 2026<br><small>Zone : BV de l'Arrats</small>",3 oct. 2026
6180201,Tech - Albères,66,Pyrénées-Orientales,SUP,crise,Crise,4,2026-09-30,2026-11-30,DDTM-SER-2026-273-0001,"<b>Eaux de surface</b><br><span style=""background:maroon;color:#fff;padding:2px 7px;border-radius:4px;font-weight:bold;font-size:0.85em"">Crise</span><br>du 30 sept. 2026 au 30 nov. 2026<br><small>Zone : Tech - Albères</small>",3 oct. 2026
6176173,Bassin de l'Indre (In1),37,Indre-et-Loire,SUP,crise,Crise,4,2026-09-27,2026-10-31,Arrêté du 25 SEPTEMBRE 2026,"<b>Eaux de surface</b><br><span style=""background:maroon;color:#fff;padding:2px 7px;border-radius:4px;font-weight:bold;font-size:0.85em"">Crise</span><br>du 27 sept. 2026 au 31 oct. 2026<br><small>Zone : Bassin de l'Indre (In1)</small>",3 oct. 2026
6176178,Bassin de la Loire (Lre2),37,Indre-et-Loire,SUP,crise,Crise,4,2026-09-27,2026-10-31,Arrêté du 25 SEPTEMBRE 2026,"<b>Eaux de surface</b><br><span style=""background:maroon;color:#fff;padding:2px 7px;border-radius:4px;font-weight:bold;font-size:0.85em"">Crise</span><br>du 27 sept. 2026 au 31 oct. 2026<br><small>Zone : Bassin de la Loire (Lre2)</small>",3 oct. 2026
6180217,"bassins de la Bruche, Mossig, Ehn, Andlau, Giessen et Liepvrette - partie dpt 67",67,Bas-Rhin,SUP,crise,Crise,4,2026-10-01,2026-10-31,30 septembre 2026,"<b>Eaux de surface</b><br><span style=""background:maroon;color:#fff;padding:2px 7px;border-radius:4px;font-weight:bold;font-size:0.85em"">Crise</span><br>du 1 oct. 2026 au 31 oct. 2026<br><small>Zone : bassins de la Bruche, Mossig, Ehn, Andlau, Giessen et Liepvrette - partie dpt 67</small>",3 oct. 2026
6173534,Bassin de l'Andelot,03,Allier,SUP,crise,Crise,4,2026-08-29,2026-10-15,2043/2026,"<b>Eaux de surface</b><br><span style=""background:maroon;color:#fff;padding:2px 7px;border-radius:4px;font-weight:bold;font-size:0.85em"">Crise</span><br>du 29 août 2026 au 15 oct. 2026<br><small>Zone : Bassin de l'Andelot</small>",3 oct. 2026
6173514,Bassin du Cher (en amont de Chambonchard),03,Allier,SUP,crise,Crise,4,2026-08-29,2026-10-15,2043/2026,"<b>Eaux de surface</b><br><span style=""background:maroon;color:#fff;padding:2px 7px;border-radius:4px;font-weight:bold;font-size:0.85em"">Crise</span><br>du 29 août 2026 au 15 oct. 2026<br><small>Zone : Bassin du Cher (en amont de Chambonchard)</small>",3 oct. 2026
6173529,Bassin de l'Allier,03,Allier,SUP,crise,Crise,4,2026-08-29,2026-10-15,2043/2026,"<b>Eaux de surface</b><br><span style=""background:maroon;color:#fff;padding:2px 7px;border-radius:4px;font-weight:bold;font-size:0.85em"">Crise</span><br>du 29 août 2026 au 15 oct. 2026<br><small>Zone : Bassin de l'Allier</small>",3 oct. 2026
6173518,Bassin de la Besbre,03,Allier,SUP,crise,Crise,4,2026-08-29,2026-10-15,2043/2026,"<b>Eaux de surface</b><br><span style=""background:maroon;color:#fff;padding:2px 7px;border-radius:4px;font-weight:bold;font-size:0.85em"">Crise</span><br>du 29 août 2026 au 15 oct. 2026<br><small>Zone : Bassin de la Besbre</small>",3 oct. 2026
6173524,Bassin de la Bouble et du Boublon,03,Allier,SUP,crise,Crise,4,2026-08-29,2026-10-15,2043/2026,"<b>Eaux de surface</b><br><span style=""background:maroon;color:#fff;padding:2px 7px;border-radius:4px;font-weight:bold;font-size:0.85em"">Crise</span><br>du 29 août 2026 au 15 oct. 2026<br><small>Zone : Bassin de la Bouble et du Boublon</small>",3 oct. 2026
6173519,Bassin de l'Acolin,03,Allier,SUP,crise,Crise,4,2026-08-29,2026-10-15,2043/2026,"<b>Eaux de surface</b><br><span style=""background:maroon;color:#fff;padding:2px 7px;border-radius:4px;font-weight:bold;font-size:0.85em"">Crise</span><br>du 29 août 2026 au 15 oct. 2026<br><small>Zone : Bassin de l'Acolin</small>",3 oct. 2026
6173522,Bassin du Cher,03,Allier,SUP,crise,Crise,4,2026-08-29,2026-10-15,2043/2026,"<b>Eaux de surface</b><br><span style=""background:maroon;color:#fff;padding:2px 7px;border-radius:4px;font-weight:bold;font-size:0.85em"">Crise</span><br>du 29 août 2026 au 15 oct. 2026<br><small>Zone : Bassin du Cher</small>",3 oct. 2026
6173516,Bassin du Sichon,03,Allier,SUP,crise,Crise,4,2026-08-29,2026-10-15,2043/2026,"<b>Eaux de surface</b><br><span style=""background:maroon;color:#fff;padding:2px 7px;border-radius:4px;font-weight:bold;font-size:0.85em"">Crise</span><br>du 29 août 2026 au 15 oct. 2026<br><small>Zone : Bassin du Sichon</small>",3 oct. 2026
6173521,Bassin de la Loire,03,Allier,SUP,crise,Crise,4,2026-08-29,2026-10-15,2043/2026,"<b>Eaux de surface</b><br><span style=""background:maroon;color:#fff;padding:2px 7px;border-radius:4px;font-weight:bold;font-size:0.85em"">Crise</span><br>du 29 août 2026 au 15 oct. 2026<br><small>Zone : Bassin de la Loire</small>",3 oct. 2026
6173531,Bassin de l'Oeil et de l'Aumance,03,Allier,SUP,crise,Crise,4,2026-08-29,2026-10-15,2043/2026,"<b>Eaux de surface</b><br><span style=""background:maroon;color:#fff;padding:2px 7px;border-radius:4px;font-weight:bold;font-size:0.85em"">Crise</span><br>du 29 août 2026 au 15 oct. 2026<br><small>Zone : Bassin de l'Oeil et de l'Aumance</small>",3 oct. 2026
6176073,Bassin du ruisseau de la Coulee,37,Indre-et-Loire,SUP,crise,Crise,4,2026-09-27,2026-10-31,Arrêté du 25 SEPTEMBRE 2026,"<b>Eaux de surface</b><br><span style=""background:maroon;color:#fff;padding:2px 7px;border-radius:4px;font-weight:bold;font-size:0.85em"">Crise</span><br>du 27 sept. 2026 au 31 oct. 2026<br><small>Zone : Bassin du ruisseau de la Coulee</small>",3 oct. 2026
6176075,Bassin du ruisseau d'Olivet,37,Indre-et-Loire,SUP,crise,Crise,4,2026-09-27,2026-10-31,Arrêté du 25 SEPTEMBRE 2026,"<b>Eaux de surface</b><br><span style=""background:maroon;color:#fff;padding:2px 7px;border-radius:4px;font-weight:bold;font-size:0.85em"">Crise</span><br>du 27 sept. 2026 au 31 oct. 2026<br><small>Zone : Bassin du ruisseau d'Olivet</small>",3 oct. 2026
6176078,Bassin du ruisseau d'Aubigny,37,Indre-et-Loire,SUP,crise,Crise,4,2026-09-27,2026-10-31,Arrêté du 25 SEPTEMBRE 2026,"<b>Eaux de surface</b><br><span style=""background:maroon;color:#fff;padding:2px 7px;border-radius:4px;font-weight:bold;font-size:0.85em"">Crise</span><br>du 27 sept. 2026 au 31 oct. 2026<br><small>Zone : Bassin du ruisseau d'Aubigny</small>",3 oct. 2026
6176081,Bassin de la Bourouse,37,Indre-et-Loire,SUP,crise,Crise,4,2026-09-27,2026-10-31,Arrêté du 25 SEPTEMBRE 2026,"<b>Eaux de surface</b><br><span style=""background:maroon;color:#fff;padding:2px 7px;border-radius:4px;font-weight:bold;font-size:0.85em"">Crise</span><br>du 27 sept. 2026 au 31 oct. 2026<br><small>Zone : Bassin de la Bourouse</small>",3 oct. 2026
6176084,Bassin de la Veude De Poncay,37,Indre-et-Loire,SUP,crise,Crise,4,2026-09-27,2026-10-31,Arrêté du 25 SEPTEMBRE 2026,"<b>Eaux de surface</b><br><span style=""background:maroon;color:#fff;padding:2px 7px;border-radius:4px;font-weight:bold;font-size:0.85em"">Crise</span><br>du 27 sept. 2026 au 31 oct. 2026<br><small>Zone : Bassin de la Veude De Poncay</small>",3 oct. 2026
6176085,Bassin du ruisseau de Panzoult,37,Indre-et-Loire,SUP,crise,Crise,4,2026-09-27,2026-10-31,Arrêté du 25 SEPTEMBRE 2026,"<b>Eaux de surface</b><br><span style=""background:maroon;color:#fff;padding:2px 7px;border-radius:4px;font-weight:bold;font-size:0.85em"">Crise</span><br>du 27 sept. 2026 au 31 oct. 2026<br><small>Zone : Bassin du ruisseau de Panzoult</small>",3 oct. 2026
6176088,Bassin de la Muanne,37,Indre-et-Loire,SUP,crise,Crise,4,2026-09-27,2026-10-31,Arrêté du 25 SEPTEMBRE 2026,"<b>Eaux de surface</b><br><span style=""background:maroon;color:#fff;padding:2px 7px;border-radius:4px;font-weight:bold;font-size:0.85em"">Crise</span><br>du 27 sept. 2026 au 31 oct. 2026<br><small>Zone : Bassin de la Muanne</small>",3 oct. 2026
6176089,Bassin du Vieux Cher,37,Indre-et-Loire,SUP,crise,Crise,4,2026-09-27,2026-10-31,Arrêté du 25 SEPTEMBRE 2026,"<b>Eaux de surface</b><br><span style=""background:maroon;color:#fff;padding:2px 7px;border-radius:4px;font-weight:bold;font-size:0.85em"">Crise</span><br>du 27 sept. 2026 au 31 oct. 2026<br><small>Zone : Bassin du Vieux Cher</small>",3 oct. 2026
6176091,Bassin du ruisseau de Chezelles,37,Indre-et-Loire,SUP,crise,Crise,4,2026-09-27,2026-10-31,Arrêté du 25 SEPTEMBRE 2026,"<b>Eaux de surface</b><br><span style=""background:maroon;color:#fff;padding:2px 7px;border-radius:4px;font-weight:bold;font-size:0.85em"">Crise</span><br>du 27 sept. 2026 au 31 oct. 2026<br><small>Zone : Bassin du ruisseau de Chezelles</small>",3 oct. 2026
6176094,Bassin du ruisseau de Vitray,37,Indre-et-Loire,SUP,crise,Crise,4,2026-09-27,2026-10-31,Arrêté du 25 SEPTEMBRE 2026,"<b>Eaux de surface</b><br><span style=""background:maroon;color:#fff;padding:2px 7px;border-radius:4px;font-weight:bold;font-size:0.85em"">Crise</span><br>du 27 sept. 2026 au 31 oct. 2026<br><small>Zone : Bassin du ruisseau de Vitray</small>",3 oct. 2026
6176096,Bassin du ruisseau Sennevieres,37,Indre-et-Loire,SUP,crise,Crise,4,2026-09-27,2026-10-31,Arrêté du 25 SEPTEMBRE 2026,"<b>Eaux de surface</b><br><span style=""background:maroon;color:#fff;padding:2px 7px;border-radius:4px;font-weight:bold;font-size:0.85em"">Crise</span><br>du 27 sept. 2026 au 31 oct. 2026<br><small>Zone : Bassin du ruisseau Sennevieres</small>",3 oct. 2026
6176098,Bassin du ruisseau de Montison,37,Indre-et-Loire,SUP,crise,Crise,4,2026-09-27,2026-10-31,Arrêté du 25 SEPTEMBRE 2026,"<b>Eaux de surface</b><br><span style=""background:maroon;color:#fff;padding:2px 7px;border-radius:4px;font-weight:bold;font-size:0.85em"">Crise</span><br>du 27 sept. 2026 au 31 oct. 2026<br><small>Zone : Bassin du ruisseau de Montison</small>",3 oct. 2026
6176100,Bassin du ruisseau de Chantereine,37,Indre-et-Loire,SUP,crise,Crise,4,2026-09-27,2026-10-31,Arrêté du 25 SEPTEMBRE 2026,"<b>Eaux de surface</b><br><span style=""background:maroon;color:#fff;padding:2px 7px;border-radius:4px;font-weight:bold;font-size:0.85em"">Crise</span><br>du 27 sept. 2026 au 31 oct. 2026<br><small>Zone : Bassin du ruisseau de Chantereine</small>",3 oct. 2026
6176104,Bassin du ruisseau de Cleret,37,Indre-et-Loire,SUP,crise,Crise,4,2026-09-27,2026-10-31,Arrêté du 25 SEPTEMBRE 2026,"<b>Eaux de surface</b><br><span style=""background:maroon;color:#fff;padding:2px 7px;border-radius:4px;font-weight:bold;font-size:0.85em"">Crise</span><br>du 27 sept. 2026 au 31 oct. 2026<br><small>Zone : Bassin du ruisseau de Cleret</small>",3 oct. 2026
6176106,Bassin du ruisseau de Rochette,37,Indre-et-Loire,SUP,crise,Crise,4,2026-09-27,2026-10-31,Arrêté du 25 SEPTEMBRE 2026,"<b>Eaux de surface</b><br><span style=""background:maroon;color:#fff;padding:2px 7px;border-radius:4px;font-weight:bold;font-size:0.85em"">Crise</span><br>du 27 sept. 2026 au 31 oct. 2026<br><small>Zone : Bassin du ruisseau de Rochette</small>",3 oct. 2026
6176108,Bassin du ruisseau des Vallees,37,Indre-et-Loire,SUP,crise,Crise,4,2026-09-27,2026-10-31,Arrêté du 25 SEPTEMBRE 2026,"<b>Eaux de surface</b><br><span style=""background:maroon;color:#fff;padding:2px 7px;border-radius:4px;font-weight:bold;font-size:0.85em"">Crise</span><br>du 27 sept. 2026 au 31 oct. 2026<br><small>Zone : Bassin du ruisseau des Vallees</small>",3 oct. 2026
6176109,Bassin du ruisseau de Roche,37,Indre-et-Loire,SUP,crise,Crise,4,2026-09-27,2026-10-31,Arrêté du 25 SEPTEMBRE 2026,"<b>Eaux de surface</b><br><span style=""background:maroon;color:#fff;padding:2px 7px;border-radius:4px;font-weight:bold;font-size:0.85em"">Crise</span><br>du 27 sept. 2026 au 31 oct. 2026<br><small>Zone : Bassin du ruisseau de Roche</small>",3 oct. 2026
6176110,Bassin de la Fontaine Menard,37,Indre-et-Loire,SUP,crise,Crise,4,2026-09-27,2026-10-31,Arrêté du 25 SEPTEMBRE 2026,"<b>Eaux de surface</b><br><span style=""background:maroon;color:#fff;padding:2px 7px;border-radius:4px;font-weight:bold;font-size:0.85em"">Crise</span><br>du 27 sept. 2026 au 31 oct. 2026<br><small>Zone : Bassin de la Fontaine Menard</small>",3 oct. 2026
6176114,Bassin du ruisseau de Verneuil,37,Indre-et-Loire,SUP,crise,Crise,4,2026-09-27,2026-10-31,Arrêté du 25 SEPTEMBRE 2026,"<b>Eaux de surface</b><br><span style=""background:maroon;color:#fff;padding:2px 7px;border-radius:4px;font-weight:bold;font-size:0.85em"">Crise</span><br>du 27 sept. 2026 au 31 oct. 2026<br><small>Zone : Bassin du ruisseau de Verneuil</small>",3 oct. 2026
6176117,Bassin du ruisseau de Rigny,37,Indre-et-Loire,SUP,crise,Crise,4,2026-09-27,2026-10-31,Arrêté du 25 SEPTEMBRE 2026,"<b>Eaux de surface</b><br><span style=""background:maroon;color:#fff;padding:2px 7px;border-radius:4px;font-weight:bold;font-size:0.85em"">Crise</span><br>du 27 sept. 2026 au 31 oct. 2026<br><small>Zone : Bassin du ruisseau de Rigny</small>",3 oct. 2026
6176119,Bassin du ruisseau d'Azay,37,Indre-et-Loire,SUP,crise,Crise,4,2026-09-27,2026-10-31,Arrêté du 25 SEPTEMBRE 2026,"<b>Eaux de surface</b><br><span style=""background:maroon;color:#fff;padding:2px 7px;border-radius:4px;font-weight:bold;font-size:0.85em"">Crise</span><br>du 27 sept. 2026 au 31 oct. 2026<br><small>Zone : Bassin du ruisseau d'Azay</small>",3 oct. 2026
6176122,Bassin de l'Indrois Amont,37,Indre-et-Loire,SUP,crise,Crise,4,2026-09-27,2026-10-31,Arrêté du 25 SEPTEMBRE 2026,"<b>Eaux de surface</b><br><span style=""background:maroon;color:#fff;padding:2px 7px;border-radius:4px;font-weight:bold;font-size:0.85em"">Crise</span><br>du 27 sept. 2026 au 31 oct. 2026<br><small>Zone : Bassin de l'Indrois Amont</small>",3 oct. 2026
6176124,Bassin de l'Echandon,37,Indre-et-Loire,SUP,crise,Crise,4,2026-09-27,2026-10-31,Arrêté du 25 SEPTEMBRE 2026,"<b>Eaux de surface</b><br><span style=""background:maroon;color:#fff;padding:2px 7px;border-radius:4px;font-weight:bold;font-size:0.85em"">Crise</span><br>du 27 sept. 2026 au 31 oct. 2026<br><small>Zone : Bassin de l'Echandon</small>",3 oct. 2026
6176125,Bassin de la Veude,37,Indre-et-Loire,SUP,crise,Crise,4,2026-09-27,2026-10-31,Arrêté du 25 SEPTEMBRE 2026,"<b>Eaux de surface</b><br><span style=""background:maroon;color:#fff;padding:2px 7px;border-radius:4px;font-weight:bold;font-size:0.85em"">Crise</span><br>du 27 sept. 2026 au 31 oct. 2026<br><small>Zone : Bassin de la Veude</small>",3 oct. 2026
6176128,Bassin de la Roumer,37,Indre-et-Loire,SUP,crise,Crise,4,2026-09-27,2026-10-31,Arrêté du 25 SEPTEMBRE 2026,"<b>Eaux de surface</b><br><span style=""background:maroon;color:#fff;padding:2px 7px;border-radius:4px;font-weight:bold;font-size:0.85em"">Crise</span><br>du 27 sept. 2026 au 31 oct. 2026<br><small>Zone : Bassin de la Roumer</small>",3 oct. 2026
6176130,Bassin de l'Indre (In2),37,Indre-et-Loire,SUP,crise,Crise,4,2026-09-27,2026-10-31,Arrêté du 25 SEPTEMBRE 2026,"<b>Eaux de surface</b><br><span style=""background:maroon;color:#fff;padding:2px 7px;border-radius:4px;font-weight:bold;font-size:0.85em"">Crise</span><br>du 27 sept. 2026 au 31 oct. 2026<br><small>Zone : Bassin de l'Indre (In2)</small>",3 oct. 2026
6176136,Bassin de l'Indrois,37,Indre-et-Loire,SUP,crise,Crise,4,2026-09-27,2026-10-31,Arrêté du 25 SEPTEMBRE 2026,"<b>Eaux de surface</b><br><span style=""background:maroon;color:#fff;padding:2px 7px;border-radius:4px;font-weight:bold;font-size:0.85em"">Crise</span><br>du 27 sept. 2026 au 31 oct. 2026<br><small>Zone : Bassin de l'Indrois</small>",3 oct. 2026
6176142,Bassin de la Loire (Lre1),37,Indre-et-Loire,SUP,crise,Crise,4,2026-09-27,2026-10-31,Arrêté du 25 SEPTEMBRE 2026,"<b>Eaux de surface</b><br><span style=""background:maroon;color:#fff;padding:2px 7px;border-radius:4px;font-weight:bold;font-size:0.85em"">Crise</span><br>du 27 sept. 2026 au 31 oct. 2026<br><small>Zone : Bassin de la Loire (Lre1)</small>",3 oct. 2026
6176155,Bassin de la Bresme,37,Indre-et-Loire,SUP,crise,Crise,4,2026-09-27,2026-10-31,Arrêté du 25 SEPTEMBRE 2026,"<b>Eaux de surface</b><br><span style=""background:maroon;color:#fff;padding:2px 7px;border-radius:4px;font-weight:bold;font-size:0.85em"">Crise</span><br>du 27 sept. 2026 au 31 oct. 2026<br><small>Zone : Bassin de la Bresme</small>",3 oct. 2026
6176163,Bassin du ruisseau de Parcay,37,Indre-et-Loire,SUP,crise,Crise,4,2026-09-27,2026-10-31,Arrêté du 25 SEPTEMBRE 2026,"<b>Eaux de surface</b><br><span style=""background:maroon;color:#fff;padding:2px 7px;border-radius:4px;font-weight:bold;font-size:0.85em"">Crise</span><br>du 27 sept. 2026 au 31 oct. 2026<br><small>Zone : Bassin du ruisseau de Parcay</small>",3 oct. 2026
6176164,Bassin du ruisseau du Doigt,37,Indre-et-Loire,SUP,crise,Crise,4,2026-09-27,2026-10-31,Arrêté du 25 SEPTEMBRE 2026,"<b>Eaux de surface</b><br><span style=""background:maroon;color:#fff;padding:2px 7px;border-radius:4px;font-weight:bold;font-size:0.85em"">Crise</span><br>du 27 sept. 2026 au 31 oct. 2026<br><small>Zone : Bassin du ruisseau du Doigt</small>",3 oct. 2026
6176166,Bassin du Negron,37,Indre-et-Loire,SUP,crise,Crise,4,2026-09-27,2026-10-31,Arrêté du 25 SEPTEMBRE 2026,"<b>Eaux de surface</b><br><span style=""background:maroon;color:#fff;padding:2px 7px;border-radius:4px;font-weight:bold;font-size:0.85em"">Crise</span><br>du 27 sept. 2026 au 31 oct. 2026<br><small>Zone : Bassin du Negron</small>",3 oct. 2026
6176167,Bassin du Cher (Ch1),37,Indre-et-Loire,SUP,crise,Crise,4,2026-09-27,2026-10-31,Arrêté du 25 SEPTEMBRE 2026,"<b>Eaux de surface</b><br><span style=""background:maroon;color:#fff;padding:2px 7px;border-radius:4px;font-weight:bold;font-size:0.85em"">Crise</span><br>du 27 sept. 2026 au 31 oct. 2026<br><small>Zone : Bassin du Cher (Ch1)</small>",3 oct. 2026
6176187,Bassin du ruisseau de Boutineau,37,Indre-et-Loire,SUP,crise,Crise,4,2026-09-27,2026-10-31,Arrêté du 25 SEPTEMBRE 2026,"<b>Eaux de surface</b><br><span style=""background:maroon;color:#fff;padding:2px 7px;border-radius:4px;font-weight:bold;font-size:0.85em"">Crise</span><br>du 27 sept. 2026 au 31 oct. 2026<br><small>Zone : Bassin du ruisseau de Boutineau</small>",3 oct. 2026
6176265,Chartreuse-Guiers,38,Isère,SUP,crise,Crise,4,2026-09-30,2026-10-31,38-2026-09-28-00012 [Isère],"<b>Eaux de surface</b><br><span style=""background:maroon;color:#fff;padding:2px 7px;border-radius:4px;font-weight:bold;font-size:0.85em"">Crise</span><br>du 30 sept. 2026 au 31 oct. 2026<br><small>Zone : Chartreuse-Guiers</small>",3 oct. 2026
6176278,Bièvre-Liers-Valloire,38,Isère,SUP,crise,Crise,4,2026-10-01,2026-10-31,38-2026-09-28-00011 et 26-2026-10-01-00005,"<b>Eaux de surface</b><br><span style=""background:maroon;color:#fff;padding:2px 7px;border-radius:4px;font-weight:bold;font-size:0.85em"">Crise</span><br>du 1 oct. 2026 au 31 oct. 2026<br><small>Zone : Bièvre-Liers-Valloire</small>",3 oct. 2026
6174564,Zone d'alerte n°6_Le Salat,09,Ariège,SUP,crise,Crise,4,2026-09-21,2026-10-04,20260918,"<b>Eaux de surface</b><br><span style=""background:maroon;color:#fff;padding:2px 7px;border-radius:4px;font-weight:bold;font-size:0.85em"">Crise</span><br>du 21 sept. 2026 au 4 oct. 2026<br><small>Zone : Zone d'alerte n°6_Le Salat</small>",3 oct. 2026
6174567,Zone d'alerte n°4.3_Les affluents de l'Ariège aval,09,Ariège,SUP,crise,Crise,4,2026-09-21,2026-10-04,20260918,"<b>Eaux de surface</b><br><span style=""background:maroon;color:#fff;padding:2px 7px;border-radius:4px;font-weight:bold;font-size:0.85em"">Crise</span><br>du 21 sept. 2026 au 4 oct. 2026<br><small>Zone : Zone d'alerte n°4.3_Les affluents de l'Ariège aval</small>",3 oct. 2026
6174568,Zone d'alerte n°1_Arize (non réalimenté),09,Ariège,SUP,crise,Crise,4,2026-09-21,2026-10-04,20260918,"<b>Eaux de surface</b><br><span style=""background:maroon;color:#fff;padding:2px 7px;border-radius:4px;font-weight:bold;font-size:0.85em"">Crise</span><br>du 21 sept. 2026 au 4 oct. 2026<br><small>Zone : Zone d'alerte n°1_Arize (non réalimenté)</small>",3 oct. 2026
6174574,Zone d'alerte n°3.2_Les affluents de la Lèze,09,Ariège,SUP,crise,Crise,4,2026-09-21,2026-10-04,20260918,"<b>Eaux de surface</b><br><span style=""background:maroon;color:#fff;padding:2px 7px;border-radius:4px;font-weight:bold;font-size:0.85em"">Crise</span><br>du 21 sept. 2026 au 4 oct. 2026<br><small>Zone : Zone d'alerte n°3.2_Les affluents de la Lèze</small>",3 oct. 2026
6174556,Zone d'alerte n°5.4_Le Douctouyre,09,Ariège,SUP,crise,Crise,4,2026-09-21,2026-10-04,20260918,"<b>Eaux de surface</b><br><span style=""background:maroon;color:#fff;padding:2px 7px;border-radius:4px;font-weight:bold;font-size:0.85em"">Crise</span><br>du 21 sept. 2026 au 4 oct. 2026<br><small>Zone : Zone d'alerte n°5.4_Le Douctouyre</small>",3 oct. 2026
6174557,Zone d'alerte n°4.4_Le Sios,09,Ariège,SUP,crise,Crise,4,2026-09-21,2026-10-04,20260918,"<b>Eaux de surface</b><br><span style=""background:maroon;color:#fff;padding:2px 7px;border-radius:4px;font-weight:bold;font-size:0.85em"">Crise</span><br>du 21 sept. 2026 au 4 oct. 2026<br><small>Zone : Zone d'alerte n°4.4_Le Sios</small>",3 oct. 2026
6174558,Zone d'alerte n°5.5_Le Touyre,09,Ariège,SUP,crise,Crise,4,2026-09-21,2026-10-04,20260918,"<b>Eaux de surface</b><br><span style=""background:maroon;color:#fff;padding:2px 7px;border-radius:4px;font-weight:bold;font-size:0.85em"">Crise</span><br>du 21 sept. 2026 au 4 oct. 2026<br><small>Zone : Zone d'alerte n°5.5_Le Touyre</small>",3 oct. 2026
6174580,Vanne,10,Aube,SUP,crise,Crise,4,2026-09-26,2026-10-31,DDT/SEB/PREMA-2026268-0001,"<b>Eaux de surface</b><br><span style=""background:maroon;color:#fff;padding:2px 7px;border-radius:4px;font-weight:bold;font-size:0.85em"">Crise</span><br>du 26 sept. 2026 au 31 oct. 2026<br><small>Zone : Vanne</small>",3 oct. 2026
6174583,Seine amont,10,Aube,SUP,crise,Crise,4,2026-09-26,2026-10-31,DDT/SEB/PREMA-2026268-0001,"<b>Eaux de surface</b><br><span style=""background:maroon;color:#fff;padding:2px 7px;border-radius:4px;font-weight:bold;font-size:0.85em"">Crise</span><br>du 26 sept. 2026 au 31 oct. 2026<br><small>Zone : Seine amont</small>",3 oct. 2026
6174616,6. Secteur Orbieu et affluents rive droite de l'Aude sur ce secteur,11,Aude,SUP,crise,Crise,4,2026-09-30,2026-10-31,DDTM-SAFEB-2026-19,"<b>Eaux de surface</b><br><span style=""background:maroon;color:#fff;padding:2px 7px;border-radius:4px;font-weight:bold;font-size:0.85em"">Crise</span><br>du 30 sept. 2026 au 31 oct. 2026<br><small>Zone : 6. Secteur Orbieu et affluents rive droite de l'Aude sur ce secteur</small>",3 oct. 2026
6174618,3. Secteur Aude amont (hors axe réalimenté),11,Aude,SUP,crise,Crise,4,2026-09-30,2026-10-31,DDTM-SAFEB-2026-19,"<b>Eaux de surface</b><br><span style=""background:maroon;color:#fff;padding:2px 7px;border-radius:4px;font-weight:bold;font-size:0.85em"">Crise</span><br>du 30 sept. 2026 au 31 oct. 2026<br><small>Zone : 3. Secteur Aude amont (hors axe réalimenté)</small>",3 oct. 2026
6177028,Luy de Béarn réalimenté-40,40,Landes,SUP,crise,Crise,4,2026-10-03,2026-10-31,AP ACI ADOUR 2026-1275,"<b>Eaux de surface</b><br><span style=""background:maroon;color:#fff;padding:2px 7px;border-radius:4px;font-weight:bold;font-size:0.85em"">Crise</span><br>du 3 oct. 2026 au 31 oct. 2026<br><small>Zone : Luy de Béarn réalimenté-40</small>",3 oct. 2026
6174605,8. Secteur Argent-Double et affluents rive gauche de l'Aude sur ce secteur,11,Aude,SUP,crise,Crise,4,2026-09-30,2026-10-31,DDTM-SAFEB-2026-19,"<b>Eaux de surface</b><br><span style=""background:maroon;color:#fff;padding:2px 7px;border-radius:4px;font-weight:bold;font-size:0.85em"">Crise</span><br>du 30 sept. 2026 au 31 oct. 2026<br><small>Zone : 8. Secteur Argent-Double et affluents rive gauche de l'Aude sur ce secteur</small>",3 oct. 2026
6174613,10. Bassin versant du Fresquel,11,Aude,SUP,crise,Crise,4,2026-09-30,2026-10-31,DDTM-SAFEB-2026-19,"<b>Eaux de surface</b><br><span style=""background:maroon;color:#fff;padding:2px 7px;border-radius:4px;font-weight:bold;font-size:0.85em"">Crise</span><br>du 30 sept. 2026 au 31 oct. 2026<br><small>Zone : 10. Bassin versant du Fresquel</small>",3 oct. 2026
6177030,Bassin de l'Adour (Adour4-b),40,Landes,SUP,crise,Crise,4,2026-10-03,2026-10-31,AP ACI ADOUR 2026-1275,"<b>Eaux de surface</b><br><span style=""background:maroon;color:#fff;padding:2px 7px;border-radius:4px;font-weight:bold;font-size:0.85em"">Crise</span><br>du 3 oct. 2026 au 31 oct. 2026<br><small>Zone : Bassin de l'Adour (Adour4-b)</small>",3 oct. 2026
6178898,ALLIER,58,Nièvre,SUP,crise,Crise,4,2026-08-17,2026-11-30,58-2026-08-13-00003,"<b>Eaux de surface</b><br><span style=""background:maroon;color:#fff;padding:2px 7px;border-radius:4px;font-weight:bold;font-size:0.85em"">Crise</span><br>du 17 août 2026 au 30 nov. 2026<br><small>Zone : ALLIER</small>",3 oct. 2026
6178907,SAUZAY,58,Nièvre,SUP,crise,Crise,4,2026-08-17,2026-11-30,58-2026-08-13-00003,"<b>Eaux de surface</b><br><span style=""background:maroon;color:#fff;padding:2px 7px;border-radius:4px;font-weight:bold;font-size:0.85em"">Crise</span><br>du 17 août 2026 au 30 nov. 2026<br><small>Zone : SAUZAY</small>",3 oct. 2026
6178899,BEUVRON,58,Nièvre,SUP,crise,Crise,4,2026-08-17,2026-11-30,58-2026-08-13-00003,"<b>Eaux de surface</b><br><span style=""background:maroon;color:#fff;padding:2px 7px;border-radius:4px;font-weight:bold;font-size:0.85em"">Crise</span><br>du 17 août 2026 au 30 nov. 2026<br><small>Zone : BEUVRON</small>",3 oct. 2026
6178906,LOIRE aval,58,Nièvre,SUP,crise,Crise,4,2026-08-17,2026-11-30,58-2026-08-13-00003,"<b>Eaux de surface</b><br><span style=""background:maroon;color:#fff;padding:2px 7px;border-radius:4px;font-weight:bold;font-size:0.85em"">Crise</span><br>du 17 août 2026 au 30 nov. 2026<br><small>Zone : LOIRE aval</small>",3 oct. 2026
6178902,YONNE amont,58,Nièvre,SUP,crise,Crise,4,2026-08-17,2026-11-30,58-2026-08-13-00003,"<b>Eaux de surface</b><br><span style=""background:maroon;color:#fff;padding:2px 7px;border-radius:4px;font-weight:bold;font-size:0.85em"">Crise</span><br>du 17 août 2026 au 30 nov. 2026<br><small>Zone : YONNE amont</small>",3 oct. 2026
6178900,DRAGNE,58,Nièvre,SUP,crise,Crise,4,2026-08-17,2026-11-30,58-2026-08-13-00003,"<b>Eaux de surface</b><br><span style=""background:maroon;color:#fff;padding:2px 7px;border-radius:4px;font-weight:bold;font-size:0.85em"">Crise</span><br>du 17 août 2026 au 30 nov. 2026<br><small>Zone : DRAGNE</small>",3 oct. 2026
6178901,IXEURE - CANNE,58,Nièvre,SUP,crise,Crise,4,2026-08-17,2026-11-30,58-2026-08-13-00003,"<b>Eaux de surface</b><br><span style=""background:maroon;color:#fff;padding:2px 7px;border-radius:4px;font-weight:bold;font-size:0.85em"">Crise</span><br>du 17 août 2026 au 30 nov. 2026<br><small>Zone : IXEURE - CANNE</small>",3 oct. 2026
6178910,ALENE - CRESSONNE,58,Nièvre,SUP,crise,Crise,4,2026-08-17,2026-11-30,58-2026-08-13-00003,"<b>Eaux de surface</b><br><span style=""background:maroon;color:#fff;padding:2px 7px;border-radius:4px;font-weight:bold;font-size:0.85em"">Crise</span><br>du 17 août 2026 au 30 nov. 2026<br><small>Zone : ALENE - CRESSONNE</small>",3 oct. 2026
6178912,CHALAUX - CURE,58,Nièvre,SUP,crise,Crise,4,2026-08-17,2026-11-30,58-2026-08-13-00003,"<b>Eaux de surface</b><br><span style=""background:maroon;color:#fff;padding:2px 7px;border-radius:4px;font-weight:bold;font-size:0.85em"">Crise</span><br>du 17 août 2026 au 30 nov. 2026<br><small>Zone : CHALAUX - CURE</small>",3 oct. 2026
6178911,NIEVRE,58,Nièvre,SUP,crise,Crise,4,2026-08-17,2026-11-30,58-2026-08-13-00003,"<b>Eaux de surface</b><br><span style=""background:maroon;color:#fff;padding:2px 7px;border-radius:4px;font-weight:bold;font-size:0.85em"">Crise</span><br>du 17 août 2026 au 30 nov. 2026<br><small>Zone : NIEVRE</small>",3 oct. 2026
6178913,ACOLIN - COLATRE,58,Nièvre,SUP,crise,Crise,4,2026-08-17,2026-11-30,58-2026-08-13-00003,"<b>Eaux de surface</b><br><span style=""background:maroon;color:#fff;padding:2px 7px;border-radius:4px;font-weight:bold;font-size:0.85em"">Crise</span><br>du 17 août 2026 au 30 nov. 2026<br><small>Zone : ACOLIN - COLATRE</small>",3 oct. 2026
6178903,VRILLE,58,Nièvre,SUP,crise,Crise,4,2026-08-17,2026-11-30,58-2026-08-13-00003,"<b>Eaux de surface</b><br><span style=""background:maroon;color:#fff;padding:2px 7px;border-radius:4px;font-weight:bold;font-size:0.85em"">Crise</span><br>du 17 août 2026 au 30 nov. 2026<br><small>Zone : VRILLE</small>",3 oct. 2026
6178904,ARON vallée,58,Nièvre,SUP,crise,Crise,4,2026-08-17,2026-11-30,58-2026-08-13-00003,"<b>Eaux de surface</b><br><span style=""background:maroon;color:#fff;padding:2px 7px;border-radius:4px;font-weight:bold;font-size:0.85em"">Crise</span><br>du 17 août 2026 au 30 nov. 2026<br><small>Zone : ARON vallée</small>",3 oct. 2026
6178908,LOIRE amont,58,Nièvre,SUP,crise,Crise,4,2026-08-17,2026-11-30,58-2026-08-13-00003,"<b>Eaux de surface</b><br><span style=""background:maroon;color:#fff;padding:2px 7px;border-radius:4px;font-weight:bold;font-size:0.85em"">Crise</span><br>du 17 août 2026 au 30 nov. 2026<br><small>Zone : LOIRE amont</small>",3 oct. 2026
6179242,Bassin versant de l'Yser,59,Nord,SUP,crise,Crise,4,2026-08-15,2026-10-31,Arrêté préfectoral du 14 août 2026,"<b>Eaux de surface</b><br><span style=""background:maroon;color:#fff;padding:2px 7px;border-radius:4px;font-weight:bold;font-size:0.85em"">Crise</span><br>du 15 août 2026 au 31 oct. 2026<br><small>Zone : Bassin versant de l'Yser</small>",3 oct. 2026
6176253,Paladru-Fure,38,Isère,SUP,crise,Crise,4,2026-09-30,2026-10-31,38-2026-09-28-00012 [Isère],"<b>Eaux de surface</b><br><span style=""background:maroon;color:#fff;padding:2px 7px;border-radius:4px;font-weight:bold;font-size:0.85em"">Crise</span><br>du 30 sept. 2026 au 31 oct. 2026<br><small>Zone : Paladru-Fure</small>",3 oct. 2026
6176944,Haute chaîne,39,Jura,SUP,crise,Crise,4,2026-09-25,2026-12-25,39-2026-09-25-0001,"<b>Eaux de surface</b><br><span style=""background:maroon;color:#fff;padding:2px 7px;border-radius:4px;font-weight:bold;font-size:0.85em"">Crise</span><br>du 25 sept. 2026 au 25 déc. 2026<br><small>Zone : Haute chaîne</small>",3 oct. 2026
6176945,Nord Jura,39,Jura,SUP,crise,Crise,4,2026-09-25,2026-12-25,39-2026-09-25-0001,"<b>Eaux de surface</b><br><span style=""background:maroon;color:#fff;padding:2px 7px;border-radius:4px;font-weight:bold;font-size:0.85em"">Crise</span><br>du 25 sept. 2026 au 25 déc. 2026<br><small>Zone : Nord Jura</small>",3 oct. 2026
6176949,Plateau calcaire,39,Jura,SUP,crise,Crise,4,2026-09-25,2026-12-25,39-2026-09-25-0001,"<b>Eaux de surface</b><br><span style=""background:maroon;color:#fff;padding:2px 7px;border-radius:4px;font-weight:bold;font-size:0.85em"">Crise</span><br>du 25 sept. 2026 au 25 déc. 2026<br><small>Zone : Plateau calcaire</small>",3 oct. 2026
6176950,Seille,39,Jura,SUP,crise,Crise,4,2026-09-25,2026-12-25,39-2026-09-25-0001,"<b>Eaux de surface</b><br><span style=""background:maroon;color:#fff;padding:2px 7px;border-radius:4px;font-weight:bold;font-size:0.85em"">Crise</span><br>du 25 sept. 2026 au 25 déc. 2026<br><small>Zone : Seille</small>",3 oct. 2026
6177062,Bas-Bahus réalimenté Miramont,40,Landes,SUP,crise,Crise,4,2026-10-03,2026-10-31,AP ACI ADOUR 2026-1275,"<b>Eaux de surface</b><br><span style=""background:maroon;color:#fff;padding:2px 7px;border-radius:4px;font-weight:bold;font-size:0.85em"">Crise</span><br>du 3 oct. 2026 au 31 oct. 2026<br><small>Zone : Bas-Bahus réalimenté Miramont</small>",3 oct. 2026
6177077,Douze - Réalimentation Cazaubon,40,Landes,SUP,crise,Crise,4,2026-10-03,2026-10-31,AP ACI ADOUR 2026-1275,"<b>Eaux de surface</b><br><span style=""background:maroon;color:#fff;padding:2px 7px;border-radius:4px;font-weight:bold;font-size:0.85em"">Crise</span><br>du 3 oct. 2026 au 31 oct. 2026<br><small>Zone : Douze - Réalimentation Cazaubon</small>",3 oct. 2026
6176980,Bassin du Gave de Pau-40,40,Landes,SUP,crise,Crise,4,2026-09-25,2026-10-31,AP ACI GAVES 2026-1247,"<b>Eaux de surface</b><br><span style=""background:maroon;color:#fff;padding:2px 7px;border-radius:4px;font-weight:bold;font-size:0.85em"">Crise</span><br>du 25 sept. 2026 au 31 oct. 2026<br><small>Zone : Bassin du Gave de Pau-40</small>",3 oct. 2026
